Task ID,Occupation (O*NET-SOC Title),Task,User ID,Date,Automation Capacity Rating,Physical Action Requirement,Involved Uncertainty,Domain Expertise Requirement,Interpersonal Communication Requirement,Human Agency Scale Rating
3226,Advertising and Promotions Managers,"Inspect layouts and advertising copy, and edit scripts, audio, video, and other promotional material for adherence to specifications.",RedTiger,2025-03-16,4.0,1.0,1.0,2.0,1.0,2.0
21567,Appraisers and Assessors of Real Estate,Verify legal descriptions of properties by comparing them to county records.,YellowZebra,2025-03-16,3.0,1.0,2.0,4.0,1.0,2.0
11293,Loan Interviewers and Clerks,"Assemble and compile documents for loan closings, such as title abstracts, insurance forms, loan forms, and tax receipts.",GrayLion,2025-03-17,5.0,1.0,1.0,2.0,1.0,1.0
11296,Loan Interviewers and Clerks,"Record applications for loan and credit, loan information, and disbursements of funds, using computers.",GrayLion,2025-03-17,5.0,1.0,1.0,1.0,1.0,1.0
11305,Loan Interviewers and Clerks,Submit loan applications with recommendation for underwriting approval.,GrayLion,2025-03-17,4.0,1.0,3.0,2.0,1.0,2.0
11302,Loan Interviewers and Clerks,File and maintain loan records.,GrayLion,2025-03-18,2.0,3.0,3.0,3.0,3.0,2.0
11301,Loan Interviewers and Clerks,"Contact credit bureaus, employers, and other sources to check applicants' credit and personal references.",GrayLion,2025-03-18,2.0,2.0,3.0,3.0,3.0,2.0
11297,Loan Interviewers and Clerks,"Prepare and type loan applications, closing documents, legal documents, letters, forms, government notices, and checks, using computers.",GrayLion,2025-03-18,3.0,1.0,2.0,4.0,1.0,2.0
11307,Loan Interviewers and Clerks,Review customer accounts to determine whether payments are made on time and that other loan terms are being followed.,GrayLion,2025-03-18,3.0,1.0,1.0,2.0,1.0,1.0
11299,Loan Interviewers and Clerks,"Calculate, review, and correct errors on interest, principal, payment, and closing costs, using computers or calculators.",GrayLion,2025-03-18,3.0,1.0,3.0,3.0,1.0,2.0
11298,Loan Interviewers and Clerks,Present loan and repayment schedules to customers.,GrayLion,2025-03-18,3.0,1.0,3.0,3.0,4.0,2.0
11306,Loan Interviewers and Clerks,Order property insurance or mortgage insurance policies to ensure protection against loss on mortgaged property.,GrayLion,2025-03-18,2.0,2.0,4.0,4.0,2.0,3.0
3970,Technical Writers,"Review published materials and recommend revisions or changes in scope, format, content, and methods of reproduction and binding.",BrownFox,2025-03-18,4.0,3.0,3.0,3.0,3.0,3.0
20910,Proofreaders and Copy Markers,"Typeset and measure dimensions, spacing, and positioning of page elements, such as copy and illustrations, to verify conformance to specifications, using printer's ruler or layout software.",GreenTurtle,2025-03-19,5.0,1.0,1.0,1.0,1.0,1.0
9788,Statistical Assistants,"Compute and analyze data, using statistical formulas and computers or calculators.",GreenTurtle,2025-03-19,4.0,1.0,2.0,4.0,1.0,2.0
9792,Statistical Assistants,Check source data to verify completeness and accuracy.,GreenTurtle,2025-03-19,5.0,1.0,1.0,1.0,1.0,1.0
9789,Statistical Assistants,Enter data into computers for use in analyses or reports.,GreenTurtle,2025-03-19,5.0,1.0,1.0,1.0,1.0,1.0
9791,Statistical Assistants,"Compile reports, charts, or graphs that describe and interpret findings of analyses.",GreenTurtle,2025-03-19,4.0,1.0,1.0,2.0,1.0,2.0
22655,Writers and Authors,Vary language and tone of messages based on product and medium.,BrownFox,2025-03-19,4.0,1.0,1.0,2.0,1.0,2.0
22654,Writers and Authors,Present drafts and ideas to clients.,BrownFox,2025-03-19,3.0,3.0,1.0,3.0,5.0,3.0
22660,Writers and Authors,"Review advertising trends, consumer surveys, and other data regarding marketing of goods and services to determine the best way to promote products.",BrownFox,2025-03-19,5.0,1.0,1.0,2.0,1.0,2.0
22657,Writers and Authors,"Write articles, bulletins, sales letters, speeches, and other related informative, marketing and promotional material.",BrownFox,2025-03-19,4.0,1.0,1.0,2.0,1.0,2.0
22658,Writers and Authors,Conduct research and interviews to determine which of a product's selling features should be promoted.,BrownFox,2025-03-19,4.0,1.0,3.0,3.0,1.0,2.0
2771,Executive Secretaries and Executive Administrative Assistants,"Prepare invoices, reports, memos, letters, financial statements, and other documents, using word processing, spreadsheet, database, or presentation software.",BlackDeer,2025-03-20,3.0,4.0,5.0,2.0,4.0,4.0
2776,Executive Secretaries and Executive Administrative Assistants,Prepare responses to correspondence containing routine inquiries.,BlackDeer,2025-03-20,3.0,4.0,4.0,3.0,4.0,3.0
2773,Executive Secretaries and Executive Administrative Assistants,"Open, sort, and distribute incoming correspondence, including faxes and email.",BlackDeer,2025-03-20,3.0,4.0,4.0,4.0,4.0,3.0
18575,Executive Secretaries and Executive Administrative Assistants,"Prepare agendas and make arrangements, such as coordinating catering for luncheons, for committee, board, and other meetings.",BlackDeer,2025-03-20,4.0,4.0,2.0,2.0,3.0,2.0
2780,Executive Secretaries and Executive Administrative Assistants,"Conduct research, compile data, and prepare papers for consideration and presentation by executives, committees, and boards of directors.",BlackDeer,2025-03-20,4.0,2.0,2.0,2.0,2.0,2.0
18574,Executive Secretaries and Executive Administrative Assistants,"Perform general office duties, such as ordering supplies, maintaining records management database systems, and performing basic bookkeeping work.",BlackDeer,2025-03-20,2.0,2.0,2.0,2.0,2.0,3.0
8655,Court Reporters and Simultaneous Captioners,"Record verbatim proceedings of courts, legislative assemblies, committee meetings, and other proceedings, using computerized recording equipment, electronic stenograph machines, or stenomasks.",BrownFox,2025-03-21,4.0,2.0,3.0,3.0,2.0,2.0
21183,Court Reporters and Simultaneous Captioners,Proofread transcripts for correct spelling of words.,BrownFox,2025-03-21,4.0,2.0,3.0,3.0,2.0,2.0
8654,Court Reporters and Simultaneous Captioners,"Provide transcripts of proceedings upon request of judges, lawyers, or the public.",BrownFox,2025-03-21,5.0,1.0,1.0,4.0,2.0,2.0
8656,Court Reporters and Simultaneous Captioners,Transcribe recorded proceedings in accordance with established formats.,BrownFox,2025-03-21,5.0,1.0,1.0,2.0,1.0,1.0
8659,Court Reporters and Simultaneous Captioners,File and store shorthand notes of court session.,BrownFox,2025-03-21,5.0,1.0,1.0,2.0,2.0,1.0
8658,Court Reporters and Simultaneous Captioners,File a legible transcript of records of a court case with the court clerk's office.,BrownFox,2025-03-21,5.0,1.0,1.0,2.0,1.0,1.0
8663,Court Reporters and Simultaneous Captioners,Record symbols on computer storage media and use computer aided transcription to translate and display them as text.,BrownFox,2025-03-21,5.0,1.0,1.0,1.0,1.0,1.0
21185,Court Reporters and Simultaneous Captioners,Type court orders for judges.,BrownFox,2025-03-21,5.0,1.0,1.0,2.0,1.0,1.0
3990,Audio and Video Technicians,"Compress, digitize, duplicate, and store audio and video data.",BrownFox,2025-03-21,5.0,1.0,1.0,2.0,1.0,2.0
3987,Audio and Video Technicians,"Switch sources of video input from one camera or studio to another, from film to live programming, or from network to local programming.",BrownFox,2025-03-21,5.0,1.0,1.0,2.0,1.0,1.0
3981,Audio and Video Technicians,Monitor incoming and outgoing pictures and sound feeds to ensure quality and notify directors of any possible problems.,BrownFox,2025-03-21,3.0,4.0,4.0,4.0,3.0,4.0
3982,Audio and Video Technicians,Mix and regulate sound inputs and feeds or coordinate audio feeds with television pictures.,BrownFox,2025-03-21,5.0,1.0,1.0,2.0,1.0,2.0
18651,Audio and Video Technicians,"Reserve audio-visual equipment and facilities, such as meeting rooms.",BrownFox,2025-03-21,5.0,1.0,1.0,1.0,1.0,1.0
3996,Audio and Video Technicians,"Determine formats, approaches, content, levels, and mediums to effectively meet objectives within budgetary constraints, using research, knowledge, and training.",BrownFox,2025-03-22,5.0,1.0,1.0,1.0,1.0,1.0
3992,Audio and Video Technicians,Edit videotapes by erasing and removing portions of programs and adding video or sound as required.,BrownFox,2025-03-22,5.0,1.0,1.0,1.0,1.0,1.0
4000,Audio and Video Technicians,Produce rough and finished graphics and graphic designs.,BrownFox,2025-03-22,3.0,3.0,3.0,3.0,3.0,4.0
4001,Audio and Video Technicians,"Locate and secure settings, properties, effects, and other production necessities.",BrownFox,2025-03-22,5.0,1.0,1.0,1.0,1.0,2.0
18652,Audio and Video Technicians,Analyze and maintain data logs for audio-visual activities.,BrownFox,2025-03-22,5.0,1.0,1.0,1.0,1.0,1.0
18653,Broadcast Technicians,Monitor and log transmitter readings.,BrownFox,2025-03-22,5.0,1.0,1.0,1.0,1.0,1.0
4007,Broadcast Technicians,Maintain programming logs as required by station management and the Federal Communications Commission.,BrownFox,2025-03-22,4.0,2.0,2.0,3.0,3.0,3.0
4009,Broadcast Technicians,"Monitor strength, clarity, and reliability of incoming and outgoing signals, and adjust equipment as necessary to maintain quality broadcasts.",BrownFox,2025-03-22,4.0,1.0,1.0,1.0,2.0,2.0
4012,Broadcast Technicians,Preview scheduled programs to ensure that signals are functioning and programs are ready for transmission.,BrownFox,2025-03-22,4.0,2.0,2.0,3.0,3.0,3.0
18654,Broadcast Technicians,"Play and record broadcast programs, using automation systems.",BrownFox,2025-03-22,5.0,1.0,1.0,1.0,1.0,1.0
18655,Broadcast Technicians,"Set up, operate, and maintain broadcast station computers and networks.",BrownFox,2025-03-22,3.0,3.0,3.0,3.0,3.0,3.0
4013,Broadcast Technicians,Select sources from which programming will be received or through which programming will be transmitted.,BrownFox,2025-03-22,2.0,4.0,4.0,4.0,3.0,4.0
4008,Broadcast Technicians,Control audio equipment to regulate volume and sound quality during radio and television broadcasts.,BrownFox,2025-03-22,5.0,1.0,1.0,1.0,1.0,1.0
4026,Broadcast Technicians,Design and modify equipment to employer specifications.,BrownFox,2025-03-23,2.0,4.0,4.0,4.0,4.0,4.0
4021,Broadcast Technicians,Schedule programming or read television programming logs to determine which programs are to be recorded or aired.,BrownFox,2025-03-23,5.0,1.0,1.0,1.0,1.0,2.0
4022,Broadcast Technicians,"Edit broadcast material electronically, using computers.",BrownFox,2025-03-23,3.0,3.0,3.0,4.0,4.0,3.0
18658,Broadcast Technicians,Develop employee work schedules.,BrownFox,2025-03-23,5.0,1.0,1.0,1.0,1.0,1.0
18657,Broadcast Technicians,Make commercial dubs.,BrownFox,2025-03-23,3.0,3.0,3.0,3.0,3.0,3.0
4027,Broadcast Technicians,"Prepare reports outlining past and future programs, including content.",BrownFox,2025-03-23,4.0,2.0,2.0,3.0,2.0,2.0
7729,Sound Engineering Technicians,"Separate instruments, vocals, and other sounds, and combine sounds during the mixing or postproduction stage.",BrownFox,2025-03-23,5.0,1.0,1.0,1.0,1.0,1.0
7730,Sound Engineering Technicians,Keep logs of recordings.,BrownFox,2025-03-23,5.0,1.0,1.0,1.0,1.0,1.0
7725,Sound Engineering Technicians,"Mix and edit voices, music, and taped sound effects for live performances and for prerecorded events, using sound mixing boards.",BrownFox,2025-03-23,4.0,2.0,2.0,3.0,2.0,2.0
1483,Mechanical Engineering Technologists and Technicians,Evaluate tool drawing designs by measuring drawing dimensions and comparing with original specifications for form and function using engineering skills.,WhiteHorse,2025-03-23,2.0,5.0,3.0,3.0,2.0,2.0
1474,Mechanical Engineering Technologists and Technicians,Prepare parts sketches and write work orders and purchase requests to be furnished by outside contractors.,WhiteHorse,2025-03-23,2.0,5.0,3.0,3.0,3.0,2.0
1488,Mechanical Engineering Technologists and Technicians,"Estimate cost factors including labor and material for purchased and fabricated parts and costs for assembly, testing, or installing.",WhiteHorse,2025-03-23,1.0,2.0,4.0,5.0,5.0,4.0
8961,Statisticians,"Design research projects that apply valid scientific techniques, and use information obtained from baselines or historical data to structure uncompromised and efficient analyses.",OrangeWolf,2025-03-24,1.0,1.0,3.0,3.0,4.0,4.0
16265,Biostatisticians,"Analyze clinical or survey data, using statistical approaches such as longitudinal analysis, mixed-effect modeling, logistic regression analyses, and model-building techniques.",OrangeWolf,2025-03-24,1.0,2.0,1.0,3.0,3.0,4.0
16246,Biostatisticians,Calculate sample size requirements for clinical studies.,OrangeWolf,2025-03-24,3.0,1.0,1.0,1.0,1.0,2.0
7726,Sound Engineering Technicians,"Synchronize and equalize prerecorded dialogue, music, and sound effects with visual action of motion pictures or television productions, using control consoles.",BrownFox,2025-03-24,4.0,3.0,3.0,5.0,3.0,4.0
7728,Sound Engineering Technicians,"Reproduce and duplicate sound recordings from original recording media, using sound editing and duplication equipment.",BrownFox,2025-03-24,5.0,1.0,1.0,1.0,1.0,1.0
18661,Sound Engineering Technicians,Convert video and audio recordings into digital formats for editing or archiving.,BrownFox,2025-03-24,5.0,1.0,1.0,1.0,1.0,1.0
7731,Sound Engineering Technicians,"Create musical instrument digital interface programs for music projects, commercials, or film postproduction.",BrownFox,2025-03-24,5.0,1.0,1.0,1.0,1.0,1.0
20558,Photographers,"Transfer photographs to computers for editing, archiving, and electronic transmission.",BrownFox,2025-03-24,5.0,1.0,1.0,1.0,1.0,1.0
9352,Photographers,"Manipulate and enhance scanned or digital images to create desired effects, using computers and specialized software.",BrownFox,2025-03-24,5.0,1.0,1.0,1.0,1.0,1.0
9357,Photographers,"Enhance, retouch, and resize photographs and negatives, using airbrushing and other techniques.",BrownFox,2025-03-24,5.0,1.0,1.0,1.0,2.0,2.0
9351,Photographers,"Estimate or measure light levels, distances, and numbers of exposures needed, using measuring devices and formulas.",BrownFox,2025-03-24,5.0,1.0,1.0,1.0,1.0,1.0
9354,Photographers,"Perform general office duties, such as scheduling appointments, keeping books, and ordering supplies.",BrownFox,2025-03-24,5.0,1.0,1.0,1.0,1.0,1.0
1483,Mechanical Engineering Technologists and Technicians,Evaluate tool drawing designs by measuring drawing dimensions and comparing with original specifications for form and function using engineering skills.,BlackCat,2025-03-24,3.0,2.0,4.0,4.0,2.0,2.0
1474,Mechanical Engineering Technologists and Technicians,Prepare parts sketches and write work orders and purchase requests to be furnished by outside contractors.,BlackCat,2025-03-24,3.0,2.0,4.0,4.0,3.0,3.0
23198,"Securities, Commodities, and Financial Services Sales Agents",Report all positions or trading results.,BrownFox,2025-04-01,5.0,2.0,2.0,3.0,5.0,2.0
1488,Mechanical Engineering Technologists and Technicians,"Estimate cost factors including labor and material for purchased and fabricated parts and costs for assembly, testing, or installing.",BlackCat,2025-03-24,3.0,2.0,4.0,4.0,3.0,3.0
16606,Automotive Engineering Technicians,"Document test results, using cameras, spreadsheets, documents, or other tools.",BlackCat,2025-03-24,1.0,4.0,4.0,4.0,2.0,5.0
16602,Automotive Engineering Technicians,"Read and interpret blueprints, schematics, work specifications, drawings, or charts.",BlackCat,2025-03-24,4.0,2.0,4.0,4.0,2.0,2.0
16601,Automotive Engineering Technicians,"Monitor computer-controlled test equipment, according to written or verbal instructions.",BlackCat,2025-03-24,1.0,5.0,5.0,5.0,2.0,5.0
16608,Automotive Engineering Technicians,"Analyze test data for automotive systems, subsystems, or component parts.",BlackCat,2025-03-24,3.0,3.0,4.0,4.0,2.0,2.0
16598,Automotive Engineering Technicians,"Order new test equipment, supplies, or replacement parts.",BlackCat,2025-03-24,3.0,3.0,4.0,4.0,5.0,3.0
16610,Automotive Engineering Technicians,"Recommend product or component design improvements, based on test data or observations.",BlackCat,2025-03-24,3.0,2.0,4.0,4.0,3.0,3.0
16600,Automotive Engineering Technicians,"Recommend tests or testing conditions in accordance with designs, customer requirements, or industry standards to ensure test validity.",BlackCat,2025-03-24,3.0,3.0,4.0,5.0,2.0,3.0
19698,Automotive Engineering Technicians,"Participate in research or testing of computerized automotive applications, such as telemetrics, intelligent transportation systems, artificial intelligence, or automatic control.",BlackCat,2025-03-24,1.0,5.0,5.0,5.0,4.0,5.0
22104,Surveying and Mapping Technicians,"Check all layers of maps to ensure accuracy, identifying and marking errors and making corrections.",BlackCat,2025-03-24,2.0,4.0,2.0,4.0,2.0,4.0
22105,Surveying and Mapping Technicians,Design or develop information databases that include geographic or topographic data.,BlackCat,2025-03-24,4.0,4.0,2.0,3.0,2.0,2.0
22106,Surveying and Mapping Technicians,"Monitor mapping work or the updating of maps to ensure accuracy, inclusion of new or changed information, or compliance with rules and regulations.",BlackCat,2025-03-24,3.0,2.0,3.0,4.0,3.0,3.0
22107,Surveying and Mapping Technicians,"Produce or update overlay maps to show information boundaries, water locations, or topographic features on various base maps or at different scales.",BlackCat,2025-03-24,4.0,2.0,2.0,4.0,2.0,2.0
22110,Surveying and Mapping Technicians,Identify and compile database information to create requested maps.,BlackCat,2025-03-24,3.0,3.0,2.0,4.0,2.0,3.0
22111,Surveying and Mapping Technicians,"Operate and manage land-information computer systems, performing tasks such as storing data, making inquiries, and producing plots and reports.",BlackCat,2025-03-24,4.0,2.0,3.0,3.0,3.0,2.0
22112,Surveying and Mapping Technicians,Compare survey computations with applicable standards to determine adequacy of data.,BlackCat,2025-03-24,3.0,2.0,3.0,4.0,2.0,3.0
22113,Surveying and Mapping Technicians,"Analyze aerial photographs to detect and interpret significant military, industrial, resource, or topographical data.",BlackCat,2025-03-24,4.0,2.0,2.0,4.0,2.0,2.0
22114,Surveying and Mapping Technicians,"Research and combine existing property information to describe property boundaries in relation to adjacent properties, taking into account parcel splits, combinations, or land boundary adjustments.",BlackCat,2025-03-24,3.0,2.0,4.0,4.0,2.0,3.0
22115,Surveying and Mapping Technicians,"Calculate latitudes, longitudes, angles, areas, or other information for mapmaking, using survey field notes or reference tables.",BlackCat,2025-03-24,3.0,3.0,4.0,4.0,1.0,3.0
22116,Surveying and Mapping Technicians,"Compare topographical features or contour lines with images from aerial photographs, old maps, or other reference materials to verify the accuracy of their identification.",BlackCat,2025-03-24,2.0,3.0,4.0,4.0,2.0,4.0
22117,Surveying and Mapping Technicians,Trace contours or topographic details to generate maps that denote specific land or property locations or geographic attributes.,BlackCat,2025-03-24,3.0,2.0,3.0,4.0,2.0,3.0
22120,Surveying and Mapping Technicians,"Answer questions and provide information to the public or to staff members regarding assessment maps, surveys, boundaries, easements, property ownership, roads, zoning, or similar matters.",BlackCat,2025-03-24,3.0,3.0,3.0,3.0,4.0,4.0
16786,Bioinformatics Scientists,Develop new software applications or customize existing applications to meet specific scientific project needs.,BlackCat,2025-03-24,4.0,2.0,2.0,5.0,2.0,2.0
16790,Bioinformatics Scientists,Create novel computational approaches and analytical tools as required by research goals.,BlackCat,2025-03-24,4.0,2.0,3.0,5.0,2.0,2.0
16795,Bioinformatics Scientists,"Analyze large molecular datasets, such as raw microarray data, genomic sequence data, or proteomics data, for clinical or basic research purposes.",BlackCat,2025-03-24,4.0,3.0,3.0,5.0,2.0,2.0
16791,Bioinformatics Scientists,"Compile data for use in activities, such as gene expression profiling, genome annotation, or structural bioinformatics.",BlackCat,2025-03-24,4.0,2.0,3.0,5.0,2.0,2.0
16793,Bioinformatics Scientists,"Manipulate publicly accessible, commercial, or proprietary genomic, proteomic, or post-genomic databases.",BlackCat,2025-03-24,4.0,2.0,3.0,5.0,2.0,2.0
16788,Bioinformatics Scientists,Create or modify web-based bioinformatics tools.,BlackCat,2025-03-24,4.0,2.0,3.0,5.0,2.0,2.0
16783,Bioinformatics Scientists,Instruct others in the selection and use of bioinformatics tools.,BlackCat,2025-03-24,3.0,3.0,4.0,5.0,4.0,4.0
16807,Molecular and Cellular Biologists,Maintain accurate laboratory records and data.,BlackCat,2025-03-24,3.0,3.0,4.0,5.0,2.0,3.0
23905,Molecular and Cellular Biologists,"Prepare or review reports, manuscripts, or meeting presentations.",BlackCat,2025-03-24,3.0,3.0,4.0,5.0,2.0,3.0
16808,Molecular and Cellular Biologists,Instruct undergraduate and graduate students within the areas of cellular or molecular biology.,BlackCat,2025-03-24,2.0,4.0,3.0,5.0,5.0,5.0
16814,Molecular and Cellular Biologists,Compile and analyze molecular or cellular experimental data and adjust experimental designs as necessary.,BlackCat,2025-03-24,3.0,2.0,3.0,5.0,2.0,3.0
16809,Molecular and Cellular Biologists,Evaluate new technologies to enhance or complement current research.,BlackCat,2025-03-24,4.0,2.0,2.0,5.0,2.0,2.0
9068,Atmospheric and Space Scientists,"Broadcast weather conditions, forecasts, or severe weather warnings to the public via television, radio, or the Internet or provide this information to the news media.",BlackCat,2025-03-24,3.0,2.0,3.0,4.0,2.0,3.0
9069,Atmospheric and Space Scientists,"Gather data from sources such as surface or upper air stations, satellites, weather bureaus, or radar for use in meteorological reports or forecasts.",BlackCat,2025-03-24,3.0,2.0,4.0,4.0,2.0,3.0
20208,Atmospheric and Space Scientists,Develop or use mathematical or computer models for weather forecasting.,BlackCat,2025-03-24,3.0,2.0,3.0,5.0,2.0,3.0
20206,Atmospheric and Space Scientists,"Prepare weather reports or maps for analysis, distribution, or use in weather broadcasts, using computer graphics.",BlackCat,2025-03-24,4.0,2.0,3.0,4.0,2.0,2.0
20209,Atmospheric and Space Scientists,"Interpret data, reports, maps, photographs, or charts to predict long- or short-range weather conditions, using computer models and knowledge of climate theory, physics, and mathematics.",BlackCat,2025-03-24,2.0,2.0,4.0,5.0,3.0,4.0
19759,Atmospheric and Space Scientists,"Formulate predictions by interpreting environmental data, such as meteorological, atmospheric, oceanic, paleoclimate, climate, or related information.",BlackCat,2025-03-24,2.0,3.0,4.0,5.0,2.0,4.0
9070,Atmospheric and Space Scientists,"Prepare forecasts or briefings to meet the needs of industry, business, government, or other groups.",BlackCat,2025-03-24,2.0,2.0,4.0,5.0,3.0,4.0
9079,Atmospheric and Space Scientists,Conduct numerical simulations of climate conditions to understand and predict global or regional weather patterns.,BlackCat,2025-03-24,4.0,2.0,4.0,5.0,2.0,2.0
20210,Atmospheric and Space Scientists,"Conduct meteorological research into the processes or determinants of atmospheric phenomena, weather, or climate.",BlackCat,2025-03-24,2.0,3.0,4.0,5.0,3.0,4.0
16849,Climate Change Policy Analysts,"Provide analytical support for policy briefs related to renewable energy, energy efficiency, or climate change.",BlackCat,2025-03-24,1.0,4.0,4.0,4.0,4.0,5.0
16854,Climate Change Policy Analysts,"Analyze and distill climate-related research findings to inform legislators, regulatory agencies, or other stakeholders.",BlackCat,2025-03-24,1.0,4.0,4.0,4.0,5.0,5.0
16851,Climate Change Policy Analysts,"Make legislative recommendations related to climate change or environmental management, based on climate change policies, principles, programs, practices, and processes.",BlackCat,2025-03-24,2.0,3.0,5.0,5.0,3.0,4.0
806,Word Processors and Typists,"Work with technical material, preparing statistical reports, planning and typing statistical tables, and combining and rearranging material from different sources.",BrownKangaroo,2025-04-06,4.0,1.0,2.0,3.0,1.0,2.0
2817,Desktop Publishers,"View monitors for visual representation of work in progress and for instructions and feedback throughout process, making modifications as necessary.",BrownKangaroo,2025-04-06,2.0,3.0,3.0,3.0,4.0,4.0
16265,Biostatisticians,"Analyze clinical or survey data, using statistical approaches such as longitudinal analysis, mixed-effect modeling, logistic regression analyses, and model-building techniques.",PurpleBear,2025-03-24,4.0,1.0,4.0,4.0,2.0,3.0
16246,Biostatisticians,Calculate sample size requirements for clinical studies.,PurpleBear,2025-03-24,4.0,1.0,3.0,4.0,1.0,1.0
16252,Biostatisticians,Prepare tables and graphs to present clinical data or results.,PurpleBear,2025-03-24,4.0,1.0,3.0,4.0,2.0,4.0
16249,Biostatisticians,Write program code to analyze data with statistical analysis software.,PurpleBear,2025-03-24,4.0,1.0,3.0,4.0,2.0,4.0
16262,Biostatisticians,Review clinical or other medical research protocols and recommend appropriate statistical analyses.,PurpleBear,2025-03-24,2.0,1.0,4.0,4.0,3.0,5.0
16247,Biostatisticians,"Determine project plans, timelines, or technical objectives for statistical aspects of biological research studies.",PurpleBear,2025-03-24,2.0,1.0,4.0,5.0,3.0,5.0
16248,Biostatisticians,Assign work to biostatistical assistants or programmers.,PurpleBear,2025-03-24,2.0,2.0,3.0,4.0,5.0,5.0
16150,Business Intelligence Analysts,"Generate standard or custom reports summarizing business, financial, or economic data for review by executives, managers, clients, and other stakeholders.",PurpleBear,2025-03-24,3.0,1.0,3.0,3.0,4.0,4.0
16135,Business Intelligence Analysts,"Maintain library of model documents, templates, or other reusable knowledge assets.",PurpleBear,2025-03-24,2.0,1.0,2.0,3.0,2.0,3.0
16140,Business Intelligence Analysts,Manage timely flow of business intelligence information to users.,PurpleBear,2025-03-24,2.0,1.0,3.0,3.0,4.0,4.0
16146,Business Intelligence Analysts,"Collect business intelligence data from available industry reports, public information, field reports, or purchased sources.",PurpleBear,2025-03-24,2.0,1.0,2.0,3.0,3.0,4.0
16136,Business Intelligence Analysts,"Identify or monitor current and potential customers, using business intelligence tools.",PurpleBear,2025-03-24,3.0,1.0,3.0,3.0,2.0,3.0
16143,Business Intelligence Analysts,"Disseminate information regarding tools, reports, or metadata enhancements.",PurpleBear,2025-03-24,3.0,1.0,3.0,3.0,4.0,3.0
16284,Clinical Data Managers,"Process clinical data, including receipt, entry, verification, or filing of information.",PurpleBear,2025-03-24,3.0,2.0,4.0,3.0,2.0,2.0
16280,Clinical Data Managers,"Generate data queries, based on validation checks or errors and omissions identified during data entry, to resolve identified problems.",PurpleBear,2025-03-24,3.0,1.0,4.0,4.0,2.0,4.0
16279,Clinical Data Managers,Monitor work productivity or quality to ensure compliance with standard operating procedures.,PurpleBear,2025-03-24,2.0,2.0,3.0,2.0,4.0,2.0
16277,Clinical Data Managers,"Prepare data analysis listings and activity, performance, or progress reports.",PurpleBear,2025-03-24,3.0,1.0,4.0,4.0,2.0,4.0
16283,Clinical Data Managers,Analyze clinical data using appropriate statistical tools.,PurpleBear,2025-03-24,3.0,1.0,4.0,4.0,2.0,4.0
16270,Clinical Data Managers,Develop technical specifications for data management programming and communicate needs to information technology staff.,PurpleBear,2025-03-24,2.0,1.0,3.0,3.0,4.0,4.0
16274,Clinical Data Managers,"Track the flow of work forms, including in-house data flow or electronic forms transfer.",PurpleBear,2025-03-24,2.0,2.0,3.0,3.0,2.0,2.0
17709,Bioinformatics Technicians,"Analyze or manipulate bioinformatics data using software packages, statistical applications, or data mining techniques.",PurpleBear,2025-03-24,4.0,1.0,4.0,4.0,2.0,4.0
17715,Bioinformatics Technicians,"Extend existing software programs, web-based interactive tools, or database queries as sequence management and analysis needs evolve.",PurpleBear,2025-03-24,3.0,1.0,3.0,4.0,3.0,4.0
17716,Bioinformatics Technicians,Maintain awareness of new and emerging computational methods and technologies.,PurpleBear,2025-03-24,3.0,2.0,2.0,4.0,2.0,4.0
17721,Bioinformatics Technicians,Conduct quality analyses of data inputs and resulting analyses or predictions.,PurpleBear,2025-03-24,2.0,1.0,4.0,4.0,3.0,3.0
17707,Bioinformatics Technicians,"Enter or retrieve information from structural databases, protein sequence motif databases, mutation databases, genomic databases or gene expression databases.",PurpleBear,2025-03-24,3.0,1.0,3.0,4.0,1.0,1.0
17712,Bioinformatics Technicians,Design or implement web-based tools for querying large-scale biological databases.,PurpleBear,2025-03-24,4.0,1.0,3.0,4.0,2.0,3.0
17708,Bioinformatics Technicians,"Monitor database performance and perform any necessary maintenance, upgrades, or repairs.",PurpleBear,2025-03-24,3.0,1.0,2.0,3.0,2.0,1.0
17724,Bioinformatics Technicians,"Perform routine system administrative functions, such as troubleshooting, back-ups, or upgrades.",PurpleBear,2025-03-24,4.0,1.0,3.0,3.0,2.0,2.0
17718,Bioinformatics Technicians,Test new or updated software or tools and provide feedback to developers.,PurpleBear,2025-03-24,2.0,1.0,3.0,3.0,4.0,5.0
20483,"Architects, Except Landscape and Naval",Develop final construction plans that include aesthetic representations of the structure or details for its construction.,PurpleBear,2025-03-24,2.0,1.0,5.0,5.0,4.0,5.0
20479,"Architects, Except Landscape and Naval","Prepare scale drawings or architectural designs, using computer-aided design or other tools.",PurpleBear,2025-03-24,4.0,1.0,3.0,4.0,2.0,3.0
130,"Architects, Except Landscape and Naval","Prepare information regarding design, structure specifications, materials, color, equipment, estimated costs, or construction time.",PurpleBear,2025-03-24,2.0,1.0,4.0,4.0,3.0,5.0
136,"Architects, Except Landscape and Naval",Integrate engineering elements into unified architectural designs.,PurpleBear,2025-03-24,2.0,1.0,4.0,4.0,2.0,2.0
20486,"Architects, Except Landscape and Naval",Plan layouts of structural architectural projects.,PurpleBear,2025-03-24,2.0,1.0,4.0,4.0,3.0,3.0
134,"Architects, Except Landscape and Naval",Prepare contract documents for building contractors.,PurpleBear,2025-03-24,2.0,1.0,3.0,3.0,4.0,4.0
19596,"Architects, Except Landscape and Naval","Plan or design structures such as residences, office buildings, theatres, factories, or other structural properties in accordance with environmental, safety, or other regulations.",PurpleBear,2025-03-24,2.0,1.0,5.0,4.0,3.0,4.0
20488,"Architects, Except Landscape and Naval","Create three-dimensional or interactive representations of designs, using computer-assisted design software.",PurpleBear,2025-03-24,4.0,1.0,2.0,3.0,2.0,2.0
19594,"Architects, Except Landscape and Naval",Gather information related to projects' environmental sustainability or operational efficiency.,PurpleBear,2025-03-24,1.0,3.0,3.0,3.0,3.0,4.0
16846,Climate Change Policy Analysts,"Gather and review climate-related studies from government agencies, research laboratories, and other organizations.",BlackCat,2025-03-25,4.0,2.0,3.0,5.0,2.0,2.0
16848,Climate Change Policy Analysts,Review existing policies or legislation to identify environmental impacts.,BlackCat,2025-03-25,3.0,2.0,4.0,4.0,2.0,3.0
16852,Climate Change Policy Analysts,"Research policies, practices, or procedures for climate or environmental management.",BlackCat,2025-03-25,2.0,4.0,5.0,4.0,4.0,4.0
19972,Industrial Ecologists,"Identify environmental impacts caused by products, systems, or projects.",BlackCat,2025-03-25,1.0,4.0,5.0,4.0,5.0,5.0
16888,Industrial Ecologists,Identify or develop strategies or methods to minimize the environmental impact of industrial production processes.,BlackCat,2025-03-25,3.0,3.0,3.0,4.0,2.0,3.0
19965,Industrial Ecologists,Analyze changes designed to improve the environmental performance of complex systems and avoid unintended negative consequences.,BlackCat,2025-03-25,3.0,3.0,4.0,4.0,2.0,3.0
19974,Industrial Ecologists,Identify sustainable alternatives to industrial or waste-management practices.,BlackCat,2025-03-25,2.0,4.0,5.0,4.0,4.0,4.0
19982,Industrial Ecologists,"Review research literature to maintain knowledge on topics related to industrial ecology, such as physical science, technology, economy, and public policy.",BlackCat,2025-03-25,2.0,2.0,4.0,4.0,2.0,4.0
19963,Industrial Ecologists,Recommend methods to protect the environment or minimize environmental damage from industrial production practices.,BlackCat,2025-03-25,3.0,4.0,3.0,4.0,2.0,3.0
19976,Industrial Ecologists,Perform environmentally extended input-output (EE I-O) analyses.,BlackCat,2025-03-25,4.0,2.0,3.0,4.0,2.0,2.0
18270,Remote Sensing Scientists and Technologists,Manage or analyze data obtained from remote sensing systems to obtain meaningful results.,BlackCat,2025-03-25,4.0,2.0,4.0,4.0,2.0,2.0
18256,Remote Sensing Scientists and Technologists,"Analyze data acquired from aircraft, satellites, or ground-based platforms, using statistical analysis software, image analysis software, or Geographic Information Systems (GIS).",BlackCat,2025-03-25,4.0,2.0,3.0,4.0,2.0,2.0
18261,Remote Sensing Scientists and Technologists,Process aerial or satellite imagery to create products such as land cover maps.,BlackCat,2025-03-25,4.0,2.0,3.0,4.0,2.0,2.0
18260,Remote Sensing Scientists and Technologists,Organize and maintain geospatial data and associated documentation.,BlackCat,2025-03-25,2.0,2.0,3.0,4.0,2.0,4.0
18265,Remote Sensing Scientists and Technologists,Compile and format image data to increase its usefulness.,BlackCat,2025-03-25,4.0,2.0,3.0,4.0,2.0,2.0
7548,Survey Researchers,"Review, classify, and record survey data in preparation for computer analysis.",BlackCat,2025-03-25,4.0,2.0,3.0,4.0,2.0,2.0
7553,Survey Researchers,"Monitor and evaluate survey progress and performance, using sample disposition reports and response rate calculations.",BlackCat,2025-03-25,4.0,2.0,3.0,4.0,3.0,2.0
7554,Survey Researchers,"Produce documentation of the questionnaire development process, data collection methods, sampling designs, and decisions related to sample statistical weighting.",BlackCat,2025-03-25,3.0,3.0,3.0,4.0,2.0,3.0
7555,Survey Researchers,"Determine and specify details of survey projects, including sources of information, procedures to be used, and the design of survey instruments and materials.",BlackCat,2025-03-25,4.0,2.0,3.0,4.0,2.0,2.0
7556,Survey Researchers,"Support, plan, and coordinate operations for single or multiple surveys.",BlackCat,2025-03-25,2.0,3.0,3.0,3.0,3.0,4.0
7549,Survey Researchers,Conduct research to gather information about survey topics.,BlackCat,2025-03-25,4.0,2.0,3.0,4.0,2.0,2.0
7547,Survey Researchers,"Analyze data from surveys, old records, or case studies, using statistical software.",BlackCat,2025-03-25,3.0,3.0,3.0,5.0,2.0,3.0
7557,Survey Researchers,Direct updates and changes in survey implementation and methods.,BlackCat,2025-03-25,2.0,4.0,3.0,4.0,4.0,4.0
7559,Survey Researchers,Write training manuals to be used by survey interviewers.,BlackCat,2025-03-25,3.0,2.0,3.0,4.0,3.0,3.0
21107,Survey Researchers,Write proposals to win new projects.,BlackCat,2025-03-25,4.0,2.0,2.0,3.0,3.0,2.0
220,Urban and Regional Planners,"Design, promote, or administer government plans or policies affecting land use, zoning, public utilities, community facilities, housing, or transportation.",BlackCat,2025-03-25,2.0,4.0,4.0,4.0,4.0,4.0
225,Urban and Regional Planners,"Create, prepare, or requisition graphic or narrative reports on land use data, including land area maps overlaid with geographic variables, such as population density.",BlackCat,2025-03-25,3.0,2.0,4.0,4.0,2.0,3.0
19777,Urban and Regional Planners,Evaluate proposals for infrastructure projects or other development for environmental impact or sustainability.,BlackCat,2025-03-25,3.0,2.0,4.0,4.0,2.0,3.0
229,Urban and Regional Planners,"Keep informed about economic or legal issues involved in zoning codes, building codes, or environmental regulations.",BlackCat,2025-03-25,2.0,4.0,4.0,4.0,5.0,4.0
20524,Urban and Regional Planners,Assess the feasibility of land use proposals and identify necessary changes.,BlackCat,2025-03-25,2.0,4.0,4.0,4.0,5.0,4.0
20523,Urban and Regional Planners,Determine the effects of regulatory limitations on land use projects.,BlackCat,2025-03-25,2.0,4.0,3.0,3.0,5.0,4.0
232,Urban and Regional Planners,Review and evaluate environmental impact reports pertaining to private or public planning projects or programs.,BlackCat,2025-03-25,2.0,4.0,4.0,4.0,5.0,4.0
20525,Urban and Regional Planners,Investigate property availability for purposes of development.,BlackCat,2025-03-25,1.0,4.0,5.0,4.0,5.0,5.0
5503,Geographers,"Create and modify maps, graphs, or diagrams, using geographical information software and related equipment, and principles of cartography, such as coordinate systems, longitude, latitude, elevation, topography, and map scales.",BlackCat,2025-03-25,4.0,2.0,4.0,4.0,2.0,2.0
5511,Geographers,"Study the economic, political, and cultural characteristics of a specific region's population.",BlackCat,2025-03-25,4.0,2.0,3.0,4.0,2.0,2.0
5506,Geographers,Locate and obtain existing geographic information databases.,BlackCat,2025-03-25,3.0,3.0,4.0,4.0,2.0,3.0
5505,Geographers,"Develop, operate, and maintain geographical information computer systems, including hardware, software, plotters, digitizers, printers, and video cameras.",BlackCat,2025-03-25,3.0,3.0,4.0,4.0,2.0,3.0
16952,Transportation Planners,"Recommend transportation system improvements or projects, based on economic, population, land-use, or traffic projections.",BlackCat,2025-03-25,2.0,4.0,4.0,4.0,5.0,4.0
20976,Transportation Planners,"Interpret data from traffic modeling software, geographic information systems, or associated databases.",BlackCat,2025-03-25,2.0,4.0,4.0,5.0,4.0,4.0
16943,Transportation Planners,Prepare reports or recommendations on transportation planning.,BlackCat,2025-03-25,2.0,3.0,4.0,4.0,4.0,4.0
20979,Transportation Planners,Prepare necessary documents to obtain planned project approvals or permits.,BlackCat,2025-03-25,2.0,4.0,4.0,4.0,5.0,4.0
18295,Precision Agriculture Technicians,Document and maintain records of precision agriculture information.,BlackCat,2025-03-25,3.0,3.0,4.0,4.0,2.0,3.0
9350,Photographers,Review sets of photographs to select the best work.,BrownFox,2025-03-25,2.0,4.0,4.0,4.0,3.0,4.0
20560,Photographers,Write photograph captions.,BrownFox,2025-03-25,5.0,1.0,1.0,1.0,1.0,1.0
4057,Film and Video Editors,Organize and string together raw footage into a continuous whole according to scripts or the instructions of directors and producers.,BrownFox,2025-03-25,2.0,4.0,4.0,4.0,4.0,4.0
4052,Film and Video Editors,"Edit films and videotapes to insert music, dialogue, and sound effects, to arrange films into sequences, and to correct errors, using editing equipment.",BrownFox,2025-03-25,2.0,4.0,4.0,4.0,4.0,4.0
4053,Film and Video Editors,Select and combine the most effective shots of each scene to form a logical and smoothly running story.,BrownFox,2025-03-25,3.0,3.0,3.0,3.0,3.0,3.0
4060,Film and Video Editors,Review footage sequence by sequence to become familiar with it before assembling it into a final product.,BrownFox,2025-03-25,4.0,2.0,2.0,2.0,2.0,2.0
4061,Film and Video Editors,"Set up and operate computer editing systems, electronic titling systems, video switching equipment, and digital video effects units to produce a final product.",BrownFox,2025-03-25,4.0,2.0,2.0,2.0,2.0,2.0
4066,Film and Video Editors,Trim film segments to specified lengths and reassemble segments in sequences that present stories with maximum effect.,BrownFox,2025-03-25,3.0,3.0,3.0,3.0,3.0,3.0
4050,Film and Video Editors,"Cut shot sequences to different angles at specific points in scenes, making each individual cut as fluid and seamless as possible.",BrownFox,2025-03-25,4.0,2.0,2.0,2.0,2.0,2.0
18282,Precision Agriculture Technicians,"Identify spatial coordinates, using remote sensing and Global Positioning System (GPS) data.",BlackCat,2025-03-25,4.0,2.0,3.0,4.0,2.0,2.0
18289,Precision Agriculture Technicians,"Create, layer, and analyze maps showing precision agricultural data, such as crop yields, soil characteristics, input applications, terrain, drainage patterns, or field management history.",BlackCat,2025-03-25,4.0,2.0,3.0,4.0,2.0,2.0
20875,Precision Agriculture Technicians,"Analyze geospatial data to determine agricultural implications of factors such as soil quality, terrain, field productivity, fertilizers, or weather conditions.",BlackCat,2025-03-25,3.0,3.0,3.0,4.0,2.0,3.0
18278,Precision Agriculture Technicians,"Program farm equipment, such as variable-rate planting equipment or pesticide sprayers, based on input from crop scouting and analysis of field condition variability.",BlackCat,2025-03-25,3.0,3.0,4.0,4.0,2.0,3.0
18296,Precision Agriculture Technicians,"Draw or read maps, such as soil, contour, or plat maps.",BlackCat,2025-03-25,4.0,2.0,4.0,4.0,2.0,2.0
18293,Precision Agriculture Technicians,"Analyze remote sensing imagery to identify relationships between soil quality, crop canopy densities, light reflectance, and weather history.",BlackCat,2025-03-25,4.0,2.0,3.0,4.0,2.0,2.0
22315,Nuclear Technicians,"Monitor instruments, gauges, or recording devices under direction of nuclear experimenters.",BlackCat,2025-03-25,3.0,3.0,4.0,4.0,2.0,3.0
22319,Nuclear Technicians,"Calculate equipment operating factors, such as radiation times, dosages, temperatures, gamma intensities, or pressures, using standard formulas and conversion tables.",BlackCat,2025-03-25,2.0,3.0,5.0,5.0,2.0,4.0
22321,Nuclear Technicians,"Communicate with accelerator maintenance personnel to ensure readiness of support systems, such as vacuum, water cooling, or radio frequency power sources.",BlackCat,2025-03-25,1.0,5.0,5.0,4.0,5.0,5.0
12963,Social Science Research Assistants,Design and create special programs for tasks such as statistical analysis and data entry and cleaning.,BlackCat,2025-03-25,4.0,2.0,2.0,5.0,2.0,2.0
12955,Social Science Research Assistants,"Perform descriptive and multivariate statistical analyses of data, using computer software.",BlackCat,2025-03-25,4.0,2.0,2.0,5.0,2.0,2.0
12956,Social Science Research Assistants,"Verify the accuracy and validity of data entered in databases, correcting any errors.",BlackCat,2025-03-25,4.0,2.0,2.0,4.0,2.0,2.0
12952,Social Science Research Assistants,"Prepare, manipulate, and manage extensive databases.",BlackCat,2025-03-25,5.0,2.0,2.0,2.0,2.0,1.0
12962,Social Science Research Assistants,Perform data entry and other clerical work as required for project completion.,BlackCat,2025-03-25,3.0,4.0,2.0,3.0,5.0,3.0
12960,Social Science Research Assistants,Conduct internet-based and library research.,BlackCat,2025-03-25,5.0,2.0,2.0,3.0,2.0,1.0
12968,Social Science Research Assistants,Recruit and schedule research participants.,BlackCat,2025-03-25,1.0,5.0,2.0,3.0,5.0,5.0
12958,Social Science Research Assistants,Edit and submit protocols and other required research documentation.,BlackCat,2025-03-25,4.0,4.0,2.0,3.0,5.0,2.0
12964,Social Science Research Assistants,Code data in preparation for computer entry.,BlackCat,2025-03-25,4.0,2.0,2.0,5.0,2.0,2.0
12972,Social Science Research Assistants,Track laboratory supplies and expenses such as participant reimbursement.,BlackCat,2025-03-25,4.0,2.0,3.0,4.0,2.0,2.0
16974,Quality Control Analysts,"Interpret test results, compare them to established specifications and control limits, and make recommendations on appropriateness of data for release.",BlackCat,2025-03-25,4.0,2.0,3.0,4.0,2.0,2.0
16977,Quality Control Analysts,"Complete documentation needed to support testing procedures, including data capture forms, equipment logbooks, or inventory forms.",BlackCat,2025-03-25,3.0,2.0,4.0,4.0,2.0,3.0
16979,Quality Control Analysts,Compile laboratory test data and perform appropriate analyses.,BlackCat,2025-03-25,3.0,4.0,2.0,3.0,4.0,3.0
16964,Quality Control Analysts,"Write technical reports or documentation, such as deviation reports, testing protocols, and trend analyses.",BlackCat,2025-03-25,2.0,5.0,3.0,4.0,5.0,4.0
16973,Quality Control Analysts,Investigate or report questionable test results.,BlackCat,2025-03-25,2.0,5.0,3.0,4.0,5.0,4.0
16972,Quality Control Analysts,"Monitor testing procedures to ensure that all tests are performed according to established item specifications, standard test methods, or protocols.",BlackCat,2025-03-25,4.0,3.0,3.0,4.0,2.0,2.0
16966,Quality Control Analysts,Supply quality control data necessary for regulatory submissions.,BlackCat,2025-03-25,3.0,3.0,3.0,4.0,2.0,3.0
16976,Quality Control Analysts,Evaluate analytical methods and procedures to determine how they might be improved.,BlackCat,2025-03-25,4.0,2.0,3.0,4.0,2.0,2.0
16968,Quality Control Analysts,Review data from contract laboratories to ensure accuracy and regulatory compliance.,BlackCat,2025-03-25,3.0,2.0,4.0,4.0,2.0,3.0
16986,Remote Sensing Technicians,Verify integrity and accuracy of data contained in remote sensing image analysis systems.,BlackCat,2025-03-25,4.0,2.0,3.0,4.0,2.0,2.0
16991,Remote Sensing Technicians,Integrate remotely sensed data with other geospatial data.,BlackCat,2025-03-25,4.0,2.0,3.0,5.0,2.0,2.0
16997,Remote Sensing Technicians,"Adjust remotely sensed images for optimum presentation by using software to select image displays, define image set categories, or choose processing routines.",BlackCat,2025-03-25,3.0,2.0,4.0,4.0,2.0,3.0
16998,Remote Sensing Technicians,"Manipulate raw data to enhance interpretation, either on the ground or during remote sensing flights.",BlackCat,2025-03-25,4.0,2.0,3.0,4.0,2.0,2.0
16990,Remote Sensing Technicians,"Merge scanned images or build photo mosaics of large areas, using image processing software.",BlackCat,2025-03-25,4.0,2.0,3.0,4.0,2.0,2.0
16987,Remote Sensing Technicians,"Prepare documentation or presentations, including charts, photos, or graphs.",BlackCat,2025-03-25,2.0,4.0,4.0,4.0,5.0,4.0
16994,Remote Sensing Technicians,Correct raw data for errors due to factors such as skew or atmospheric variation.,BlackCat,2025-03-25,3.0,3.0,4.0,4.0,2.0,3.0
16993,Remote Sensing Technicians,Develop or maintain geospatial information databases.,BlackCat,2025-03-25,4.0,2.0,3.0,4.0,2.0,2.0
16992,Remote Sensing Technicians,"Evaluate remote sensing project requirements to determine the types of equipment or computer software necessary to meet project requirements, such as specific image types or output resolutions.",BlackCat,2025-03-25,4.0,2.0,3.0,4.0,2.0,2.0
19050,Judicial Law Clerks,"Prepare briefs, legal memoranda, or statements of issues involved in cases, including appropriate suggestions or recommendations.",BlackCat,2025-03-25,5.0,1.0,3.0,2.0,3.0,1.0
19051,Judicial Law Clerks,"Research laws, court decisions, documents, opinions, briefs, or other information related to cases before the court.",BlackCat,2025-03-25,4.0,2.0,4.0,3.0,4.0,2.0
19047,Judicial Law Clerks,"Draft or proofread judicial opinions, decisions, or citations.",BlackCat,2025-03-25,5.0,1.0,1.0,2.0,2.0,1.0
19052,Judicial Law Clerks,"Review complaints, petitions, motions, or pleadings that have been filed to determine issues involved or basis for relief.",BlackCat,2025-03-25,4.0,2.0,3.0,3.0,4.0,2.0
19053,Judicial Law Clerks,Review dockets of pending litigation to ensure adequate progress.,BlackCat,2025-03-25,5.0,1.0,1.0,2.0,3.0,1.0
19057,Judicial Law Clerks,"Enter information into computerized court calendar, filing, or case management systems.",BlackCat,2025-03-25,4.0,2.0,2.0,2.0,2.0,2.0
19054,Judicial Law Clerks,"Verify that all files, complaints, or other papers are available and in the proper order.",BlackCat,2025-03-25,5.0,1.0,2.0,2.0,2.0,1.0
19056,Judicial Law Clerks,Coordinate judges' meeting and appointment schedules.,BlackCat,2025-03-25,4.0,4.0,2.0,2.0,3.0,2.0
19060,Judicial Law Clerks,"Prepare periodic reports on court proceedings, as required.",BlackCat,2025-03-25,5.0,2.0,2.0,2.0,2.0,1.0
7617,"Administrative Law Judges, Adjudicators, and Hearing Officers",Prepare written opinions and decisions.,BlackCat,2025-03-25,3.0,2.0,4.0,4.0,2.0,3.0
7624,"Administrative Law Judges, Adjudicators, and Hearing Officers",Authorize payment of valid claims and determine method of payment.,BlackCat,2025-03-25,4.0,2.0,4.0,4.0,2.0,2.0
7619,"Administrative Law Judges, Adjudicators, and Hearing Officers","Research and analyze laws, regulations, policies, and precedent decisions to prepare for hearings and to determine conclusions.",BlackCat,2025-03-25,4.0,2.0,3.0,2.0,3.0,2.0
7618,"Administrative Law Judges, Adjudicators, and Hearing Officers","Review and evaluate data on documents, such as claim applications, birth or death certificates, or physician or employer records.",BlackCat,2025-03-25,4.0,2.0,2.0,2.0,3.0,2.0
21181,"Administrative Law Judges, Adjudicators, and Hearing Officers",Schedule hearings.,BlackCat,2025-03-25,4.0,2.0,1.0,2.0,3.0,2.0
9231,"Title Examiners, Abstractors, and Searchers","Examine documentation such as mortgages, liens, judgments, easements, plat books, maps, contracts, and agreements to verify factors such as properties' legal descriptions, ownership, or restrictions.",BlackCat,2025-03-25,4.0,2.0,2.0,3.0,2.0,2.0
9234,"Title Examiners, Abstractors, and Searchers","Examine individual titles to determine if restrictions, such as delinquent taxes, will affect titles and limit property use.",BlackCat,2025-03-25,5.0,1.0,2.0,4.0,1.0,1.0
9235,"Title Examiners, Abstractors, and Searchers",Prepare reports describing any title encumbrances encountered during searching activities and outlining actions needed to clear titles.,BlackCat,2025-03-25,3.0,3.0,2.0,4.0,4.0,3.0
9233,"Title Examiners, Abstractors, and Searchers","Copy or summarize recorded documents, such as mortgages, trust deeds, and contracts, that affect property titles.",BlackCat,2025-03-25,4.0,2.0,3.0,3.0,2.0,2.0
9236,"Title Examiners, Abstractors, and Searchers","Verify accuracy and completeness of land-related documents accepted for registration, preparing rejection notices when documents are not acceptable.",BlackCat,2025-03-25,4.0,2.0,3.0,3.0,3.0,2.0
9230,"Title Examiners, Abstractors, and Searchers",Prepare lists of all legal instruments applying to a specific piece of land and the buildings on it.,BlackCat,2025-03-25,4.0,2.0,3.0,3.0,2.0,2.0
9232,"Title Examiners, Abstractors, and Searchers",Read search requests to ascertain types of title evidence required and to obtain descriptions of properties and names of involved parties.,BlackCat,2025-03-25,5.0,2.0,3.0,2.0,2.0,1.0
9240,"Title Examiners, Abstractors, and Searchers","Obtain maps or drawings delineating properties from company title plants, county surveyors, or assessors' offices.",BlackCat,2025-03-25,4.0,2.0,4.0,3.0,3.0,2.0
9238,"Title Examiners, Abstractors, and Searchers",Enter into record-keeping systems appropriate data needed to create new title records or to update existing ones.,BlackCat,2025-03-25,4.0,2.0,3.0,2.0,2.0,2.0
9243,"Title Examiners, Abstractors, and Searchers",Retrieve and examine real estate closing files for accuracy and to ensure that information included is recorded and executed according to regulations.,BlackCat,2025-03-25,5.0,2.0,3.0,2.0,2.0,1.0
9241,"Title Examiners, Abstractors, and Searchers","Prepare and issue title commitments and title insurance policies, based on information compiled from title searches.",BlackCat,2025-03-25,5.0,2.0,3.0,2.0,2.0,1.0
9245,"Title Examiners, Abstractors, and Searchers","Determine whether land-related documents can be registered under the relevant legislation, such as the Land Titles Act.",BlackCat,2025-03-25,2.0,3.0,3.0,4.0,4.0,4.0
9246,"Title Examiners, Abstractors, and Searchers",Assess fees related to registration of property-related documents.,BlackCat,2025-03-25,4.0,2.0,3.0,2.0,2.0,2.0
9242,"Title Examiners, Abstractors, and Searchers","Summarize pertinent legal or insurance details, or sections of statutes or case law from reference books for use in examinations or as proofs or ready reference.",BlackCat,2025-03-25,4.0,2.0,3.0,4.0,2.0,2.0
5663,"Business Teachers, Postsecondary","Evaluate and grade students' class work, assignments, and papers.",BlackCat,2025-03-25,4.0,2.0,3.0,4.0,2.0,2.0
5709,"Mathematical Science Teachers, Postsecondary","Evaluate and grade students' class work, assignments, and papers.",BlackCat,2025-03-25,4.0,2.0,3.0,4.0,2.0,2.0
5851,"Atmospheric, Earth, Marine, and Space Sciences Teachers, Postsecondary","Evaluate and grade students' class work, assignments, and papers.",BlackCat,2025-03-25,4.0,2.0,3.0,4.0,2.0,2.0
5986,"Economics Teachers, Postsecondary","Evaluate and grade students' class work, assignments, and papers.",BlackCat,2025-03-25,4.0,2.0,3.0,4.0,2.0,2.0
6007,"Geography Teachers, Postsecondary","Evaluate and grade students' class work, assignments, and papers.",BlackCat,2025-03-25,4.0,2.0,3.0,4.0,2.0,2.0
6033,"Political Science Teachers, Postsecondary","Evaluate and grade students' class work, assignments, and papers.",BlackCat,2025-03-25,4.0,2.0,3.0,4.0,2.0,2.0
6151,"Education Teachers, Postsecondary","Evaluate and grade students' class work, assignments, and papers.",BlackCat,2025-03-25,4.0,2.0,3.0,4.0,2.0,2.0
6173,"Library Science Teachers, Postsecondary","Evaluate and grade students' class work, assignments, and papers.",BlackCat,2025-03-25,4.0,2.0,3.0,4.0,2.0,2.0
6288,"Communications Teachers, Postsecondary","Evaluate and grade students' class work, assignments, and papers.",BlackCat,2025-03-25,4.0,2.0,3.0,4.0,2.0,2.0
5666,"Business Teachers, Postsecondary","Maintain student attendance records, grades, and other required records.",BlackCat,2025-03-25,4.0,2.0,3.0,2.0,2.0,2.0
5686,"Computer Science Teachers, Postsecondary","Maintain student attendance records, grades, and other required records.",BlackCat,2025-03-25,4.0,2.0,3.0,2.0,2.0,2.0
5713,"Mathematical Science Teachers, Postsecondary","Maintain student attendance records, grades, and other required records.",BlackCat,2025-03-25,4.0,2.0,3.0,2.0,2.0,2.0
5737,"Architecture Teachers, Postsecondary","Maintain student attendance records, grades, and other required records.",BlackCat,2025-03-25,4.0,2.0,3.0,2.0,2.0,2.0
5766,"Engineering Teachers, Postsecondary","Maintain student attendance records, grades, and other required records.",BlackCat,2025-03-25,4.0,2.0,3.0,2.0,2.0,2.0
5859,"Atmospheric, Earth, Marine, and Space Sciences Teachers, Postsecondary","Maintain student attendance records, grades, and other required records.",BlackCat,2025-03-25,4.0,2.0,3.0,2.0,2.0,2.0
5904,"Environmental Science Teachers, Postsecondary","Maintain student attendance records, grades, and other required records.",BlackCat,2025-03-25,4.0,2.0,3.0,2.0,2.0,2.0
5918,"Physics Teachers, Postsecondary","Maintain student attendance records, grades, and other required records.",BlackCat,2025-03-25,4.0,2.0,3.0,2.0,2.0,2.0
5989,"Economics Teachers, Postsecondary","Maintain student attendance records, grades, and other required records.",BlackCat,2025-03-25,4.0,2.0,3.0,2.0,2.0,2.0
6010,"Geography Teachers, Postsecondary","Maintain student attendance records, grades, and other required records.",BlackCat,2025-03-25,4.0,2.0,3.0,2.0,2.0,2.0
6038,"Political Science Teachers, Postsecondary","Maintain student attendance records, grades, and other required records.",BlackCat,2025-03-25,4.0,2.0,3.0,2.0,2.0,2.0
6157,"Education Teachers, Postsecondary","Maintain student attendance records, grades, and other required records.",BlackCat,2025-03-25,4.0,2.0,3.0,2.0,2.0,2.0
6178,"Library Science Teachers, Postsecondary","Maintain student attendance records, grades, and other required records.",BlackCat,2025-03-25,4.0,2.0,3.0,2.0,2.0,2.0
6227,"Law Teachers, Postsecondary","Maintain student attendance records, grades, and other required records.",BlackCat,2025-03-25,4.0,2.0,3.0,2.0,2.0,2.0
6293,"Communications Teachers, Postsecondary","Maintain student attendance records, grades, and other required records.",BlackCat,2025-03-25,4.0,2.0,3.0,2.0,2.0,2.0
5664,"Business Teachers, Postsecondary","Compile, administer, and grade examinations, or assign this work to others.",BlackCat,2025-03-25,3.0,2.0,1.0,5.0,3.0,3.0
5710,"Mathematical Science Teachers, Postsecondary","Compile, administer, and grade examinations, or assign this work to others.",BlackCat,2025-03-25,3.0,2.0,1.0,5.0,3.0,3.0
5739,"Architecture Teachers, Postsecondary","Compile, administer, and grade examinations, or assign this work to others.",BlackCat,2025-03-25,3.0,2.0,1.0,5.0,3.0,3.0
5759,"Engineering Teachers, Postsecondary","Compile, administer, and grade examinations, or assign this work to others.",BlackCat,2025-03-25,3.0,2.0,1.0,5.0,3.0,3.0
5854,"Atmospheric, Earth, Marine, and Space Sciences Teachers, Postsecondary","Compile, administer, and grade examinations, or assign this work to others.",BlackCat,2025-03-25,3.0,2.0,1.0,5.0,3.0,3.0
5901,"Environmental Science Teachers, Postsecondary","Compile, administer, and grade examinations, or assign this work to others.",BlackCat,2025-03-25,3.0,2.0,1.0,5.0,3.0,3.0
5917,"Physics Teachers, Postsecondary","Compile, administer, and grade examinations, or assign this work to others.",BlackCat,2025-03-25,3.0,2.0,1.0,5.0,3.0,3.0
5987,"Economics Teachers, Postsecondary","Compile, administer, and grade examinations, or assign this work to others.",BlackCat,2025-03-25,3.0,2.0,1.0,5.0,3.0,3.0
6008,"Geography Teachers, Postsecondary","Compile, administer, and grade examinations, or assign this work to others.",BlackCat,2025-03-25,3.0,2.0,1.0,5.0,3.0,3.0
6034,"Political Science Teachers, Postsecondary","Compile, administer, and grade examinations, or assign this work to others.",BlackCat,2025-03-25,3.0,2.0,1.0,5.0,3.0,3.0
6159,"Education Teachers, Postsecondary","Compile, administer, and grade examinations, or assign this work to others.",BlackCat,2025-03-25,3.0,2.0,1.0,5.0,3.0,3.0
6181,"Library Science Teachers, Postsecondary","Compile, administer, and grade examinations, or assign this work to others.",BlackCat,2025-03-25,3.0,2.0,1.0,5.0,3.0,3.0
6292,"Communications Teachers, Postsecondary","Compile, administer, and grade examinations, or assign this work to others.",BlackCat,2025-03-25,3.0,2.0,1.0,5.0,3.0,3.0
5669,"Business Teachers, Postsecondary",Maintain regularly scheduled office hours to advise and assist students.,BlackCat,2025-03-25,2.0,4.0,1.0,5.0,4.0,4.0
5694,"Computer Science Teachers, Postsecondary",Maintain regularly scheduled office hours to advise and assist students.,BlackCat,2025-03-25,2.0,4.0,1.0,5.0,4.0,4.0
5714,"Mathematical Science Teachers, Postsecondary",Maintain regularly scheduled office hours to advise and assist students.,BlackCat,2025-03-25,2.0,4.0,1.0,5.0,4.0,4.0
5738,"Architecture Teachers, Postsecondary",Maintain regularly scheduled office hours to advise and assist students.,BlackCat,2025-03-25,2.0,4.0,1.0,5.0,4.0,4.0
5921,"Physics Teachers, Postsecondary",Maintain regularly scheduled office hours to advise and assist students.,BlackCat,2025-03-25,2.0,4.0,1.0,5.0,4.0,4.0
5991,"Economics Teachers, Postsecondary",Maintain regularly scheduled office hours to advise and assist students.,BlackCat,2025-03-25,2.0,4.0,1.0,5.0,4.0,4.0
6015,"Geography Teachers, Postsecondary",Maintain regularly scheduled office hours to advise and assist students.,BlackCat,2025-03-25,2.0,4.0,1.0,5.0,4.0,4.0
6039,"Political Science Teachers, Postsecondary",Maintain regularly scheduled office hours to advise and assist students.,BlackCat,2025-03-25,2.0,4.0,1.0,5.0,4.0,4.0
6156,"Education Teachers, Postsecondary",Maintain regularly scheduled office hours to advise and assist students.,BlackCat,2025-03-25,2.0,4.0,1.0,5.0,4.0,4.0
6183,"Library Science Teachers, Postsecondary",Maintain regularly scheduled office hours to advise and assist students.,BlackCat,2025-03-25,2.0,4.0,1.0,5.0,4.0,4.0
6222,"Law Teachers, Postsecondary",Maintain regularly scheduled office hours to advise and assist students.,BlackCat,2025-03-25,2.0,4.0,1.0,5.0,4.0,4.0
6295,"Communications Teachers, Postsecondary",Maintain regularly scheduled office hours to advise and assist students.,BlackCat,2025-03-25,2.0,4.0,1.0,5.0,4.0,4.0
5673,"Business Teachers, Postsecondary",Collaborate with colleagues to address teaching and research issues.,BlackCat,2025-03-25,2.0,4.0,2.0,5.0,5.0,4.0
5929,"Physics Teachers, Postsecondary",Collaborate with colleagues to address teaching and research issues.,BlackCat,2025-03-25,2.0,4.0,2.0,5.0,5.0,4.0
5998,"Economics Teachers, Postsecondary",Collaborate with colleagues to address teaching and research issues.,BlackCat,2025-03-25,2.0,4.0,2.0,5.0,5.0,4.0
6018,"Geography Teachers, Postsecondary",Collaborate with colleagues to address teaching and research issues.,BlackCat,2025-03-25,2.0,4.0,2.0,5.0,5.0,4.0
6158,"Education Teachers, Postsecondary",Collaborate with colleagues to address teaching and research issues.,BlackCat,2025-03-25,2.0,4.0,2.0,5.0,5.0,4.0
6230,"Law Teachers, Postsecondary",Collaborate with colleagues to address teaching and research issues.,BlackCat,2025-03-25,2.0,4.0,2.0,5.0,5.0,4.0
6300,"Communications Teachers, Postsecondary",Collaborate with colleagues to address teaching and research issues.,BlackCat,2025-03-25,2.0,4.0,2.0,5.0,5.0,4.0
5671,"Business Teachers, Postsecondary",Advise students on academic and vocational curricula and career issues.,BlackCat,2025-03-25,2.0,3.0,1.0,4.0,5.0,4.0
20058,"Business Teachers, Postsecondary",Develop and maintain course Web sites.,BlackCat,2025-03-25,3.0,3.0,2.0,4.0,4.0,3.0
22409,Librarians and Media Collections Specialists,"Review and evaluate materials, using book reviews, catalogs, faculty recommendations, and current holdings to select and order print, audio-visual, and electronic resources.",BlackCat,2025-03-25,5.0,2.0,1.0,2.0,3.0,1.0
22411,Librarians and Media Collections Specialists,"Search standard reference materials, including online sources and the Internet, to answer patrons' reference questions.",BlackCat,2025-03-25,4.0,2.0,1.0,3.0,4.0,2.0
22410,Librarians and Media Collections Specialists,"Keep up-to-date records of circulation and materials, maintain inventory, and correct cataloging errors.",BlackCat,2025-03-25,5.0,1.0,1.0,2.0,3.0,1.0
22416,Librarians and Media Collections Specialists,"Code, classify, and catalog books, publications, films, audio-visual aids, and other library materials, based on subject matter or standard library classification systems.",BlackCat,2025-03-25,5.0,1.0,1.0,4.0,3.0,1.0
22417,Librarians and Media Collections Specialists,"Respond to customer complaints, taking action as necessary.",BlackCat,2025-03-25,4.0,2.0,2.0,3.0,4.0,2.0
22420,Librarians and Media Collections Specialists,Locate unusual or unique information in response to specific requests.,BlackCat,2025-03-25,3.0,3.0,2.0,3.0,4.0,3.0
22425,Librarians and Media Collections Specialists,"Develop, maintain, and troubleshoot information access aids, such as databases, annotated bibliographies, Web pages, electronic pathfinders, software programs, and online tutorials.",BlackCat,2025-03-25,4.0,2.0,2.0,5.0,2.0,2.0
22427,Librarians and Media Collections Specialists,"Compile lists of books, periodicals, articles, and audio-visual materials on particular subjects.",BlackCat,2025-03-25,4.0,2.0,1.0,4.0,2.0,2.0
22430,Librarians and Media Collections Specialists,Arrange for interlibrary loans of materials not available in a particular library.,BlackCat,2025-03-25,4.0,2.0,1.0,4.0,2.0,2.0
1688,Library Technicians,"Reserve, circulate, renew, and discharge books and other materials.",BlackCat,2025-03-25,3.0,3.0,1.0,2.0,5.0,3.0
1689,Library Technicians,Enter and update patrons' records on computers.,BlackCat,2025-03-25,4.0,2.0,2.0,5.0,2.0,2.0
2643,"Library Assistants, Clerical",Enter and update patrons' records on computers.,BlackCat,2025-03-25,4.0,2.0,2.0,5.0,2.0,2.0
1702,Library Technicians,"Compile and maintain records relating to circulation, materials, and equipment.",BlackCat,2025-03-25,4.0,2.0,1.0,5.0,2.0,2.0
18518,Library Technicians,Compile data and create statistical reports on library usage.,BlackCat,2025-03-25,3.0,2.0,1.0,4.0,3.0,3.0
1717,Library Technicians,Design posters and special displays to promote use of library facilities or specific reading programs at libraries.,BlackCat,2025-03-25,4.0,2.0,1.0,4.0,2.0,2.0
1704,Library Technicians,Issue identification cards to borrowers.,BlackCat,2025-03-25,4.0,1.0,3.0,2.0,3.0,2.0
1706,Library Technicians,Review subject matter of materials to be classified and select classification numbers and headings according to classification systems.,BlackCat,2025-03-25,5.0,2.0,1.0,4.0,2.0,1.0
1698,Library Technicians,Process interlibrary loans for patrons.,BlackCat,2025-03-25,2.0,3.0,2.0,3.0,5.0,4.0
1707,Library Technicians,Send out notices about lost or overdue books.,BlackCat,2025-03-25,3.0,2.0,2.0,4.0,4.0,3.0
1700,Library Technicians,Retrieve information from central databases for storage in a library's computer.,BlackCat,2025-03-25,4.0,2.0,2.0,5.0,2.0,2.0
1705,Library Technicians,"Verify bibliographical data for materials, including author, title, publisher, publication date, and edition.",BlackCat,2025-03-25,5.0,1.0,2.0,3.0,2.0,1.0
18516,Library Technicians,Claim missing issues of periodicals and journals.,BlackCat,2025-03-25,5.0,1.0,2.0,3.0,2.0,1.0
1718,Library Technicians,Compile bibliographies and prepare abstracts on subjects of interest to particular organizations or groups.,BlackCat,2025-03-25,3.0,2.0,3.0,5.0,3.0,3.0
284,Art Directors,"Formulate basic layout design or presentation approach and specify material details, such as style and size of type, photographs, graphics, animation, video, and sound.",BlackCat,2025-03-25,2.0,4.0,1.0,5.0,5.0,4.0
286,Art Directors,"Manage own accounts and projects, working within budget and scheduling requirements.",BlackCat,2025-03-25,2.0,4.0,3.0,5.0,5.0,4.0
288,Art Directors,Present final layouts to clients for approval.,BlackCat,2025-03-26,1.0,4.0,1.0,5.0,4.0,5.0
285,Art Directors,"Review and approve art materials, copy materials, and proofs of printed copy developed by staff members.",BlackCat,2025-03-26,2.0,4.0,1.0,5.0,2.0,4.0
294,Art Directors,Create custom illustrations or other graphic elements.,BlackCat,2025-03-26,1.0,4.0,1.0,5.0,5.0,5.0
292,Art Directors,Review illustrative material to determine if it conforms to standards and specifications.,BlackCat,2025-03-26,2.0,4.0,1.0,5.0,4.0,4.0
20242,Art Directors,"Research current trends and new technology, such as printing production techniques, computer software, and design trends.",BlackCat,2025-03-26,1.0,5.0,1.0,5.0,5.0,5.0
295,Art Directors,"Mark up, paste, and complete layouts and write typography instructions to prepare materials for typesetting or printing.",BlackCat,2025-03-26,1.0,5.0,1.0,4.0,5.0,5.0
298,Art Directors,Prepare detailed storyboards showing sequence and timing of story development for television production.,BlackCat,2025-03-26,2.0,4.0,1.0,4.0,5.0,4.0
6882,Special Effects Artists and Animators,"Design complex graphics and animation, using independent judgment, creativity, and computer equipment.",BlackCat,2025-03-26,1.0,5.0,1.0,4.0,5.0,5.0
6888,Special Effects Artists and Animators,"Create basic designs, drawings, and illustrations for product labels, cartons, direct mail, or television.",BlackCat,2025-03-26,3.0,4.0,1.0,4.0,2.0,3.0
6893,Special Effects Artists and Animators,"Participate in design and production of multimedia campaigns, handling budgeting and scheduling, and assisting with such responsibilities as production coordination, background design, and progress tracking.",BlackCat,2025-03-26,2.0,4.0,1.0,4.0,4.0,4.0
6883,Special Effects Artists and Animators,"Create two-dimensional and three-dimensional images depicting objects in motion or illustrating a process, using computer animation or modeling programs.",BlackCat,2025-03-26,1.0,5.0,1.0,5.0,5.0,5.0
6884,Special Effects Artists and Animators,"Make objects or characters appear lifelike by manipulating light, color, texture, shadow, and transparency, or manipulating static images to give the illusion of motion.",BlackCat,2025-03-26,2.0,4.0,1.0,5.0,5.0,4.0
6895,Special Effects Artists and Animators,Implement and maintain configuration control systems.,BlackCat,2025-03-26,2.0,4.0,2.0,4.0,4.0,4.0
6890,Special Effects Artists and Animators,"Develop briefings, brochures, multimedia presentations, web pages, promotional products, technical illustrations, and computer artwork for use in products, technical manuals, literature, newsletters, and slide shows.",BlackCat,2025-03-26,3.0,3.0,1.0,5.0,2.0,3.0
6885,Special Effects Artists and Animators,"Assemble, typeset, scan, and produce digital camera-ready art or film negatives and printer's proofs.",BlackCat,2025-03-26,3.0,3.0,1.0,4.0,3.0,3.0
6894,Special Effects Artists and Animators,"Convert real objects to animated objects through modeling, using techniques such as optical scanning.",BlackCat,2025-03-26,1.0,5.0,1.0,4.0,5.0,5.0
6896,Commercial and Industrial Designers,"Prepare sketches of ideas, detailed drawings, illustrations, artwork, or blueprints, using drafting instruments, paints and brushes, or computer-aided design equipment.",BlackCat,2025-03-26,2.0,4.0,1.0,5.0,4.0,4.0
6898,Commercial and Industrial Designers,"Modify and refine designs, using working models, to conform with customer specifications, production limitations, or changes in design trends.",BlackCat,2025-03-26,1.0,5.0,1.0,5.0,5.0,5.0
6902,Commercial and Industrial Designers,"Evaluate feasibility of design ideas, based on factors such as appearance, safety, function, serviceability, budget, production costs/methods, and market characteristics.",BlackCat,2025-03-26,3.0,3.0,1.0,4.0,3.0,3.0
6901,Commercial and Industrial Designers,Present designs and reports to customers or design committees for approval and discuss need for modification.,BlackCat,2025-03-26,4.0,2.0,1.0,4.0,3.0,2.0
6904,Commercial and Industrial Designers,"Research production specifications, costs, production materials, and manufacturing methods and provide cost estimates and itemized production requirements.",BlackCat,2025-03-26,4.0,2.0,1.0,4.0,2.0,2.0
6905,Commercial and Industrial Designers,"Design graphic material for use as ornamentation, illustration, or advertising on manufactured materials and packaging or containers.",BlackCat,2025-03-26,3.0,3.0,1.0,5.0,2.0,3.0
300,Graphic Designers,"Determine size and arrangement of illustrative material and copy, and select style and size of type.",BlackCat,2025-03-26,3.0,2.0,1.0,5.0,2.0,3.0
299,Graphic Designers,"Create designs, concepts, and sample layouts, based on knowledge of layout principles and esthetic design concepts.",BlackCat,2025-03-26,3.0,3.0,1.0,5.0,4.0,3.0
306,Graphic Designers,"Develop graphics and layouts for product illustrations, company logos, and Web sites.",BlackCat,2025-03-26,2.0,4.0,1.0,4.0,4.0,4.0
301,Graphic Designers,Use computer software to generate new images.,BlackCat,2025-03-26,4.0,4.0,1.0,4.0,5.0,2.0
304,Graphic Designers,"Review final layouts and suggest improvements, as needed.",BlackCat,2025-03-26,3.0,2.0,1.0,4.0,3.0,3.0
15228,Graphic Designers,"Maintain archive of images, photos, or previous work products.",BlackCat,2025-03-26,4.0,2.0,1.0,5.0,2.0,2.0
308,Graphic Designers,"Prepare illustrations or rough sketches of material, discussing them with clients or supervisors and making necessary changes.",BlackCat,2025-03-26,2.0,4.0,1.0,4.0,5.0,4.0
303,Graphic Designers,"Draw and print charts, graphs, illustrations, and other artwork, using computer.",BlackCat,2025-03-26,2.0,4.0,1.0,4.0,4.0,4.0
307,Graphic Designers,Key information into computer equipment to create layouts for client or supervisor.,BlackCat,2025-03-26,4.0,2.0,1.0,4.0,2.0,2.0
15229,Graphic Designers,Research new software or design concepts.,BlackCat,2025-03-26,4.0,2.0,2.0,5.0,2.0,2.0
309,Graphic Designers,"Study illustrations and photographs to plan presentation of materials, products, or services.",BlackCat,2025-03-26,4.0,2.0,1.0,4.0,2.0,2.0
302,Graphic Designers,"Mark up, paste, and assemble final layouts to prepare layouts for printer.",BlackCat,2025-03-26,3.0,2.0,2.0,5.0,2.0,3.0
310,Graphic Designers,Prepare notes and instructions for workers who assemble and prepare final layouts for printing.,BlackCat,2025-03-26,3.0,3.0,2.0,4.0,4.0,3.0
22522,Producers and Directors,"Research production topics using the internet, video archives, and other informational sources.",BlackCat,2025-03-26,4.0,2.0,1.0,5.0,3.0,2.0
22523,Producers and Directors,"Review film, recordings, or rehearsals to ensure conformance to production and broadcast standards.",BlackCat,2025-03-26,2.0,4.0,2.0,3.0,5.0,4.0
22519,Producers and Directors,Study and research scripts to determine how they should be directed.,BlackCat,2025-03-26,4.0,2.0,2.0,5.0,3.0,2.0
22532,Producers and Directors,"Perform management activities, such as budgeting, scheduling, planning, and marketing.",BlackCat,2025-03-26,2.0,4.0,3.0,3.0,4.0,4.0
22527,Producers and Directors,Conduct meetings with staff to discuss production progress and to ensure production objectives are attained.,BlackCat,2025-03-26,4.0,4.0,3.0,3.0,5.0,2.0
22528,Producers and Directors,"Compile scripts, program notes, and other material related to productions.",BlackCat,2025-03-26,2.0,5.0,2.0,4.0,5.0,4.0
22539,Producers and Directors,Write and submit proposals to bid on contracts for projects.,BlackCat,2025-03-26,2.0,4.0,3.0,4.0,4.0,4.0
22533,Producers and Directors,Compose and edit scripts or provide screenwriters with story outlines from which scripts can be written.,BlackCat,2025-03-26,2.0,4.0,3.0,3.0,5.0,4.0
22535,Producers and Directors,Cut and edit film or tape to integrate component parts into desired sequences.,BlackCat,2025-03-26,2.0,3.0,2.0,5.0,4.0,4.0
22514,Producers and Directors,Write and edit news stories from information collected by reporters and other sources.,BlackCat,2025-03-26,2.0,5.0,2.0,5.0,5.0,4.0
22537,Producers and Directors,Review film daily to check on work in progress and to plan for future filming.,BlackCat,2025-03-26,2.0,3.0,3.0,5.0,4.0,4.0
22529,Producers and Directors,"Perform administrative duties, such as preparing operational reports, distributing rehearsal call sheets and script copies, and arranging for rehearsal quarters.",BlackCat,2025-03-26,1.0,5.0,3.0,5.0,5.0,5.0
22540,Producers and Directors,"Develop marketing plans for finished products, collaborating with sales associates to supervise product distribution.",BlackCat,2025-03-26,2.0,4.0,4.0,4.0,5.0,4.0
7662,Media Programming Directors,"Plan and schedule programming and event coverage, based on broadcast length, time availability, and other factors, such as community needs, ratings data, and viewer demographics.",BlackCat,2025-03-26,3.0,2.0,3.0,4.0,3.0,3.0
7663,Media Programming Directors,"Monitor and review programming to ensure that schedules are met, guidelines are adhered to, and performances are of adequate quality.",BlackCat,2025-03-26,2.0,4.0,2.0,4.0,4.0,4.0
7665,Media Programming Directors,Check completed program logs for accuracy and conformance with Federal Communications Commission (FCC) rules and regulations and resolve program log inaccuracies.,BlackCat,2025-03-26,2.0,3.0,3.0,5.0,2.0,4.0
7666,Media Programming Directors,Establish work schedules and assign work to staff members.,BlackCat,2025-03-26,2.0,4.0,3.0,4.0,5.0,4.0
7673,Media Programming Directors,"Monitor network transmissions for advisories concerning daily program schedules, program content, special feeds, or program changes.",BlackCat,2025-03-26,2.0,4.0,2.0,3.0,5.0,4.0
7675,Media Programming Directors,Prepare copy and edit tape so that material is ready for broadcasting.,BlackCat,2025-03-26,2.0,4.0,2.0,4.0,5.0,4.0
7669,Media Programming Directors,"Evaluate new and existing programming to assess suitability and the need for changes, using information such as audience surveys and feedback.",BlackCat,2025-03-26,2.0,4.0,3.0,5.0,3.0,4.0
7674,Media Programming Directors,Develop promotions for current programs and specials.,BlackCat,2025-03-26,2.0,4.0,3.0,4.0,5.0,4.0
3897,Media Technical Directors/Managers,Observe pictures through monitors and direct camera and video staff concerning shading and composition.,BlackCat,2025-03-26,1.0,5.0,3.0,5.0,5.0,5.0
16606,Automotive Engineering Technicians,"Document test results, using cameras, spreadsheets, documents, or other tools.",WhiteHorse,2025-03-26,2.0,3.0,2.0,4.0,2.0,4.0
3896,Media Technical Directors/Managers,Monitor broadcasts to ensure that programs conform to station or network policies and regulations.,BlackCat,2025-03-26,2.0,2.0,2.0,5.0,3.0,4.0
16602,Automotive Engineering Technicians,"Read and interpret blueprints, schematics, work specifications, drawings, or charts.",WhiteHorse,2025-03-26,3.0,2.0,3.0,4.0,2.0,4.0
16601,Automotive Engineering Technicians,"Monitor computer-controlled test equipment, according to written or verbal instructions.",WhiteHorse,2025-03-27,3.0,4.0,3.0,4.0,3.0,4.0
16608,Automotive Engineering Technicians,"Analyze test data for automotive systems, subsystems, or component parts.",WhiteHorse,2025-03-27,3.0,2.0,3.0,5.0,2.0,4.0
16598,Automotive Engineering Technicians,"Order new test equipment, supplies, or replacement parts.",WhiteHorse,2025-03-27,4.0,1.0,2.0,3.0,3.0,3.0
16610,Automotive Engineering Technicians,"Recommend product or component design improvements, based on test data or observations.",WhiteHorse,2025-03-27,3.0,2.0,4.0,5.0,4.0,4.0
16600,Automotive Engineering Technicians,"Recommend tests or testing conditions in accordance with designs, customer requirements, or industry standards to ensure test validity.",WhiteHorse,2025-03-27,2.0,4.0,3.0,5.0,3.0,4.0
19698,Automotive Engineering Technicians,"Participate in research or testing of computerized automotive applications, such as telemetrics, intelligent transportation systems, artificial intelligence, or automatic control.",WhiteHorse,2025-03-27,3.0,3.0,3.0,5.0,3.0,4.0
22104,Surveying and Mapping Technicians,"Check all layers of maps to ensure accuracy, identifying and marking errors and making corrections.",WhiteHorse,2025-03-27,3.0,2.0,3.0,5.0,3.0,4.0
22105,Surveying and Mapping Technicians,Design or develop information databases that include geographic or topographic data.,WhiteHorse,2025-03-27,3.0,2.0,3.0,5.0,3.0,4.0
22106,Surveying and Mapping Technicians,"Monitor mapping work or the updating of maps to ensure accuracy, inclusion of new or changed information, or compliance with rules and regulations.",WhiteHorse,2025-03-27,3.0,2.0,3.0,5.0,3.0,4.0
3906,Media Technical Directors/Managers,Collaborate with promotions directors to produce on-air station promotions.,BlackCat,2025-03-28,2.0,4.0,2.0,4.0,4.0,4.0
3900,Media Technical Directors/Managers,Schedule use of studio and editing facilities for producers and engineering and maintenance staff.,BlackCat,2025-03-28,3.0,3.0,3.0,4.0,4.0,3.0
3894,Media Technical Directors/Managers,"Direct technical aspects of newscasts and other productions, checking and switching between video sources and taking responsibility for the on-air product, including camera shots and graphics.",BlackCat,2025-03-28,3.0,3.0,2.0,4.0,3.0,3.0
3905,Media Technical Directors/Managers,"Set up and execute video transitions and special effects, such as fades, dissolves, cuts, keys, and supers, using computers to manipulate pictures as necessary.",BlackCat,2025-03-28,3.0,3.0,2.0,4.0,3.0,3.0
3934,Broadcast Announcers and Radio Disc Jockeys,Operate control consoles.,BlackCat,2025-03-28,3.0,3.0,3.0,4.0,4.0,3.0
3937,Broadcast Announcers and Radio Disc Jockeys,Record commercials for later broadcast.,BlackCat,2025-03-28,2.0,4.0,3.0,4.0,4.0,4.0
3928,Broadcast Announcers and Radio Disc Jockeys,Study background information to prepare for programs or interviews.,BlackCat,2025-03-28,2.0,4.0,4.0,3.0,4.0,4.0
3925,Broadcast Announcers and Radio Disc Jockeys,Read news flashes to inform audiences of important events.,BlackCat,2025-03-28,2.0,4.0,4.0,4.0,4.0,4.0
20887,Broadcast Announcers and Radio Disc Jockeys,"Identify stations, and introduce or close shows, ad-libbing or using memorized or read scripts.",BlackCat,2025-03-28,2.0,4.0,3.0,5.0,3.0,4.0
20888,Broadcast Announcers and Radio Disc Jockeys,Develop story lines for broadcasts.,BlackCat,2025-03-28,2.0,4.0,1.0,4.0,3.0,4.0
20889,Broadcast Announcers and Radio Disc Jockeys,Write and edit video and scripts for broadcasts.,BlackCat,2025-03-28,2.0,4.0,2.0,4.0,5.0,4.0
20890,Broadcast Announcers and Radio Disc Jockeys,Maintain organization of the music library.,BlackCat,2025-03-28,2.0,4.0,1.0,4.0,5.0,4.0
3936,Broadcast Announcers and Radio Disc Jockeys,"Keep daily program logs to provide information on all elements aired during broadcast, such as musical selections and station promotions.",BlackCat,2025-03-28,3.0,4.0,1.0,3.0,4.0,3.0
3943,Broadcast Announcers and Radio Disc Jockeys,Give network cues permitting selected stations to receive programs.,BlackCat,2025-03-28,3.0,3.0,1.0,4.0,3.0,3.0
3940,Broadcast Announcers and Radio Disc Jockeys,"Coordinate games, contests, or other on-air competitions, performing such duties as asking questions and awarding prizes.",BlackCat,2025-03-28,3.0,3.0,1.0,4.0,4.0,3.0
22623,"News Analysts, Reporters, and Journalists","Write commentaries, columns, or scripts, using computers.",BlackCat,2025-03-28,4.0,2.0,3.0,3.0,3.0,2.0
22625,"News Analysts, Reporters, and Journalists","Examine news items of local, national, and international significance to determine topics to address, or obtain assignments from editorial staff members.",BlackCat,2025-03-28,4.0,2.0,3.0,3.0,4.0,2.0
22626,"News Analysts, Reporters, and Journalists",Analyze and interpret news and information received from various sources to broadcast the information.,BlackCat,2025-03-28,3.0,3.0,3.0,3.0,4.0,3.0
22628,"News Analysts, Reporters, and Journalists",Research a story's background information to provide complete and accurate information.,BlackCat,2025-03-28,4.0,2.0,3.0,4.0,3.0,2.0
22631,"News Analysts, Reporters, and Journalists","Select material most pertinent to presentation, and organize this material into appropriate formats.",BlackCat,2025-03-28,4.0,3.0,2.0,4.0,2.0,2.0
22635,"News Analysts, Reporters, and Journalists",Revise work to meet editorial approval or to fit time or space requirements.,BlackCat,2025-03-28,4.0,2.0,3.0,4.0,4.0,2.0
22636,"News Analysts, Reporters, and Journalists",Review and evaluate notes taken about news events to isolate pertinent facts and details.,BlackCat,2025-03-28,4.0,2.0,3.0,4.0,2.0,2.0
22638,"News Analysts, Reporters, and Journalists","Review written, audio, or video copy, and correct errors in content, grammar, or punctuation, following prescribed editorial style and formatting guidelines.",BlackCat,2025-03-28,4.0,2.0,3.0,4.0,3.0,2.0
22640,"News Analysts, Reporters, and Journalists","Determine a published or broadcasted story's emphasis, length, and format, organizing material accordingly.",BlackCat,2025-03-28,4.0,2.0,3.0,4.0,4.0,2.0
22641,"News Analysts, Reporters, and Journalists","Transmit news stories or reporting information from remote locations, using equipment such as satellite phones, telephones, fax machines, or modems.",BlackCat,2025-03-28,3.0,3.0,3.0,4.0,3.0,3.0
22642,"News Analysts, Reporters, and Journalists","Check reference materials, such as books, news files, or public records, to obtain relevant facts.",BlackCat,2025-03-28,4.0,2.0,4.0,4.0,3.0,2.0
2509,"Bookkeeping, Accounting, and Auditing Clerks","Match order forms with invoices, and record the necessary information.",BrownFox,2025-04-01,5.0,1.0,1.0,1.0,1.0,1.0
22648,"News Analysts, Reporters, and Journalists","Develop ideas or material for columns or commentaries by analyzing and interpreting news, current issues, or personal experiences.",BlackCat,2025-03-28,4.0,2.0,4.0,4.0,4.0,2.0
22649,"News Analysts, Reporters, and Journalists","Communicate with readers, viewers, advertisers, or the general public via mail, email, or telephone.",BlackCat,2025-03-28,4.0,2.0,4.0,4.0,4.0,2.0
22650,"News Analysts, Reporters, and Journalists","Write online blog entries that address news developments or offer additional information, opinions, or commentary on news events.",BlackCat,2025-03-28,4.0,2.0,3.0,4.0,3.0,2.0
22651,"News Analysts, Reporters, and Journalists",Assign stories to other reporters or duties to production staff.,BlackCat,2025-03-28,4.0,2.0,2.0,3.0,4.0,2.0
22652,"News Analysts, Reporters, and Journalists","Write columns, editorials, commentaries, or reviews that interpret events or offer opinions.",BlackCat,2025-03-28,4.0,2.0,2.0,3.0,4.0,2.0
1764,Public Relations Specialists,Respond to requests for information from the media or designate an appropriate spokesperson or information source.,BlackCat,2025-03-28,3.0,3.0,3.0,4.0,5.0,3.0
23951,Public Relations Specialists,Post and update content on the company's Web site and social media outlets.,BlackCat,2025-03-28,3.0,3.0,3.0,4.0,5.0,3.0
20554,Public Relations Specialists,Write press releases or other media communications to promote clients.,BlackCat,2025-03-28,3.0,3.0,3.0,4.0,4.0,3.0
1769,Public Relations Specialists,"Study the objectives, promotional policies, or needs of organizations to develop public relations strategies that will influence public opinion or promote ideas, products, or services.",BlackCat,2025-03-28,2.0,3.0,4.0,4.0,5.0,4.0
20557,Public Relations Specialists,"Prepare or edit organizational publications, such as employee newsletters or stockholders' reports, for internal or external audiences.",BlackCat,2025-03-28,2.0,4.0,4.0,4.0,4.0,4.0
1777,Editors,"Read copy or proof to detect and correct errors in spelling, punctuation, and syntax.",BlackCat,2025-03-28,3.0,2.0,2.0,4.0,3.0,3.0
1780,Editors,"Verify facts, dates, and statistics, using standard reference sources.",BlackCat,2025-03-28,4.0,2.0,3.0,4.0,3.0,2.0
1786,Editors,"Read, evaluate and edit manuscripts or other materials submitted for publication, and confer with authors regarding changes in content, style or organization, or publication.",BlackCat,2025-03-28,2.0,4.0,3.0,4.0,5.0,4.0
1782,Editors,"Develop story or content ideas, considering reader or audience appeal.",BlackCat,2025-03-28,2.0,4.0,2.0,4.0,5.0,4.0
1776,Editors,"Prepare, rewrite and edit copy to improve readability, or supervise others who do this work.",BlackCat,2025-03-28,2.0,2.0,2.0,5.0,4.0,4.0
1783,Editors,"Oversee publication production, including artwork, layout, computer typesetting, and printing, ensuring adherence to deadlines and budget requirements.",BlackCat,2025-03-28,2.0,3.0,3.0,5.0,4.0,4.0
21000,Editors,"Write text, such as stories, articles, editorials, or newsletters.",BlackCat,2025-03-28,3.0,2.0,2.0,4.0,4.0,3.0
1779,Editors,"Plan the contents of publications according to the publication's style, editorial policy, and publishing requirements.",BlackCat,2025-03-28,2.0,4.0,2.0,4.0,5.0,4.0
1781,Editors,Review and approve proofs submitted by composing room prior to publication production.,BlackCat,2025-03-28,3.0,3.0,2.0,4.0,3.0,3.0
1785,Editors,"Assign topics, events and stories to individual writers or reporters for coverage.",BlackCat,2025-03-28,2.0,4.0,2.0,4.0,5.0,4.0
1787,Editors,"Monitor news-gathering operations to ensure utilization of all news sources, such as press releases, telephone contacts, radio, television, wire services, and other reporters.",BlackCat,2025-03-28,4.0,2.0,2.0,4.0,2.0,2.0
1791,Editors,"Select local, state, national, and international news items received from wire services, based on assessment of items' significance and interest value.",BlackCat,2025-03-28,2.0,4.0,2.0,4.0,5.0,4.0
1778,Editors,"Allocate print space for story text, photos, and illustrations according to space parameters and copy significance, using knowledge of layout principles.",BlackCat,2025-03-28,2.0,4.0,2.0,4.0,5.0,4.0
1790,Editors,Make manuscript acceptance or revision recommendations to the publisher.,BlackCat,2025-03-28,3.0,2.0,3.0,5.0,4.0,3.0
3966,Technical Writers,"Organize material and complete writing assignment according to set standards regarding order, clarity, conciseness, style, and terminology.",BlackCat,2025-03-28,3.0,4.0,2.0,4.0,3.0,3.0
3967,Technical Writers,Maintain records and files of work and revisions.,BlackCat,2025-03-28,4.0,2.0,2.0,4.0,2.0,2.0
3968,Technical Writers,"Edit, standardize, or make changes to material prepared by other writers or establishment personnel.",BlackCat,2025-03-28,3.0,4.0,2.0,3.0,5.0,3.0
3971,Technical Writers,"Select photographs, drawings, sketches, diagrams, and charts to illustrate material.",BlackCat,2025-03-28,2.0,4.0,2.0,4.0,4.0,4.0
20243,Technical Writers,Develop or maintain online help documentation.,BlackCat,2025-03-28,3.0,2.0,2.0,4.0,4.0,3.0
3976,Technical Writers,Assist in laying out material for publication.,BlackCat,2025-03-28,3.0,2.0,3.0,4.0,4.0,3.0
3975,Technical Writers,"Arrange for typing, duplication, and distribution of material.",BlackCat,2025-03-28,2.0,4.0,2.0,4.0,5.0,4.0
3978,Technical Writers,"Review manufacturer's and trade catalogs, drawings and other data relative to operation, maintenance, and service of equipment.",BlackCat,2025-03-28,4.0,2.0,2.0,4.0,2.0,2.0
3977,Technical Writers,Analyze developments in specific field to determine need for revisions in previously published materials and development of new material.,BlackCat,2025-03-28,4.0,2.0,2.0,4.0,3.0,2.0
3979,Technical Writers,Draw sketches to illustrate specified materials or assembly sequence.,BlackCat,2025-03-28,3.0,3.0,3.0,5.0,2.0,3.0
3517,Cartographers and Photogrammetrists,"Compile data required for map preparation, including aerial photographs, survey notes, records, reports, and original maps.",PurpleBear,2025-03-28,3.0,2.0,2.0,4.0,3.0,5.0
3524,Cartographers and Photogrammetrists,"Prepare and alter trace maps, charts, tables, detailed drawings, and three-dimensional optical models of terrain using stereoscopic plotting and computer graphics equipment.",PurpleBear,2025-03-28,4.0,2.0,2.0,4.0,2.0,2.0
3518,Cartographers and Photogrammetrists,Inspect final compositions to ensure completeness and accuracy.,PurpleBear,2025-03-28,2.0,1.0,2.0,4.0,3.0,4.0
3516,Cartographers and Photogrammetrists,"Revise existing maps and charts, making all necessary corrections and adjustments.",PurpleBear,2025-03-28,3.0,2.0,3.0,4.0,2.0,4.0
3514,Cartographers and Photogrammetrists,"Identify, scale, and orient geodetic points, elevations, and other planimetric or topographic features, applying standard mathematical formulas.",PurpleBear,2025-03-28,4.0,1.0,2.0,4.0,1.0,1.0
3515,Cartographers and Photogrammetrists,"Collect information about specific features of the Earth, using aerial photography and other digital remote sensing techniques.",PurpleBear,2025-03-28,4.0,1.0,2.0,4.0,1.0,2.0
3520,Cartographers and Photogrammetrists,"Examine and analyze data from ground surveys, reports, aerial photographs, and satellite images to prepare topographic maps, aerial-photograph mosaics, and related charts.",PurpleBear,2025-03-28,4.0,1.0,2.0,4.0,1.0,2.0
3523,Cartographers and Photogrammetrists,Build and update digital databases.,PurpleBear,2025-03-28,4.0,1.0,3.0,4.0,2.0,2.0
3519,Cartographers and Photogrammetrists,"Determine map content and layout, as well as production specifications such as scale, size, projection, and colors, and direct production to ensure that specifications are followed.",PurpleBear,2025-03-28,3.0,1.0,3.0,4.0,3.0,4.0
3525,Cartographers and Photogrammetrists,Determine guidelines that specify which source material is acceptable for use.,PurpleBear,2025-03-28,2.0,1.0,3.0,4.0,2.0,4.0
3533,Surveyors,"Prepare, or supervise preparation of, all data, charts, plots, maps, records, and documents related to surveys.",PurpleBear,2025-03-28,3.0,2.0,3.0,4.0,2.0,2.0
3528,Surveyors,"Prepare and maintain sketches, maps, reports, and legal descriptions of surveys to describe, certify, and assume liability for work performed.",PurpleBear,2025-03-28,3.0,1.0,5.0,4.0,2.0,3.0
3534,Surveyors,"Write descriptions of property boundary surveys for use in deeds, leases, or other legal documents.",PurpleBear,2025-03-28,2.0,4.0,4.0,4.0,3.0,4.0
3536,Surveyors,"Search legal records, survey records, and land titles to obtain information about property boundaries in areas to be surveyed.",PurpleBear,2025-03-28,3.0,3.0,4.0,4.0,2.0,3.0
3537,Surveyors,"Coordinate findings with the work of engineering and architectural personnel, clients, and others concerned with projects.",PurpleBear,2025-03-28,2.0,1.0,4.0,5.0,5.0,5.0
3532,Surveyors,"Calculate heights, depths, relative positions, property lines, and other characteristics of terrain.",PurpleBear,2025-03-28,2.0,4.0,2.0,4.0,2.0,5.0
3531,Surveyors,"Record the results of surveys, including the shape, contour, location, elevation, and dimensions of land or land features.",PurpleBear,2025-03-28,2.0,4.0,3.0,4.0,2.0,4.0
3543,Surveyors,"Compute geodetic measurements and interpret survey data to determine positions, shapes, and elevations of geomorphic and topographic features.",PurpleBear,2025-03-28,2.0,4.0,3.0,4.0,1.0,4.0
3542,Surveyors,Analyze survey objectives and specifications to prepare survey proposals or to direct others in survey proposal preparation.,PurpleBear,2025-03-28,2.0,1.0,3.0,4.0,4.0,4.0
16299,Geodetic Surveyors,Analyze control or survey data to ensure adherence to project specifications or land survey standards.,PurpleBear,2025-03-28,3.0,2.0,4.0,4.0,2.0,2.0
16298,Geodetic Surveyors,Calculate the exact horizontal and vertical position of points on the Earth's surface.,PurpleBear,2025-03-28,2.0,2.0,3.0,4.0,1.0,2.0
16295,Geodetic Surveyors,"Maintain databases of geodetic and related information, including coordinate, descriptive, or quality assurance data.",PurpleBear,2025-03-28,3.0,1.0,2.0,4.0,2.0,2.0
16292,Geodetic Surveyors,Verify the mathematical correctness of newly collected survey data.,PurpleBear,2025-03-28,3.0,1.0,3.0,4.0,2.0,2.0
16297,Geodetic Surveyors,"Compute horizontal and vertical coordinates of control networks, using direct leveling or other geodetic survey techniques, such as triangulation, trilateration, and traversing, to establish features of the Earth's surface.",PurpleBear,2025-03-28,3.0,3.0,3.0,4.0,1.0,3.0
16300,Geodetic Surveyors,"Assess the quality of control data to determine the need for additional survey data for engineering, construction, or other projects.",PurpleBear,2025-03-28,3.0,1.0,4.0,4.0,2.0,2.0
16290,Geodetic Surveyors,Distribute compiled geodetic data to government agencies or the general public.,PurpleBear,2025-03-28,2.0,2.0,3.0,4.0,4.0,4.0
16293,Geodetic Surveyors,Request additional survey data when field collection errors occur or engineering surveying specifications are not maintained.,PurpleBear,2025-03-28,2.0,4.0,4.0,4.0,5.0,5.0
16291,Geodetic Surveyors,"Read current literature, talk with colleagues, continue education, or participate in professional organizations or conferences to keep abreast of developments in technology, equipment, or systems.",PurpleBear,2025-03-28,2.0,2.0,2.0,4.0,4.0,5.0
16288,Geodetic Surveyors,Provide training and interpretation in the use of methods or procedures for observing and checking controls for geodetic and plane coordinates.,PurpleBear,2025-03-28,2.0,3.0,2.0,4.0,5.0,5.0
16294,Geodetic Surveyors,Prepare progress or technical reports.,PurpleBear,2025-03-28,3.0,1.0,4.0,4.0,3.0,4.0
16287,Geodetic Surveyors,"Review existing standards, controls, or equipment used, recommending changes or upgrades as needed.",PurpleBear,2025-03-28,2.0,2.0,4.0,4.0,4.0,4.0
2536,Procurement Clerks,"Review requisition orders to verify accuracy, terminology, and specifications.",BrownFox,2025-03-31,5.0,2.0,2.0,2.0,2.0,2.0
17234,Radiologists,Participate in continuing education activities to maintain and develop expertise.,BrownFox,2025-03-31,3.0,4.0,4.0,5.0,4.0,3.0
23299,"Credit Authorizers, Checkers, and Clerks","Obtain information about potential creditors from banks, credit bureaus, and other credit services, and provide reciprocal information if requested.",BrownFox,2025-03-31,5.0,1.0,1.0,1.0,1.0,1.0
9421,Medical Transcriptionists,"Produce medical reports, correspondence, records, patient-care information, statistics, medical research, and administrative material.",BrownFox,2025-03-31,5.0,1.0,1.0,1.0,1.0,1.0
23291,"Court, Municipal, and License Clerks",Research information in the municipal archives upon request of public officials or private citizens.,BrownFox,2025-03-31,5.0,1.0,1.0,1.0,1.0,1.0
9739,"Eligibility Interviewers, Government Programs","Keep records of assigned cases, and prepare required reports.",BrownFox,2025-03-31,4.0,2.0,2.0,4.0,3.0,2.0
17550,Intelligence Analysts,Link or chart suspects to criminal organizations or events to determine activities and interrelationships.,BrownFox,2025-03-31,4.0,3.0,3.0,4.0,3.0,3.0
4621,Telemarketers,"Obtain customer information such as name, address, and payment method, and enter orders into computers.",BrownFox,2025-03-31,5.0,1.0,1.0,1.0,1.0,1.0
2538,Procurement Clerks,"Compare prices, specifications, and delivery dates to determine the best bid among potential suppliers.",BrownFox,2025-03-31,5.0,1.0,1.0,2.0,2.0,2.0
23241,Billing and Posting Clerks,"Perform bookkeeping work, including posting data or keeping other records concerning costs of goods or services or the shipment of goods.",BrownFox,2025-03-31,5.0,1.0,1.0,1.0,1.0,1.0
2486,"Bookkeeping, Accounting, and Auditing Clerks","Check figures, postings, and documents for correct entry, mathematical accuracy, and proper codes.",BrownFox,2025-03-31,3.0,3.0,3.0,3.0,3.0,3.0
11241,"Sales Representatives, Wholesale and Manufacturing, Technical and Scientific Products","Maintain customer records, using automated systems.",BrownFox,2025-03-31,5.0,1.0,1.0,1.0,1.0,1.0
4618,Telemarketers,"Deliver prepared sales talks, reading from scripts that describe products or services, to persuade potential customers to purchase a product or service or to make a donation.",BrownFox,2025-03-31,4.0,3.0,3.0,3.0,5.0,3.0
11283,Correspondence Clerks,"Compute costs of records furnished to requesters, and write letters to obtain payment.",BrownFox,2025-03-31,5.0,1.0,1.0,1.0,1.0,1.0
4067,Film and Video Editors,Develop post-production models for films.,BrownFox,2025-03-31,4.0,2.0,2.0,4.0,5.0,4.0
22819,Radiologic Technologists and Technicians,"Record, process, and maintain patient data or treatment records and prepare reports.",BrownFox,2025-03-31,5.0,1.0,1.0,1.0,1.0,1.0
9710,First-Line Supervisors of Office and Administrative Support Workers,"Review records or reports pertaining to activities such as production, payroll, or shipping to verify details, monitor work activities, or evaluate performance.",BrownFox,2025-03-31,4.0,2.0,2.0,4.0,5.0,3.0
9745,"Eligibility Interviewers, Government Programs",Monitor the payments of benefits throughout the duration of a claim.,BrownFox,2025-03-31,4.0,2.0,2.0,3.0,4.0,3.0
20572,Cytogenetic Technologists,Communicate to responsible parties unacceptable specimens and suggest remediation for future submissions.,BrownFox,2025-03-31,5.0,3.0,3.0,5.0,5.0,3.0
2545,Procurement Clerks,"Maintain knowledge of all organizational and governmental rules affecting purchases, and provide information about these rules to organization staff members and to vendors.",BrownFox,2025-03-31,5.0,1.0,1.0,2.0,2.0,1.0
2535,Procurement Clerks,"Contact suppliers to schedule or expedite deliveries and to resolve shortages, missed or late deliveries, and other problems.",BrownFox,2025-03-31,5.0,2.0,2.0,2.0,2.0,2.0
2524,Payroll and Timekeeping Clerks,Complete time sheets showing employees' arrival and departure times.,BrownFox,2025-03-31,5.0,1.0,1.0,1.0,1.0,1.0
18560,Bill and Account Collectors,Contact insurance companies to check on status of claims payments and write appeal letters for denial on claims.,BrownFox,2025-03-31,5.0,1.0,1.0,1.0,1.0,1.0
8148,Brokerage Clerks,"Prepare forms, such as receipts, withdrawal orders, transmittal papers, or transfer confirmations, based on transaction requests from stockholders.",BrownFox,2025-03-31,3.0,3.0,3.0,5.0,5.0,4.0
11285,Correspondence Clerks,Prepare records for shipment by certified mail.,BrownFox,2025-03-31,5.0,1.0,1.0,1.0,1.0,1.0
23280,"Court, Municipal, and License Clerks","Perform record checks on past or current licensees, as required by investigations.",BrownFox,2025-03-31,5.0,2.0,2.0,3.0,2.0,2.0
23301,"Credit Authorizers, Checkers, and Clerks","Evaluate customers' computerized credit records and payment histories to decide whether to approve new credit, based on predetermined standards.",BrownFox,2025-03-31,4.0,2.0,2.0,4.0,4.0,2.0
2473,Bill and Account Collectors,"Locate and monitor overdue accounts, using computers and a variety of automated systems.",BrownFox,2025-03-31,5.0,1.0,1.0,1.0,1.0,1.0
23197,"Securities, Commodities, and Financial Services Sales Agents",Complete sales order tickets and submit for processing of client-requested transactions.,BrownFox,2025-03-31,5.0,1.0,1.0,1.0,2.0,2.0
2474,Bill and Account Collectors,Record information about financial status of customers and status of collection efforts.,BrownFox,2025-03-31,5.0,2.0,2.0,4.0,5.0,2.0
2522,Payroll and Timekeeping Clerks,Keep informed about changes in tax and deduction laws that apply to the payroll process.,BrownFox,2025-03-31,5.0,2.0,2.0,4.0,4.0,2.0
9725,First-Line Supervisors of Office and Administrative Support Workers,Monitor inventory levels and requisition or purchase supplies as needed.,BrownFox,2025-04-01,5.0,2.0,2.0,2.0,4.0,2.0
9416,Medical Transcriptionists,"Return dictated reports in printed or electronic form for physician's review, signature, and corrections and for inclusion in patients' medical records.",BrownFox,2025-04-01,5.0,2.0,2.0,2.0,2.0,2.0
4627,Telemarketers,"Maintain records of contacts, accounts, and orders.",BrownFox,2025-04-01,5.0,1.0,1.0,1.0,1.0,1.0
2582,Customer Service Representatives,Refer unresolved customer grievances to designated departments for further investigation.,BrownFox,2025-04-01,3.0,3.0,3.0,3.0,5.0,3.0
18561,"Bookkeeping, Accounting, and Auditing Clerks",Prepare and process payroll information.,BrownFox,2025-04-01,5.0,1.0,1.0,1.0,1.0,1.0
2585,Customer Service Representatives,"Obtain and examine all relevant information to assess validity of complaints and to determine possible causes, such as extreme weather conditions that could increase utility bills.",BrownFox,2025-04-01,5.0,1.0,1.0,1.0,1.0,1.0
2540,Procurement Clerks,"Calculate costs of orders, and charge or forward invoices to appropriate accounts.",BrownFox,2025-04-01,5.0,1.0,1.0,1.0,1.0,1.0
20786,Procurement Clerks,Approve and pay bills.,BrownFox,2025-04-01,5.0,1.0,1.0,1.0,1.0,1.0
2544,Procurement Clerks,"Locate suppliers, using sources such as catalogs and the internet, and interview them to gather information about products to be ordered.",BrownFox,2025-04-01,4.0,2.0,2.0,3.0,3.0,2.0
8147,Brokerage Clerks,"Schedule and coordinate transfer and delivery of security certificates between companies, departments, and customers.",BrownFox,2025-04-01,3.0,3.0,3.0,3.0,3.0,3.0
4623,Telemarketers,Adjust sales scripts to better target the needs and interests of specific individuals.,BrownFox,2025-04-01,5.0,1.0,1.0,1.0,3.0,1.0
11289,Correspondence Clerks,Process orders for goods requested in correspondence.,BrownFox,2025-04-01,5.0,2.0,2.0,2.0,5.0,2.0
23245,Billing and Posting Clerks,"Review documents, such as purchase orders, sales tickets, charge slips, or hospital records, to compute fees or charges due.",BrownFox,2025-04-01,5.0,1.0,1.0,1.0,1.0,1.0
4089,Radiation Therapists,"Maintain records, reports, or files as required, including such information as radiation dosages, equipment settings, or patients' reactions.",BrownFox,2025-04-01,5.0,2.0,2.0,5.0,5.0,2.0
21181,"Administrative Law Judges, Adjudicators, and Hearing Officers",Schedule hearings.,WhiteHorse,2025-04-06,3.0,2.0,3.0,4.0,3.0,3.0
20499,"Electronics Engineers, Except Computer",Provide technical support or instruction to staff or customers regarding electronics equipment standards.,PurpleBear,2025-04-01,2.0,2.0,3.0,4.0,5.0,3.0
18607,Industrial Engineers,"Estimate production costs, cost saving methods, and the effects of product design changes on expenditures for management review, action, and control.",PurpleBear,2025-04-01,2.0,2.0,4.0,4.0,3.0,3.0
21945,Electrical and Electronics Drafters,"Draft working drawings, wiring diagrams, wiring connection specifications, or cross-sections of underground cables, as required for instructions to installation crew.",PurpleBear,2025-04-01,3.0,1.0,4.0,4.0,2.0,3.0
16437,Automotive Engineers,"Design or analyze automobile systems in areas such as aerodynamics, alternate fuels, ergonomics, hybrid power, brakes, transmissions, steering, calibration, safety, or diagnostics.",PurpleBear,2025-04-01,2.0,3.0,5.0,4.0,2.0,4.0
18178,Manufacturing Engineers,Prepare documentation for new manufacturing processes or engineering procedures.,PurpleBear,2025-04-01,2.0,2.0,3.0,4.0,3.0,4.0
20497,"Electronics Engineers, Except Computer",Operate computer-assisted engineering or design software or equipment to perform electronics engineering tasks.,PurpleBear,2025-04-01,2.0,4.0,2.0,4.0,1.0,5.0
20962,Manufacturing Engineers,"Determine root causes of failures or recommend changes in designs, tolerances, or processing methods, using statistical procedures.",PurpleBear,2025-04-01,2.0,2.0,4.0,4.0,3.0,4.0
18174,Manufacturing Engineers,"Estimate costs, production times, or staffing requirements for new designs.",PurpleBear,2025-04-01,2.0,1.0,4.0,4.0,3.0,3.0
21994,Electrical and Electronic Engineering Technologists and Technicians,"Research equipment or component needs, sources, competitive prices, delivery times, or ongoing operational costs.",PurpleBear,2025-04-01,4.0,1.0,3.0,3.0,2.0,2.0
16467,Mechatronics Engineers,"Create mechanical design documents for parts, assemblies, or finished products.",PurpleBear,2025-04-01,3.0,2.0,2.0,4.0,3.0,2.0
22005,Electro-Mechanical and Mechatronics Technologists and Technicians,"Analyze engineering designs of logic or digital circuitry, motor controls, instrumentation, or data acquisition for implementation into new or existing automated, servomechanical, or other electromechanical systems.",PurpleBear,2025-04-01,2.0,2.0,3.0,4.0,3.0,3.0
16430,Automotive Engineers,Develop or integrate control feature requirements.,PurpleBear,2025-04-01,2.0,2.0,5.0,4.0,3.0,5.0
16323,Transportation Engineers,"Design or prepare plans for new transportation systems or parts of systems, such as airports, commuter trains, highways, streets, bridges, drainage structures, or roadway lighting.",PurpleBear,2025-04-01,2.0,4.0,5.0,5.0,4.0,5.0
1399,Industrial Engineers,"Review production schedules, engineering specifications, orders, and related information to obtain knowledge of manufacturing methods, procedures, and activities.",PurpleBear,2025-04-01,4.0,1.0,2.0,3.0,2.0,2.0
21926,Architectural and Civil Drafters,"Draw rough and detailed scale plans for foundations, buildings, and structures, based on preliminary concepts, sketches, engineering calculations, specification sheets, and other data.",PurpleBear,2025-04-02,2.0,1.0,4.0,4.0,3.0,4.0
21964,Electrical and Electronics Drafters,"Determine the order of work and the method of presentation, such as orthographic or isometric drawing.",PurpleBear,2025-04-02,3.0,1.0,2.0,4.0,1.0,2.0
1420,Mechanical Engineers,"Conduct research that tests or analyzes the feasibility, design, operation, or performance of equipment, components, or systems.",PurpleBear,2025-04-02,2.0,3.0,3.0,4.0,2.0,5.0
22016,Electro-Mechanical and Mechatronics Technologists and Technicians,"Produce electrical, electronic, or mechanical drawings or other related documents or graphics necessary for electromechanical design, using computer-aided design (CAD) software.",PurpleBear,2025-04-02,2.0,1.0,2.0,4.0,2.0,2.0
7396,Computer Hardware Engineers,"Build, test, and modify product prototypes, using working models or theoretical models constructed with computer simulation.",PurpleBear,2025-04-02,2.0,5.0,2.0,3.0,3.0,5.0
18133,Validation Engineers,"Create, populate, or maintain databases for tracking validation activities, test results, or validated systems.",PurpleBear,2025-04-02,3.0,1.0,3.0,3.0,2.0,2.0
16540,Nanosystems Engineers,"Provide scientific or technical guidance or expertise to scientists, engineers, technologists, technicians, or others, using knowledge of chemical, analytical, or biological processes as applied to micro and nanoscale systems.",PurpleBear,2025-04-02,3.0,1.0,3.0,5.0,4.0,2.0
7401,Computer Hardware Engineers,"Store, retrieve, and manipulate data for analysis of system capabilities and requirements.",PurpleBear,2025-04-02,2.0,1.0,2.0,3.0,2.0,2.0
1451,Mechanical Drafters,Position instructions and comments onto drawings.,PurpleBear,2025-04-02,4.0,1.0,2.0,2.0,2.0,1.0
19648,"Energy Engineers, Except Wind and Solar",Write or install energy management routines for building automation systems.,PurpleBear,2025-04-02,2.0,4.0,1.0,3.0,4.0,2.0
19631,Mechanical Engineers,Recommend the use of utility or energy services that minimize carbon footprints.,PurpleBear,2025-04-02,3.0,1.0,3.0,3.0,3.0,3.0
22007,Electro-Mechanical and Mechatronics Technologists and Technicians,Conduct statistical studies to analyze or compare production costs for sustainable and nonsustainable designs.,PurpleBear,2025-04-02,3.0,1.0,3.0,3.0,2.0,3.0
22076,Mechanical Engineering Technologists and Technicians,Conduct statistical studies to analyze or compare production costs for sustainable and nonsustainable designs.,PurpleBear,2025-04-02,3.0,1.0,3.0,3.0,2.0,3.0
16512,Robotics Engineers,"Review or approve designs, calculations, or cost estimates.",PurpleBear,2025-04-02,3.0,1.0,3.0,4.0,2.0,4.0
18128,Validation Engineers,"Design validation study features, such as sampling, testing, or analytical methodologies.",PurpleBear,2025-04-02,3.0,1.0,3.0,3.0,2.0,3.0
16502,Microsystems Engineers,"Develop formal documentation for microelectromechanical systems (MEMS) devices, including quality assurance guidance, quality control protocols, process control checklists, data collection, or reporting.",PurpleBear,2025-04-02,3.0,1.0,2.0,4.0,2.0,3.0
1459,Mechanical Drafters,"Lay out, draw, and reproduce illustrations for reference manuals and technical publications to describe operation and maintenance of mechanical systems.",PurpleBear,2025-04-02,4.0,1.0,2.0,2.0,2.0,2.0
18170,Manufacturing Engineers,"Communicate manufacturing capabilities, production schedules, or other information to facilitate production processes.",PurpleBear,2025-04-02,3.0,1.0,2.0,3.0,5.0,2.0
16523,Robotics Engineers,Conduct research on robotic technology to create new robotic systems or system capabilities.,PurpleBear,2025-04-02,4.0,1.0,2.0,4.0,2.0,2.0
22084,Mechanical Engineering Technologists and Technicians,"Prepare layouts of machinery, tools, plants, or equipment.",PurpleBear,2025-04-02,4.0,1.0,2.0,2.0,2.0,2.0
21917,Architectural and Civil Drafters,"Produce drawings, using computer-assisted drafting systems (CAD) or drafting machines, or by hand, using compasses, dividers, protractors, triangles, and other drafting devices.",PurpleBear,2025-04-02,4.0,2.0,2.0,2.0,2.0,2.0
16564,Solar Energy Systems Engineers,Review specifications and recommend engineering or manufacturing changes to achieve solar design objectives.,PurpleBear,2025-04-02,2.0,2.0,2.0,3.0,3.0,3.0
21920,Architectural and Civil Drafters,"Analyze building codes, by-laws, space and site requirements, and other technical documents and reports to determine their effect on architectural designs.",PurpleBear,2025-04-02,3.0,1.0,5.0,4.0,3.0,3.0
1463,Civil Engineering Technologists and Technicians,"Analyze proposed site factors and design maps, graphs, tracings, and diagrams to illustrate findings.",PurpleBear,2025-04-02,2.0,4.0,3.0,3.0,3.0,4.0
21955,Electrical and Electronics Drafters,Draw master sketches to scale showing relation of proposed installations to existing facilities and exact specifications and dimensions.,PurpleBear,2025-04-02,4.0,1.0,3.0,3.0,3.0,2.0
20858,"Energy Engineers, Except Wind and Solar",Verify energy bills and meter readings.,PurpleBear,2025-04-02,3.0,3.0,2.0,2.0,2.0,3.0
16505,Microsystems Engineers,"Conduct analyses addressing issues such as failure, reliability, or yield improvement.",PurpleBear,2025-04-02,2.0,3.0,3.0,4.0,3.0,3.0
16411,Fuel Cell Engineers,Identify or define vehicle and system integration challenges for fuel cell vehicles.,PurpleBear,2025-04-02,3.0,2.0,3.0,4.0,2.0,3.0
5348,"Electronics Engineers, Except Computer","Prepare documentation containing information such as confidential descriptions or specifications of proprietary hardware or software, product development or introduction schedules, product costs, or information about product performance weaknesses.",PurpleBear,2025-04-02,4.0,1.0,3.0,3.0,3.0,2.0
16434,Automotive Engineers,"Calibrate vehicle systems, including control algorithms or other software systems.",PurpleBear,2025-04-02,2.0,4.0,5.0,4.0,3.0,5.0
19664,Photonics Engineers,"Design photonics products, such as light sources, displays, or photovoltaics, to achieve increased energy efficiency.",PurpleBear,2025-04-02,2.0,2.0,3.0,4.0,3.0,4.0
3590,Petroleum Engineers,Assign work to staff to obtain maximum utilization of personnel.,PurpleBear,2025-04-02,2.0,1.0,3.0,3.0,5.0,3.0
16399,Fuel Cell Engineers,"Read current literature, attend meetings or conferences, or talk with colleagues to stay abreast of new technology or competitive products.",PurpleBear,2025-04-02,4.0,1.0,2.0,4.0,2.0,2.0
21939,Architectural and Civil Drafters,"Plot characteristics of boreholes for oil and gas wells from photographic subsurface survey recordings and other data, representing depth, degree, and direction of inclination.",PurpleBear,2025-04-02,4.0,1.0,5.0,4.0,2.0,2.0
16572,Solar Energy Systems Engineers,"Create electrical single-line diagrams, panel schedules, or connection diagrams for solar electric systems, using computer-aided design (CAD) software.",PurpleBear,2025-04-02,4.0,1.0,3.0,3.0,1.0,2.0
20963,Manufacturing Engineers,Design tests of finished products or process capabilities to establish standards or validate process requirements.,PurpleBear,2025-04-02,2.0,3.0,3.0,3.0,2.0,4.0
1453,Mechanical Drafters,"Design scale or full-size blueprints of specialty items, such as furniture and automobile body or chassis components.",PurpleBear,2025-04-02,4.0,1.0,2.0,2.0,3.0,2.0
21992,Electrical and Electronic Engineering Technologists and Technicians,Procure parts and maintain inventory and related documentation.,PurpleBear,2025-04-02,3.0,5.0,1.0,1.0,5.0,5.0
1461,Civil Engineering Technologists and Technicians,"Calculate dimensions, square footage, profile and component specifications, and material quantities, using calculator or computer.",PurpleBear,2025-04-02,5.0,1.0,3.0,3.0,1.0,1.0
1346,Aerospace Engineers,Maintain records of performance reports for future reference.,PurpleBear,2025-04-02,4.0,2.0,3.0,2.0,2.0,2.0
1340,Aerospace Engineers,"Write technical reports or other documentation, such as handbooks or bulletins, for use by engineering staff, management, or customers.",PurpleBear,2025-04-02,4.0,1.0,3.0,4.0,2.0,3.0
21929,Architectural and Civil Drafters,"Determine procedures and instructions to be followed, according to design specifications and quantity of required materials.",PurpleBear,2025-04-02,4.0,1.0,2.0,2.0,3.0,2.0
9753,Reservation and Transportation Ticket Agents and Travel Clerks,"Assemble and issue required documentation, such as tickets, travel insurance policies, or itineraries.",PinkElephant,2025-04-03,2.0,4.0,4.0,3.0,2.0,4.0
19947,Fuel Cell Engineers,"Coordinate fuel cell engineering or test schedules with departments outside engineering, such as manufacturing.",PurpleBear,2025-04-04,2.0,2.0,3.0,2.0,5.0,4.0
16435,Automotive Engineers,Build models for algorithm or control feature verification testing.,PurpleBear,2025-04-04,3.0,2.0,4.0,4.0,3.0,2.0
21936,Architectural and Civil Drafters,Calculate excavation tonnage and prepare graphs and fill-hauling diagrams for use in earth-moving operations.,PurpleBear,2025-04-04,5.0,1.0,2.0,2.0,1.0,1.0
21991,Electrical and Electronic Engineering Technologists and Technicians,"Integrate software or hardware components, using computer, microprocessor, or control architecture.",PurpleBear,2025-04-04,2.0,3.0,2.0,3.0,1.0,4.0
21924,Architectural and Civil Drafters,"Determine the order of work and method of presentation, such as orthographic or isometric drawing.",PurpleBear,2025-04-04,4.0,1.0,2.0,3.0,2.0,3.0
21919,Architectural and Civil Drafters,"Coordinate structural, electrical, and mechanical designs and determine a method of presentation to graphically represent building plans.",PurpleBear,2025-04-04,3.0,1.0,2.0,3.0,4.0,4.0
16311,Transportation Engineers,Plan alteration or modification of existing transportation structures to improve safety or function.,PurpleBear,2025-04-04,3.0,2.0,4.0,4.0,4.0,4.0
3591,Petroleum Engineers,Interpret drilling and testing information for personnel.,PurpleBear,2025-04-04,3.0,1.0,5.0,3.0,4.0,4.0
21983,Electrical and Electronic Engineering Technologists and Technicians,"Review existing electrical engineering criteria to identify necessary revisions, deletions, or amendments to outdated material.",PurpleBear,2025-04-04,4.0,1.0,3.0,4.0,1.0,2.0
18205,Photonics Engineers,"Read current literature, talk with colleagues, continue education, or participate in professional organizations or conferences to keep abreast of developments in the field.",PurpleBear,2025-04-04,4.0,2.0,2.0,3.0,5.0,2.0
21984,Electrical and Electronic Engineering Technologists and Technicians,Maintain system logs or manuals to document testing or operation of equipment.,PurpleBear,2025-04-04,4.0,2.0,2.0,2.0,2.0,2.0
16473,Mechatronics Engineers,"Design, develop, or implement control circuits or algorithms for electromechanical or pneumatic devices or systems.",PurpleBear,2025-04-04,3.0,3.0,3.0,4.0,2.0,4.0
22085,Mechanical Engineering Technologists and Technicians,"Prepare specifications, designs, or sketches for machines, components, or systems related to the generation, transmission, or use of mechanical or fluid energy.",PurpleBear,2025-04-04,3.0,3.0,2.0,3.0,2.0,2.0
16309,Transportation Engineers,"Prepare project budgets, schedules, or specifications for labor or materials.",PurpleBear,2025-04-04,3.0,1.0,3.0,3.0,5.0,4.0
3585,Petroleum Engineers,"Develop plans for oil and gas field drilling, and for product recovery and treatment.",PurpleBear,2025-04-04,3.0,3.0,4.0,4.0,2.0,4.0
22086,Mechanical Engineering Technologists and Technicians,"Provide technical support to other employees regarding mechanical design, fabrication, testing, or documentation.",PurpleBear,2025-04-04,3.0,2.0,3.0,3.0,5.0,4.0
20494,"Electronics Engineers, Except Computer","Evaluate project work to ensure effectiveness, technical adequacy, or compatibility in the resolution of complex electronics engineering problems.",PurpleBear,2025-04-04,2.0,4.0,3.0,4.0,5.0,5.0
16367,Radio Frequency Identification Device Specialists,Define and compare possible radio frequency identification device (RFID) solutions to inform selection for specific projects.,PurpleBear,2025-04-04,3.0,2.0,3.0,3.0,3.0,4.0
18157,"Energy Engineers, Except Wind and Solar",Promote awareness or use of alternative or renewable energy sources.,PurpleBear,2025-04-04,4.0,2.0,2.0,3.0,5.0,3.0
21989,Electrical and Electronic Engineering Technologists and Technicians,"Compile and maintain records documenting engineering schematics, installed equipment, installation or operational problems, resources used, repairs, or corrective action performed.",PurpleBear,2025-04-04,3.0,2.0,2.0,3.0,3.0,2.0
20725,Aerospace Engineers,"Evaluate product data or design from inspections or reports for conformance to engineering principles, customer requirements, environmental regulations, or quality standards.",PurpleBear,2025-04-04,4.0,1.0,4.0,4.0,1.0,3.0
18146,Validation Engineers,"Prepare, maintain, or review validation and compliance documentation, such as engineering change notices, schematics, or protocols.",PurpleBear,2025-04-04,4.0,1.0,3.0,3.0,2.0,2.0
21928,Architectural and Civil Drafters,Check dimensions of materials to be used and assign numbers to lists of materials.,PurpleBear,2025-04-04,5.0,1.0,1.0,2.0,1.0,1.0
1394,Industrial Engineers,Plan and establish sequence of operations to fabricate and assemble parts or products and to promote efficient utilization.,PurpleBear,2025-04-04,3.0,2.0,3.0,3.0,3.0,3.0
3647,Environmental Engineering Technologists and Technicians,"Obtain product information, identify vendors or suppliers, or order materials or equipment to maintain inventory.",PurpleBear,2025-04-04,3.0,2.0,3.0,3.0,3.0,3.0
1465,Civil Engineering Technologists and Technicians,Prepare reports and document project activities and data.,PurpleBear,2025-04-04,3.0,2.0,3.0,3.0,3.0,3.0
1351,Electrical Engineers,"Perform detailed calculations to compute and establish manufacturing, construction, or installation standards or specifications.",PurpleBear,2025-04-04,4.0,1.0,4.0,3.0,2.0,2.0
21921,Architectural and Civil Drafters,"Draw maps, diagrams, and profiles, using cross-sections and surveys, to represent elevations, topographical contours, subsurface formations, and structures.",PurpleBear,2025-04-04,4.0,1.0,1.0,3.0,3.0,2.0
20492,Civil Engineers,"Analyze survey reports, maps, drawings, blueprints, aerial photography, or other topographical or geologic data.",PurpleBear,2025-04-04,3.0,1.0,3.0,3.0,1.0,3.0
21954,Electrical and Electronics Drafters,"Design electrical systems, such as lighting systems.",PurpleBear,2025-04-04,3.0,3.0,2.0,2.0,3.0,2.0
16569,Solar Energy Systems Engineers,Perform computer simulation of solar photovoltaic (PV) generation system performance or energy production to optimize efficiency.,PurpleBear,2025-04-04,5.0,1.0,2.0,2.0,1.0,1.0
16429,Automotive Engineers,"Perform failure, variation, or root cause analyses.",PurpleBear,2025-04-04,3.0,5.0,5.0,4.0,4.0,4.0
16525,Robotics Engineers,"Conduct research into the feasibility, design, operation, or performance of robotic mechanisms, components, or systems, such as planetary rovers, multiple mobile robots, reconfigurable robots, or man-machine interactions.",PurpleBear,2025-04-04,2.0,4.0,3.0,4.0,3.0,4.0
14677,Computer Systems Engineers/Architects,"Investigate system component suitability for specified purposes, and make recommendations regarding component use.",YellowZebra,2025-04-05,3.0,1.0,2.0,4.0,2.0,2.0
21730,Geographic Information Systems Technologists and Technicians,"Document, design, code, or test Geographic Information Systems (GIS) models, internet mapping solutions, or other applications.",YellowZebra,2025-04-05,2.0,3.0,3.0,4.0,3.0,3.0
14633,Computer and Information Research Scientists,Design computers and the software that runs them.,YellowZebra,2025-04-05,3.0,1.0,2.0,4.0,2.0,2.0
19012,Computer Network Support Specialists,Run monthly network reports.,YellowZebra,2025-04-05,4.0,2.0,2.0,4.0,2.0,2.0
21049,Computer Programmers,Develop Web sites.,YellowZebra,2025-04-05,4.0,1.0,2.0,3.0,2.0,2.0
20366,Telecommunications Engineering Specialists,"Instruct in use of voice, video, and data communications systems.",YellowZebra,2025-04-05,3.0,2.0,2.0,3.0,4.0,2.0
16151,Information Technology Project Managers,Perform risk assessments to develop response strategies.,YellowZebra,2025-04-05,2.0,1.0,3.0,4.0,4.0,4.0
21575,Appraisers and Assessors of Real Estate,Calculate tax bills for properties by multiplying assessed values by jurisdiction tax rates.,YellowZebra,2025-04-05,2.0,4.0,3.0,3.0,4.0,4.0
5317,Information Security Analysts,"Modify computer security files to incorporate new software, correct errors, or change individual access status.",YellowZebra,2025-04-05,4.0,1.0,3.0,4.0,1.0,2.0
1305,Database Administrators,Specify users and user access levels for each segment of database.,YellowZebra,2025-04-05,4.0,1.0,2.0,3.0,2.0,2.0
3414,Loan Officers,Compute payment schedules.,YellowZebra,2025-04-05,2.0,1.0,4.0,4.0,4.0,4.0
14654,Software Quality Assurance Analysts and Testers,Monitor program performance to ensure efficient and problem-free operations.,YellowZebra,2025-04-05,4.0,1.0,2.0,2.0,1.0,2.0
16222,Document Management Specialists,"Retrieve electronic assets from repository for distribution to users, collecting and returning to repository, if necessary.",YellowZebra,2025-04-05,4.0,1.0,2.0,2.0,2.0,2.0
16235,Document Management Specialists,"Analyze, interpret, or disseminate system performance data.",YellowZebra,2025-04-05,4.0,1.0,2.0,2.0,1.0,2.0
14681,Computer Systems Engineers/Architects,"Define and analyze objectives, scope, issues, or organizational impact of information systems.",YellowZebra,2025-04-05,4.0,1.0,2.0,2.0,1.0,2.0
5302,"Tax Examiners and Collectors, and Revenue Agents","Check tax forms to verify that names and taxpayer identification numbers are correct, that computations have been performed correctly, or that amounts match those on supporting documentation.",YellowZebra,2025-04-05,4.0,1.0,2.0,2.0,1.0,2.0
7371,Mathematicians,Develop mathematical or statistical models of phenomena to be used for analysis or for computational simulation.,YellowZebra,2025-04-05,2.0,1.0,1.0,4.0,1.0,4.0
16208,Video Game Designers,"Devise missions, challenges, or puzzles to be encountered in game play.",YellowZebra,2025-04-05,3.0,1.0,1.0,3.0,2.0,3.0
21731,Geographic Information Systems Technologists and Technicians,"Create, analyze, report, convert, or transfer data, using specialized applications program software.",YellowZebra,2025-04-05,4.0,1.0,2.0,2.0,1.0,2.0
19004,Computer Network Support Specialists,Back up network data.,GreenElephant,2025-04-06,4.0,2.0,2.0,2.0,2.0,2.0
21717,Geographic Information Systems Technologists and Technicians,Maintain or modify existing Geographic Information Systems (GIS) databases.,YellowZebra,2025-04-05,3.0,1.0,2.0,2.0,1.0,2.0
16120,Data Warehousing Specialists,"Write new programs or modify existing programs to meet customer requirements, using current programming languages and technologies.",YellowZebra,2025-04-05,3.0,1.0,2.0,4.0,2.0,2.0
15988,Financial Quantitative Analysts,Produce written summary reports of financial research results.,YellowZebra,2025-04-05,4.0,1.0,2.0,3.0,1.0,1.0
7320,Financial Examiners,"Review balance sheets, operating income and expense accounts, and loan documentation to confirm institution assets and liabilities.",YellowZebra,2025-04-05,4.0,1.0,2.0,3.0,1.0,1.0
14743,Web Administrators,"Install or configure Web server software or hardware to ensure that directory structure is well-defined, logical, and secure, and that files are named properly.",YellowZebra,2025-04-05,5.0,1.0,1.0,1.0,1.0,1.0
1282,Computer User Support Specialists,Answer user inquiries regarding computer software or hardware operation to resolve problems.,YellowZebra,2025-04-05,5.0,1.0,1.0,3.0,2.0,1.0
7319,Financial Examiners,"Prepare reports, exhibits, and other supporting schedules that detail an institution's safety and soundness, compliance with laws and regulations, and recommended solutions to questionable financial conditions.",YellowZebra,2025-04-05,2.0,1.0,3.0,4.0,2.0,3.0
5290,"Tax Examiners and Collectors, and Revenue Agents","Maintain records for each case, including contacts, telephone numbers, and actions taken.",YellowZebra,2025-04-05,5.0,1.0,1.0,1.0,1.0,1.0
12913,Personal Financial Advisors,"Prepare or interpret for clients information, such as investment performance reports, financial document summaries, or income projections.",YellowZebra,2025-04-05,2.0,1.0,2.0,3.0,3.0,3.0
3405,Budget Analysts,Compile and analyze accounting records and other data to determine the financial resources required to implement a program.,YellowZebra,2025-04-05,2.0,1.0,2.0,3.0,2.0,3.0
21572,Appraisers and Assessors of Real Estate,"Estimate building replacement costs, using building valuation manuals and professional cost estimators.",YellowZebra,2025-04-05,2.0,2.0,2.0,4.0,2.0,4.0
1322,Network and Computer Systems Administrators,"Design, configure, and test computer hardware, networking software and operating system software.",YellowZebra,2025-04-05,4.0,1.0,1.0,4.0,1.0,2.0
1270,Computer Programmers,"Write, update, and maintain computer programs or software packages to handle specific jobs such as tracking inventory, storing or retrieving data, or controlling other equipment.",YellowZebra,2025-04-05,5.0,1.0,1.0,4.0,1.0,1.0
14661,Software Quality Assurance Analysts and Testers,"Perform initial debugging procedures by reviewing configuration files, logs, or code pieces to determine breakdown source.",YellowZebra,2025-04-05,5.0,1.0,1.0,3.0,1.0,1.0
1320,Network and Computer Systems Administrators,Operate master consoles to monitor the performance of computer systems and networks and to coordinate computer network access and use.,YellowZebra,2025-04-05,5.0,1.0,1.0,2.0,1.0,1.0
3409,Loan Officers,"Analyze applicants' financial status, credit, and property evaluations to determine feasibility of granting loans.",YellowZebra,2025-04-05,3.0,1.0,4.0,4.0,2.0,3.0
1254,Credit Analysts,"Complete loan applications, including credit analyses and summaries of loan requests, and submit to loan committees for approval.",YellowZebra,2025-04-05,5.0,1.0,1.0,2.0,1.0,1.0
21716,Geographic Information Systems Technologists and Technicians,"Design or prepare graphic representations of Geographic Information Systems (GIS) data, using GIS hardware or software applications.",YellowZebra,2025-04-05,3.0,1.0,1.0,4.0,1.0,3.0
8953,Statisticians,"Report results of statistical analyses, including information in the form of graphs, charts, and tables.",YellowZebra,2025-04-05,4.0,1.0,1.0,3.0,1.0,2.0
18951,Credit Counselors,Disburse funds from client accounts to creditors.,YellowZebra,2025-04-05,5.0,1.0,1.0,2.0,1.0,1.0
1255,Credit Analysts,"Generate financial ratios, using computer programs, to evaluate customers' financial status.",YellowZebra,2025-04-05,5.0,1.0,2.0,2.0,1.0,1.0
19008,Computer Network Support Specialists,Maintain logs of network activity.,YellowZebra,2025-04-05,5.0,1.0,1.0,1.0,1.0,1.0
14623,Computer and Information Research Scientists,Analyze problems to develop solutions involving computer hardware and software.,YellowZebra,2025-04-05,2.0,1.0,2.0,4.0,2.0,3.0
14640,Software Quality Assurance Analysts and Testers,"Develop testing programs that address areas such as database impacts, software scenarios, regression testing, negative testing, error or bug retests, or usability.",YellowZebra,2025-04-05,3.0,1.0,1.0,3.0,1.0,2.0
18943,Credit Counselors,"Prioritize client debt repayment to avoid dire consequences, such as bankruptcy or foreclosure or to reduce overall costs, such as by paying high-interest or short-term loans first.",YellowZebra,2025-04-05,2.0,1.0,3.0,4.0,3.0,3.0
1325,Network and Computer Systems Administrators,Monitor network performance to determine whether adjustments are needed and where changes will be needed in the future.,YellowZebra,2025-04-05,3.0,1.0,2.0,3.0,1.0,2.0
14695,Web Developers,Perform or direct Web site updates.,YellowZebra,2025-04-05,4.0,1.0,2.0,3.0,2.0,2.0
5292,"Tax Examiners and Collectors, and Revenue Agents",Contact taxpayers by mail or telephone to address discrepancies and to request supporting documentation.,YellowZebra,2025-04-05,5.0,1.0,1.0,2.0,1.0,1.0
7365,Tax Preparers,Calculate form preparation fees according to return complexity and processing time required.,YellowZebra,2025-04-05,5.0,1.0,1.0,2.0,1.0,1.0
14649,Software Quality Assurance Analysts and Testers,"Develop or specify standards, methods, or procedures to determine product quality or release readiness.",YellowZebra,2025-04-05,2.0,1.0,1.0,4.0,3.0,4.0
1276,Computer Programmers,"Prepare detailed workflow charts and diagrams that describe input, output, and logical operation, and convert them into a series of instructions coded in a computer language.",YellowZebra,2025-04-05,5.0,1.0,1.0,2.0,1.0,1.0
16126,Data Warehousing Specialists,"Develop and implement data extraction procedures from other systems, such as administration, billing, or claims.",YellowZebra,2025-04-05,2.0,1.0,1.0,3.0,3.0,4.0
15208,Network and Computer Systems Administrators,"Implement and provide technical support for voice services and equipment, such as private branch exchange, voice mail system, and telecom system.",YellowZebra,2025-04-05,4.0,1.0,1.0,3.0,2.0,2.0
8955,Statisticians,"Identify relationships and trends in data, as well as any factors that could affect the results of research.",YellowZebra,2025-04-05,2.0,1.0,1.0,4.0,2.0,4.0
18942,Credit Counselors,Prepare written documents to establish contracts with or communicate financial recommendations to clients.,YellowZebra,2025-04-05,2.0,1.0,1.0,3.0,5.0,3.0
16194,Video Game Designers,"Review or evaluate competitive products, film, music, television, and other art forms to generate new game design ideas.",YellowZebra,2025-04-05,2.0,1.0,1.0,4.0,3.0,5.0
14667,Computer Systems Engineers/Architects,"Provide advice on project costs, design concepts, or design changes.",YellowZebra,2025-04-05,2.0,1.0,2.0,4.0,3.0,5.0
1318,Network and Computer Systems Administrators,"Maintain and administer computer networks and related computing environments, including computer hardware, systems software, applications software, and all configurations.",YellowZebra,2025-04-05,4.0,1.0,1.0,3.0,1.0,1.0
5303,"Tax Examiners and Collectors, and Revenue Agents",Examine and analyze tax assets and liabilities to determine resolution of delinquent tax problems.,YellowZebra,2025-04-05,2.0,1.0,2.0,3.0,3.0,4.0
14639,Software Quality Assurance Analysts and Testers,Test system modifications to prepare for implementation.,YellowZebra,2025-04-05,4.0,1.0,1.0,3.0,2.0,2.0
16236,Document Management Specialists,Operate data capture technology to import digitized documents into document management system.,YellowZebra,2025-04-05,5.0,1.0,1.0,2.0,1.0,1.0
18974,Computer Network Architects,Estimate time and materials needed to complete projects.,YellowZebra,2025-04-05,2.0,1.0,3.0,3.0,3.0,4.0
18965,Computer Network Architects,Develop and implement solutions for network problems.,YellowZebra,2025-04-05,3.0,1.0,2.0,3.0,2.0,2.0
16106,Database Architects,"Develop or maintain archived procedures, procedural codes, or queries for applications.",YellowZebra,2025-04-05,2.0,1.0,1.0,3.0,2.0,3.0
3470,Computer Systems Analysts,Expand or modify system to serve new purposes or improve work flow.,YellowZebra,2025-04-05,4.0,1.0,1.0,3.0,2.0,1.0
1329,Network and Computer Systems Administrators,Analyze equipment performance records to determine the need for repair or replacement.,YellowZebra,2025-04-05,4.0,1.0,1.0,3.0,2.0,2.0
21724,Geographic Information Systems Technologists and Technicians,Perform integrated or computerized Geographic Information Systems (GIS) analyses to address scientific problems.,YellowZebra,2025-04-05,2.0,1.0,2.0,3.0,3.0,4.0
14675,Computer Systems Engineers/Architects,Monitor system operation to detect potential problems.,YellowZebra,2025-04-05,5.0,1.0,1.0,2.0,1.0,1.0
20927,Prepress Technicians and Workers,Generate prepress proofs in digital or other format to approximate the appearance of the final printed piece.,BrownKangaroo,2025-04-05,4.0,4.0,1.0,2.0,1.0,3.0
894,"Electrical and Electronics Repairers, Commercial and Industrial Equipment",Maintain inventory of spare parts.,BrownKangaroo,2025-04-05,2.0,4.0,3.0,4.0,1.0,3.0
23320,Insurance Claims and Policy Processing Clerks,"Organize or work with detailed office or warehouse records, using computers to enter, access, search or retrieve data.",BrownKangaroo,2025-04-05,3.0,1.0,3.0,5.0,2.0,2.0
12573,Semiconductor Processing Technicians,"Manipulate valves, switches, and buttons, or key commands into control panels to start semiconductor processing cycles.",BrownKangaroo,2025-04-05,2.0,4.0,4.0,4.0,2.0,4.0
21014,Word Processors and Typists,"Manage schedules and set dates, times, and locations for meetings and appointments.",BrownKangaroo,2025-04-05,4.0,1.0,5.0,1.0,1.0,2.0
18081,Energy Auditors,Educate customers on energy efficiency or answer questions on topics such as the costs of running household appliances or the selection of energy-efficient appliances.,BrownKangaroo,2025-04-05,2.0,4.0,3.0,4.0,4.0,4.0
11638,"Computer, Automated Teller, and Office Machine Repairers","Complete repair bills, shop records, time cards, or expense reports.",BrownKangaroo,2025-04-05,3.0,4.0,3.0,4.0,3.0,3.0
12741,Air Traffic Controllers,Check conditions and traffic at different altitudes in response to pilots' requests for altitude changes.,BrownKangaroo,2025-04-05,3.0,1.0,4.0,3.0,1.0,2.0
20908,Proofreaders and Copy Markers,"Archive documents, conduct research, and read copy, using the internet and various computer programs.",BrownKangaroo,2025-04-05,3.0,1.0,4.0,5.0,1.0,4.0
831,"Office Clerks, General","Compute, record, and proofread data and other information, such as records or reports.",BrownKangaroo,2025-04-05,2.0,3.0,3.0,2.0,5.0,4.0
800,Word Processors and Typists,"Reformat documents, moving paragraphs or columns.",BrownKangaroo,2025-04-05,5.0,5.0,1.0,2.0,1.0,2.0
12309,Power Distributors and Dispatchers,"Record and compile operational data, such as chart or meter readings, power demands, or usage and operating times, using transmission system maps.",BrownKangaroo,2025-04-05,2.0,2.0,4.0,3.0,3.0,4.0
807,Word Processors and Typists,"Use data entry devices, such as optical scanners, to input data into computers for revision or editing.",BrownKangaroo,2025-04-05,4.0,1.0,2.0,2.0,2.0,2.0
2820,Desktop Publishers,"Position text and art elements from a variety of databases in a visually appealing way to design print or web pages, using knowledge of type styles and size and layout patterns.",BrownKangaroo,2025-04-05,3.0,2.0,3.0,3.0,4.0,4.0
889,"Electrical and Electronics Repairers, Commercial and Industrial Equipment","Advise management regarding customer satisfaction, product performance, or suggestions for product improvements.",BrownKangaroo,2025-04-05,3.0,4.0,3.0,3.0,2.0,3.0
2815,Desktop Publishers,Check preliminary and final proofs for errors and make necessary corrections.,BrownKangaroo,2025-04-05,3.0,3.0,3.0,3.0,2.0,3.0
11970,Computer Numerically Controlled Tool Programmers,Write instruction sheets and cutter lists for a machine's controller to guide setup and encode numerical control tapes.,BrownKangaroo,2025-04-05,3.0,2.0,3.0,4.0,2.0,3.0
9798,Statistical Assistants,"Code data prior to computer entry, using lists of codes.",BrownKangaroo,2025-04-05,2.0,1.0,4.0,5.0,3.0,4.0
10403,Prepress Technicians and Workers,"Enter, position, and alter text size, using computers, to make up and arrange pages so that printed materials can be produced.",BrownKangaroo,2025-04-05,3.0,2.0,3.0,3.0,2.0,2.0
7285,Management Analysts,"Plan study of work problems and procedures, such as organizational change, communications, information flow, integrated production methods, inventory control, or cost analysis.",BrownKangaroo,2025-04-05,3.0,1.0,4.0,3.0,3.0,3.0
12581,Semiconductor Processing Technicians,"Set, adjust, and readjust computerized or mechanical equipment controls to regulate power level, temperature, vacuum, and rotation speed of furnace, according to crystal growing specifications.",BrownKangaroo,2025-04-05,3.0,4.0,3.0,4.0,2.0,3.0
11956,Computer Numerically Controlled Tool Operators,Write simple programs for computer-controlled machine tools.,BrownKangaroo,2025-04-05,3.0,2.0,3.0,4.0,2.0,3.0
899,"Electrical and Electronics Repairers, Commercial and Industrial Equipment","Enter information into computer to copy program or to draw, modify, or store schematics, applying knowledge of software package used.",BrownKangaroo,2025-04-05,3.0,3.0,3.0,2.0,2.0,3.0
11964,Computer Numerically Controlled Tool Programmers,Compare encoded tapes or computer printouts with original part specifications and blueprints to verify accuracy of instructions.,BrownKangaroo,2025-04-05,3.0,2.0,3.0,4.0,2.0,3.0
23318,Insurance Claims and Policy Processing Clerks,Review insurance policy to determine coverage.,BrownKangaroo,2025-04-05,3.0,1.0,3.0,4.0,4.0,4.0
9788,Statistical Assistants,"Compute and analyze data, using statistical formulas and computers or calculators.",BrownKangaroo,2025-04-05,3.0,1.0,3.0,5.0,4.0,3.0
837,"Office Clerks, General","Complete work schedules, manage calendars, and arrange appointments.",BrownKangaroo,2025-04-05,4.0,3.0,3.0,2.0,5.0,4.0
2823,Desktop Publishers,"Import text and art elements, such as electronic clip art or electronic files from photographs that have been scanned or produced with a digital camera, using computer software.",BrownKangaroo,2025-04-05,3.0,1.0,3.0,4.0,3.0,3.0
11641,"Computer, Automated Teller, and Office Machine Repairers","Enter information into computers to copy programs from one electronic component to another or to draw, modify, or store schematics.",BrownKangaroo,2025-04-05,4.0,3.0,2.0,3.0,2.0,2.0
2822,Desktop Publishers,"Edit graphics and photos, using pixel or bitmap editing, airbrushing, masking, or image retouching.",BrownKangaroo,2025-04-05,3.0,1.0,2.0,3.0,1.0,2.0
10402,Prepress Technicians and Workers,"Enter, store, and retrieve information on computer-aided equipment.",BrownKangaroo,2025-04-05,4.0,2.0,2.0,2.0,1.0,2.0
10428,Prepress Technicians and Workers,"Set scanners to specific color densities, sizes, screen rulings, and exposure adjustments, using scanner keyboards or computers.",BrownKangaroo,2025-04-05,4.0,2.0,2.0,3.0,1.0,2.0
14677,Computer Systems Engineers/Architects,"Investigate system component suitability for specified purposes, and make recommendations regarding component use.",GreenElephant,2025-04-05,2.0,3.0,4.0,4.0,4.0,5.0
21730,Geographic Information Systems Technologists and Technicians,"Document, design, code, or test Geographic Information Systems (GIS) models, internet mapping solutions, or other applications.",GreenElephant,2025-04-05,3.0,2.0,3.0,3.0,3.0,3.0
14633,Computer and Information Research Scientists,Design computers and the software that runs them.,GreenElephant,2025-04-05,2.0,3.0,4.0,4.0,4.0,5.0
19012,Computer Network Support Specialists,Run monthly network reports.,GreenElephant,2025-04-05,3.0,2.0,3.0,3.0,2.0,3.0
21049,Computer Programmers,Develop Web sites.,GreenElephant,2025-04-05,4.0,2.0,3.0,3.0,3.0,3.0
20928,Prepress Technicians and Workers,Proofread and perform quality control of text and images.,BrownKangaroo,2025-04-05,3.0,3.0,3.0,2.0,3.0,3.0
20366,Telecommunications Engineering Specialists,"Instruct in use of voice, video, and data communications systems.",GreenElephant,2025-04-05,2.0,4.0,3.0,3.0,4.0,5.0
2816,Desktop Publishers,"Operate desktop publishing software and equipment to design, lay out, and produce camera-ready copy.",BrownKangaroo,2025-04-05,4.0,1.0,2.0,3.0,1.0,2.0
12586,Semiconductor Processing Technicians,Calculate etching time based on thickness of material to be removed from wafers or crystals.,BrownKangaroo,2025-04-05,3.0,2.0,2.0,4.0,1.0,3.0
16151,Information Technology Project Managers,Perform risk assessments to develop response strategies.,GreenElephant,2025-04-05,2.0,3.0,4.0,4.0,4.0,4.0
21575,Appraisers and Assessors of Real Estate,Calculate tax bills for properties by multiplying assessed values by jurisdiction tax rates.,GreenElephant,2025-04-05,4.0,2.0,3.0,3.0,2.0,3.0
834,"Office Clerks, General","Review files, records, and other documents to obtain information to respond to requests.",BrownKangaroo,2025-04-05,4.0,1.0,2.0,3.0,2.0,2.0
11968,Computer Numerically Controlled Tool Programmers,"Enter computer commands to store or retrieve parts patterns, graphic displays, or programs that transfer data to other media.",BrownKangaroo,2025-04-05,4.0,2.0,2.0,3.0,1.0,2.0
5317,Information Security Analysts,"Modify computer security files to incorporate new software, correct errors, or change individual access status.",GreenElephant,2025-04-05,3.0,3.0,4.0,4.0,3.0,4.0
1305,Database Administrators,Specify users and user access levels for each segment of database.,GreenElephant,2025-04-05,4.0,2.0,2.0,3.0,2.0,3.0
3414,Loan Officers,Compute payment schedules.,GreenElephant,2025-04-05,4.0,2.0,3.0,3.0,3.0,3.0
12743,Air Traffic Controllers,"Compile information about flights from flight plans, pilot reports, radar, or observations.",BrownKangaroo,2025-04-05,2.0,3.0,4.0,3.0,5.0,5.0
14654,Software Quality Assurance Analysts and Testers,Monitor program performance to ensure efficient and problem-free operations.,GreenElephant,2025-04-05,3.0,3.0,3.0,3.0,3.0,4.0
11631,"Computer, Automated Teller, and Office Machine Repairers",Maintain records of equipment maintenance work or repairs.,BrownKangaroo,2025-04-05,3.0,4.0,2.0,3.0,1.0,2.0
16222,Document Management Specialists,"Retrieve electronic assets from repository for distribution to users, collecting and returning to repository, if necessary.",GreenElephant,2025-04-05,5.0,2.0,2.0,2.0,2.0,2.0
16235,Document Management Specialists,"Analyze, interpret, or disseminate system performance data.",GreenElephant,2025-04-05,3.0,3.0,3.0,3.0,4.0,4.0
14681,Computer Systems Engineers/Architects,"Define and analyze objectives, scope, issues, or organizational impact of information systems.",GreenElephant,2025-04-05,2.0,3.0,4.0,4.0,4.0,5.0
5302,"Tax Examiners and Collectors, and Revenue Agents","Check tax forms to verify that names and taxpayer identification numbers are correct, that computations have been performed correctly, or that amounts match those on supporting documentation.",GreenElephant,2025-04-05,4.0,2.0,2.0,2.0,2.0,2.0
7371,Mathematicians,Develop mathematical or statistical models of phenomena to be used for analysis or for computational simulation.,GreenElephant,2025-04-05,3.0,2.0,2.0,3.0,2.0,4.0
9791,Statistical Assistants,"Compile reports, charts, or graphs that describe and interpret findings of analyses.",BrownKangaroo,2025-04-05,4.0,1.0,3.0,4.0,1.0,1.0
16208,Video Game Designers,"Devise missions, challenges, or puzzles to be encountered in game play.",GreenElephant,2025-04-05,3.0,4.0,3.0,4.0,2.0,4.0
21731,Geographic Information Systems Technologists and Technicians,"Create, analyze, report, convert, or transfer data, using specialized applications program software.",GreenElephant,2025-04-05,4.0,3.0,3.0,3.0,2.0,2.0
21717,Geographic Information Systems Technologists and Technicians,Maintain or modify existing Geographic Information Systems (GIS) databases.,GreenElephant,2025-04-05,4.0,2.0,2.0,2.0,2.0,2.0
16120,Data Warehousing Specialists,"Write new programs or modify existing programs to meet customer requirements, using current programming languages and technologies.",GreenElephant,2025-04-05,3.0,3.0,3.0,3.0,4.0,4.0
15988,Financial Quantitative Analysts,Produce written summary reports of financial research results.,GreenElephant,2025-04-05,4.0,1.0,2.0,4.0,2.0,2.0
825,"Office Clerks, General","Collect, count, and disburse money, do basic bookkeeping, and complete banking transactions.",BrownKangaroo,2025-04-05,4.0,2.0,3.0,3.0,1.0,2.0
891,"Electrical and Electronics Repairers, Commercial and Industrial Equipment","Study blueprints, schematics, manuals, or other specifications to determine installation procedures.",BrownKangaroo,2025-04-05,4.0,2.0,2.0,3.0,1.0,2.0
7320,Financial Examiners,"Review balance sheets, operating income and expense accounts, and loan documentation to confirm institution assets and liabilities.",GreenElephant,2025-04-05,3.0,2.0,2.0,3.0,2.0,4.0
14743,Web Administrators,"Install or configure Web server software or hardware to ensure that directory structure is well-defined, logical, and secure, and that files are named properly.",GreenElephant,2025-04-05,4.0,2.0,2.0,3.0,2.0,3.0
1282,Computer User Support Specialists,Answer user inquiries regarding computer software or hardware operation to resolve problems.,GreenElephant,2025-04-05,4.0,2.0,2.0,3.0,3.0,2.0
7319,Financial Examiners,"Prepare reports, exhibits, and other supporting schedules that detail an institution's safety and soundness, compliance with laws and regulations, and recommended solutions to questionable financial conditions.",GreenElephant,2025-04-05,3.0,3.0,4.0,3.0,4.0,4.0
5290,"Tax Examiners and Collectors, and Revenue Agents","Maintain records for each case, including contacts, telephone numbers, and actions taken.",GreenElephant,2025-04-05,5.0,1.0,1.0,1.0,1.0,1.0
12913,Personal Financial Advisors,"Prepare or interpret for clients information, such as investment performance reports, financial document summaries, or income projections.",GreenElephant,2025-04-05,3.0,4.0,4.0,4.0,4.0,4.0
3405,Budget Analysts,Compile and analyze accounting records and other data to determine the financial resources required to implement a program.,GreenElephant,2025-04-05,3.0,3.0,3.0,4.0,3.0,4.0
21572,Appraisers and Assessors of Real Estate,"Estimate building replacement costs, using building valuation manuals and professional cost estimators.",GreenElephant,2025-04-05,2.0,3.0,3.0,3.0,2.0,3.0
1322,Network and Computer Systems Administrators,"Design, configure, and test computer hardware, networking software and operating system software.",GreenElephant,2025-04-05,3.0,2.0,3.0,4.0,2.0,4.0
1270,Computer Programmers,"Write, update, and maintain computer programs or software packages to handle specific jobs such as tracking inventory, storing or retrieving data, or controlling other equipment.",GreenElephant,2025-04-05,4.0,2.0,3.0,3.0,2.0,3.0
14661,Software Quality Assurance Analysts and Testers,"Perform initial debugging procedures by reviewing configuration files, logs, or code pieces to determine breakdown source.",GreenElephant,2025-04-05,4.0,2.0,2.0,3.0,2.0,3.0
1320,Network and Computer Systems Administrators,Operate master consoles to monitor the performance of computer systems and networks and to coordinate computer network access and use.,GreenElephant,2025-04-05,4.0,2.0,2.0,3.0,2.0,2.0
3409,Loan Officers,"Analyze applicants' financial status, credit, and property evaluations to determine feasibility of granting loans.",GreenElephant,2025-04-05,4.0,1.0,3.0,3.0,3.0,2.0
1254,Credit Analysts,"Complete loan applications, including credit analyses and summaries of loan requests, and submit to loan committees for approval.",GreenElephant,2025-04-05,4.0,2.0,3.0,3.0,2.0,2.0
21716,Geographic Information Systems Technologists and Technicians,"Design or prepare graphic representations of Geographic Information Systems (GIS) data, using GIS hardware or software applications.",GreenElephant,2025-04-05,3.0,3.0,3.0,3.0,2.0,4.0
8953,Statisticians,"Report results of statistical analyses, including information in the form of graphs, charts, and tables.",GreenElephant,2025-04-05,4.0,2.0,2.0,3.0,2.0,2.0
18951,Credit Counselors,Disburse funds from client accounts to creditors.,GreenElephant,2025-04-05,3.0,3.0,4.0,3.0,3.0,4.0
1255,Credit Analysts,"Generate financial ratios, using computer programs, to evaluate customers' financial status.",GreenElephant,2025-04-05,4.0,1.0,2.0,3.0,1.0,2.0
19008,Computer Network Support Specialists,Maintain logs of network activity.,GreenElephant,2025-04-05,4.0,2.0,3.0,3.0,2.0,3.0
836,"Office Clerks, General","Inventory and order materials, supplies, and services.",BrownKangaroo,2025-04-05,4.0,1.0,2.0,3.0,1.0,2.0
829,"Office Clerks, General","Complete and mail bills, contracts, policies, invoices, or checks.",BrownKangaroo,2025-04-05,5.0,1.0,2.0,2.0,1.0,1.0
11633,"Computer, Automated Teller, and Office Machine Repairers",Maintain parts inventories and order any additional parts needed for repairs.,BrownKangaroo,2025-04-05,3.0,2.0,3.0,3.0,3.0,3.0
838,"Office Clerks, General","Process and prepare documents, such as business or government forms and expense reports.",BrownKangaroo,2025-04-05,2.0,2.0,3.0,4.0,4.0,4.0
23313,Insurance Claims and Policy Processing Clerks,"Prepare insurance claim forms or related documents, and review them for completeness.",BrownKangaroo,2025-04-05,3.0,1.0,3.0,3.0,4.0,3.0
23329,Insurance Claims and Policy Processing Clerks,"Process, prepare, and submit business or government forms, such as submitting applications for coverage to insurance carriers.",BrownKangaroo,2025-04-05,3.0,3.0,2.0,3.0,2.0,2.0
18079,Energy Auditors,Compare existing energy consumption levels to normative data.,BrownKangaroo,2025-04-05,3.0,3.0,2.0,3.0,2.0,3.0
23323,Insurance Claims and Policy Processing Clerks,"Review and verify data, such as age, name, address, and principal sum and value of property, on insurance applications and policies.",BrownKangaroo,2025-04-05,4.0,1.0,3.0,4.0,1.0,2.0
12748,Air Traffic Controllers,"Review records or reports for clarity and completeness and maintain records or reports, as required under federal law.",BrownKangaroo,2025-04-05,4.0,1.0,3.0,3.0,1.0,2.0
2827,Desktop Publishers,"Convert various types of files for printing or for the Internet, using computer software.",BrownKangaroo,2025-04-05,4.0,1.0,2.0,3.0,1.0,2.0
19007,Computer Network Support Specialists,Document help desk requests and resolutions.,YellowZebra,2025-04-05,5.0,1.0,1.0,1.0,1.0,1.0
11959,Computer Numerically Controlled Tool Programmers,"Determine the sequence of machine operations, and select the proper cutting tools needed to machine workpieces into the desired shapes.",BrownKangaroo,2025-04-05,2.0,3.0,3.0,4.0,3.0,4.0
12968,Social Science Research Assistants,Recruit and schedule research participants.,WhiteHorse,2025-04-05,3.0,2.0,5.0,5.0,5.0,4.0
15228,Graphic Designers,"Maintain archive of images, photos, or previous work products.",WhiteHorse,2025-04-05,4.0,3.0,5.0,4.0,4.0,3.0
6894,Special Effects Artists and Animators,"Convert real objects to animated objects through modeling, using techniques such as optical scanning.",WhiteHorse,2025-04-05,3.0,1.0,3.0,4.0,4.0,4.0
18278,Precision Agriculture Technicians,"Program farm equipment, such as variable-rate planting equipment or pesticide sprayers, based on input from crop scouting and analysis of field condition variability.",WhiteHorse,2025-04-05,2.0,4.0,4.0,5.0,3.0,4.0
18270,Remote Sensing Scientists and Technologists,Manage or analyze data obtained from remote sensing systems to obtain meaningful results.,WhiteHorse,2025-04-05,3.0,1.0,4.0,5.0,3.0,3.0
1698,Library Technicians,Process interlibrary loans for patrons.,WhiteHorse,2025-04-05,3.0,3.0,2.0,3.0,4.0,4.0
16986,Remote Sensing Technicians,Verify integrity and accuracy of data contained in remote sensing image analysis systems.,WhiteHorse,2025-04-05,3.0,1.0,4.0,5.0,3.0,4.0
16795,Bioinformatics Scientists,"Analyze large molecular datasets, such as raw microarray data, genomic sequence data, or proteomics data, for clinical or basic research purposes.",WhiteHorse,2025-04-05,3.0,1.0,4.0,5.0,4.0,4.0
22527,Producers and Directors,Conduct meetings with staff to discuss production progress and to ensure production objectives are attained.,WhiteHorse,2025-04-05,2.0,2.0,4.0,4.0,5.0,4.0
21000,Editors,"Write text, such as stories, articles, editorials, or newsletters.",WhiteHorse,2025-04-05,3.0,1.0,3.0,4.0,4.0,3.0
16793,Bioinformatics Scientists,"Manipulate publicly accessible, commercial, or proprietary genomic, proteomic, or post-genomic databases.",WhiteHorse,2025-04-05,3.0,1.0,4.0,5.0,3.0,4.0
7553,Survey Researchers,"Monitor and evaluate survey progress and performance, using sample disposition reports and response rate calculations.",WhiteHorse,2025-04-05,3.0,1.0,3.0,4.0,3.0,4.0
5506,Geographers,Locate and obtain existing geographic information databases.,WhiteHorse,2025-04-05,3.0,1.0,3.0,4.0,2.0,3.0
5673,"Business Teachers, Postsecondary",Collaborate with colleagues to address teaching and research issues.,WhiteHorse,2025-04-05,2.0,1.0,3.0,4.0,5.0,4.0
5929,"Physics Teachers, Postsecondary",Collaborate with colleagues to address teaching and research issues.,WhiteHorse,2025-04-05,2.0,1.0,3.0,4.0,5.0,4.0
5998,"Economics Teachers, Postsecondary",Collaborate with colleagues to address teaching and research issues.,WhiteHorse,2025-04-05,2.0,1.0,3.0,4.0,5.0,4.0
6018,"Geography Teachers, Postsecondary",Collaborate with colleagues to address teaching and research issues.,WhiteHorse,2025-04-05,2.0,1.0,3.0,4.0,5.0,4.0
6158,"Education Teachers, Postsecondary",Collaborate with colleagues to address teaching and research issues.,WhiteHorse,2025-04-05,2.0,1.0,3.0,4.0,5.0,4.0
6230,"Law Teachers, Postsecondary",Collaborate with colleagues to address teaching and research issues.,WhiteHorse,2025-04-05,2.0,1.0,3.0,4.0,5.0,4.0
6300,"Communications Teachers, Postsecondary",Collaborate with colleagues to address teaching and research issues.,WhiteHorse,2025-04-05,2.0,1.0,3.0,4.0,5.0,4.0
16848,Climate Change Policy Analysts,Review existing policies or legislation to identify environmental impacts.,WhiteHorse,2025-04-05,2.0,1.0,4.0,5.0,3.0,4.0
18265,Remote Sensing Scientists and Technologists,Compile and format image data to increase its usefulness.,WhiteHorse,2025-04-05,3.0,1.0,3.0,5.0,2.0,2.0
1330,Network and Computer Systems Administrators,"Maintain logs related to network functions, as well as maintenance and repair records.",YellowZebra,2025-04-05,5.0,1.0,1.0,1.0,1.0,1.0
14625,Computer and Information Research Scientists,Evaluate project plans and proposals to assess feasibility issues.,YellowZebra,2025-04-05,2.0,1.0,2.0,3.0,2.0,3.0
18994,Computer Network Support Specialists,"Evaluate local area network (LAN) or wide area network (WAN) performance data to ensure sufficient availability or speed, to identify network problems, or for disaster recovery purposes.",YellowZebra,2025-04-05,3.0,1.0,1.0,3.0,2.0,2.0
14694,Web Developers,"Design, build, or maintain Web sites, using authoring or scripting languages, content creation tools, management tools, and digital media.",YellowZebra,2025-04-05,4.0,1.0,1.0,2.0,2.0,2.0
7358,Tax Preparers,"Compute taxes owed or overpaid, using adding machines or personal computers, and complete entries on forms, following tax form instructions and tax tables.",YellowZebra,2025-04-05,4.0,1.0,2.0,2.0,2.0,2.0
19006,Computer Network Support Specialists,Create or update technical documentation for network installations or changes to existing installations.,YellowZebra,2025-04-05,4.0,1.0,1.0,2.0,2.0,2.0
14750,Web Administrators,"Test issues such as system integration, performance, and system security on a regular schedule or after any major program modifications.",YellowZebra,2025-04-05,5.0,1.0,1.0,2.0,1.0,1.0
14736,Web Administrators,"Administer internet or intranet infrastructure, including Web, file, and mail servers.",YellowZebra,2025-04-05,4.0,1.0,1.0,2.0,2.0,2.0
1252,Credit Analysts,"Evaluate customer records and recommend payment plans, based on earnings, savings data, payment history, and purchase activity.",YellowZebra,2025-04-05,3.0,1.0,2.0,3.0,3.0,3.0
21720,Geographic Information Systems Technologists and Technicians,"Enter data into Geographic Information Systems (GIS) databases, using techniques such as coordinate geometry, keyboard entry of tabular data, manual digitizing of maps, scanning or automatic conversion to vectors, or conversion of other sources of digital data.",YellowZebra,2025-04-05,5.0,1.0,1.0,2.0,1.0,1.0
21725,Geographic Information Systems Technologists and Technicians,Select cartographic elements needed for effective presentation of information.,YellowZebra,2025-04-05,4.0,1.0,1.0,2.0,2.0,2.0
15983,Financial Quantitative Analysts,Provide application or analytical support to researchers or traders on issues such as valuations or data.,YellowZebra,2025-04-05,3.0,1.0,3.0,3.0,3.0,3.0
16199,Video Game Designers,Balance and adjust gameplay experiences to ensure the critical and commercial success of the product.,YellowZebra,2025-04-05,2.0,1.0,3.0,3.0,3.0,4.0
1275,Computer Programmers,"Investigate whether networks, workstations, the central processing unit of the system, or peripheral equipment are responding to a program's instructions.",YellowZebra,2025-04-05,5.0,1.0,1.0,2.0,1.0,1.0
1328,Network and Computer Systems Administrators,"Gather data pertaining to customer needs, and use the information to identify, predict, interpret, and evaluate system and network requirements.",YellowZebra,2025-04-05,3.0,1.0,2.0,3.0,3.0,3.0
16219,Document Management Specialists,Monitor regulatory activity to maintain compliance with records and document management laws.,YellowZebra,2025-04-05,4.0,1.0,2.0,2.0,2.0,2.0
14673,Computer Systems Engineers/Architects,"Identify system data, hardware, or software components required to meet user needs.",YellowZebra,2025-04-05,3.0,1.0,2.0,3.0,3.0,3.0
3478,Computer Systems Analysts,"Review and analyze computer printouts and performance indicators to locate code problems, and correct errors by correcting codes.",YellowZebra,2025-04-05,5.0,1.0,1.0,2.0,2.0,1.0
5301,"Tax Examiners and Collectors, and Revenue Agents",Impose payment deadlines on delinquent taxpayers and monitor payments to ensure that deadlines are met.,YellowZebra,2025-04-05,5.0,1.0,1.0,1.0,2.0,1.0
16201,Video Game Designers,"Solicit, obtain, and integrate feedback from design and technical staff into original game design.",YellowZebra,2025-04-05,3.0,1.0,1.0,3.0,4.0,3.0
1250,Credit Analysts,Analyze credit data and financial statements to determine the degree of risk involved in extending credit or lending money.,YellowZebra,2025-04-05,3.0,1.0,3.0,3.0,3.0,2.0
1267,Computer Programmers,Correct errors by making appropriate changes and rechecking the program to ensure that the desired results are produced.,YellowZebra,2025-04-05,5.0,1.0,1.0,2.0,1.0,1.0
19010,Computer Network Support Specialists,Provide telephone support related to networking or connectivity issues.,YellowZebra,2025-04-05,3.0,1.0,1.0,2.0,5.0,3.0
16075,Telecommunications Engineering Specialists,"Implement controls to provide security for operating systems, software, and data.",YellowZebra,2025-04-05,4.0,1.0,1.0,3.0,1.0,2.0
21719,Geographic Information Systems Technologists and Technicians,"Perform computer programming, data analysis, or software development for Geographic Information Systems (GIS) applications, including the maintenance of existing systems or research and development for future enhancements.",YellowZebra,2025-04-05,3.0,1.0,3.0,3.0,3.0,4.0
14763,Web Administrators,Develop testing routines and procedures.,YellowZebra,2025-04-05,5.0,1.0,1.0,2.0,2.0,1.0
19004,Computer Network Support Specialists,Back up network data.,YellowZebra,2025-04-05,5.0,1.0,1.0,1.0,1.0,1.0
3480,Computer Systems Analysts,"Read manuals, periodicals, and technical reports to learn how to develop programs that meet staff and user requirements.",YellowZebra,2025-04-05,5.0,1.0,1.0,2.0,1.0,1.0
16104,Database Architects,Identify and correct deviations from database development standards.,YellowZebra,2025-04-05,5.0,1.0,1.0,2.0,2.0,1.0
5294,"Tax Examiners and Collectors, and Revenue Agents","Notify taxpayers of any overpayment or underpayment, and either issue a refund or request further payment.",YellowZebra,2025-04-05,5.0,1.0,1.0,1.0,2.0,1.0
20184,Personal Financial Advisors,"Manage client portfolios, keeping client plans up-to-date.",YellowZebra,2025-04-05,4.0,1.0,1.0,2.0,3.0,2.0
1321,Network and Computer Systems Administrators,"Perform routine network startup and shutdown procedures, and maintain control records.",YellowZebra,2025-04-05,5.0,1.0,1.0,1.0,1.0,1.0
14722,Web Developers,"Provide clear, detailed descriptions of Web site specifications, such as product features, activities, software, communication protocols, programming languages, and operating systems software and hardware.",YellowZebra,2025-04-05,5.0,1.0,1.0,1.0,1.0,1.0
3407,Loan Officers,"Approve loans within specified limits, and refer loan applications outside those limits to management for approval.",YellowZebra,2025-04-05,5.0,1.0,1.0,1.0,1.0,1.0
7366,Tax Preparers,"Check data input or verify totals on forms prepared by others to detect errors in arithmetic, data entry, or procedures.",YellowZebra,2025-04-05,5.0,1.0,1.0,2.0,1.0,1.0
16059,Telecommunications Engineering Specialists,Estimate costs for system or component implementation and operation.,YellowZebra,2025-04-05,4.0,1.0,2.0,2.0,2.0,2.0
1269,Computer Programmers,"Compile and write documentation of program development and subsequent revisions, inserting comments in the coded instructions so others can understand the program.",YellowZebra,2025-04-05,5.0,1.0,1.0,2.0,1.0,1.0
3474,Computer Systems Analysts,"Analyze information processing or computation needs and plan and design computer systems, using techniques such as structured analysis, data modeling, and information engineering.",YellowZebra,2025-04-05,3.0,1.0,3.0,3.0,3.0,3.0
1314,Database Administrators,"Review workflow charts developed by programmer analyst to understand tasks computer will perform, such as updating records.",YellowZebra,2025-04-05,3.0,1.0,1.0,2.0,3.0,2.0
1251,Credit Analysts,Prepare reports that include the degree of risk involved in extending credit or lending money.,YellowZebra,2025-04-05,3.0,1.0,3.0,3.0,3.0,2.0
16171,Information Technology Project Managers,Develop and manage work breakdown structure (WBS) of information technology projects.,YellowZebra,2025-04-05,2.0,1.0,4.0,4.0,4.0,4.0
14734,Web Administrators,"Monitor systems for intrusions or denial of service attacks, and report security breaches to appropriate personnel.",YellowZebra,2025-04-05,4.0,1.0,1.0,3.0,2.0,2.0
14648,Software Quality Assurance Analysts and Testers,Document test procedures to ensure replicability and compliance with standards.,YellowZebra,2025-04-05,5.0,1.0,1.0,1.0,1.0,1.0
16159,Information Technology Project Managers,"Initiate, review, or approve modifications to project plans.",YellowZebra,2025-04-05,3.0,1.0,4.0,4.0,4.0,3.0
7373,Mathematicians,"Address the relationships of quantities, magnitudes, and forms through the use of numbers and symbols.",YellowZebra,2025-04-05,3.0,1.0,2.0,4.0,1.0,3.0
3411,Loan Officers,"Obtain and compile copies of loan applicants' credit histories, corporate financial statements, and other financial information.",YellowZebra,2025-04-05,5.0,1.0,1.0,1.0,2.0,1.0
1287,Computer User Support Specialists,"Maintain records of daily data communication transactions, problems and remedial actions taken, or installation activities.",YellowZebra,2025-04-05,5.0,1.0,1.0,1.0,1.0,1.0
1285,Computer User Support Specialists,Oversee the daily performance of computer systems.,YellowZebra,2025-04-05,5.0,1.0,1.0,2.0,1.0,1.0
14624,Computer and Information Research Scientists,Assign or schedule tasks to meet work priorities and goals.,YellowZebra,2025-04-05,3.0,1.0,3.0,3.0,3.0,3.0
1273,Computer Programmers,"Write, analyze, review, and rewrite programs, using workflow chart and diagram, and applying knowledge of computer capabilities, subject matter, and symbolic logic.",YellowZebra,2025-04-05,4.0,1.0,1.0,3.0,2.0,2.0
14723,Web Developers,Monitor security system performance logs to identify problems and notify security specialists when problems occur.,YellowZebra,2025-04-05,4.0,1.0,2.0,2.0,2.0,2.0
14733,Web Administrators,"Review or update Web page content or links in a timely manner, using appropriate tools.",YellowZebra,2025-04-05,5.0,1.0,1.0,2.0,1.0,1.0
18940,Credit Counselors,"Maintain or update records of client account activity, including financial transactions, counseling session notes, correspondence, document images, or client inquiries.",YellowZebra,2025-04-05,5.0,1.0,1.0,1.0,2.0,1.0
5310,"Tax Examiners and Collectors, and Revenue Agents","Investigate claims of inability to pay taxes by researching court information for the status of liens, mortgages, or financial statements, or by locating assets through third parties.",YellowZebra,2025-04-05,4.0,1.0,2.0,2.0,3.0,2.0
17701,Freight Forwarders,Complete customs paperwork.,GrayLion,2025-04-06,4.0,2.0,4.0,2.0,2.0,3.0
3415,Loan Officers,Stay abreast of new types of loans and other financial services and products to better meet customers' needs.,YellowZebra,2025-04-05,4.0,1.0,1.0,2.0,2.0,2.0
1288,Computer User Support Specialists,"Read technical manuals, confer with users, or conduct computer diagnostics to investigate and resolve problems or to provide technical assistance and support.",YellowZebra,2025-04-05,4.0,1.0,2.0,3.0,2.0,2.0
18991,Computer Network Support Specialists,Configure security settings or access permissions for groups or individuals.,YellowZebra,2025-04-05,5.0,1.0,1.0,2.0,2.0,1.0
8956,Statisticians,Analyze and interpret statistical data to identify significant differences in relationships among sources of information.,YellowZebra,2025-04-05,3.0,1.0,2.0,3.0,1.0,3.0
18938,Credit Counselors,"Explain services or policies to clients, such as debt management program rules, advantages and disadvantages of using services, or creditor concession policies.",YellowZebra,2025-04-05,2.0,1.0,2.0,3.0,5.0,5.0
21723,Geographic Information Systems Technologists and Technicians,Design or coordinate the development of integrated Geographic Information Systems (GIS) spatial or non-spatial databases.,YellowZebra,2025-04-05,3.0,1.0,1.0,3.0,3.0,3.0
16070,Telecommunications Engineering Specialists,Manage user access to systems and equipment through account management and password administration.,YellowZebra,2025-04-05,5.0,1.0,1.0,2.0,2.0,1.0
14742,Web Administrators,"Collaborate with Web developers to create and operate internal and external Web sites, or to manage projects, such as e-marketing campaigns.",YellowZebra,2025-04-05,3.0,1.0,2.0,3.0,3.0,4.0
21573,Appraisers and Assessors of Real Estate,Draw land diagrams to be used in appraisal reports to support findings.,YellowZebra,2025-04-05,5.0,1.0,1.0,2.0,2.0,1.0
18977,Computer Network Architects,"Maintain networks by performing activities such as file addition, deletion, or backup.",YellowZebra,2025-04-05,5.0,1.0,2.0,2.0,2.0,1.0
14707,Web Developers,Write supporting code for Web applications or Web sites.,YellowZebra,2025-04-05,5.0,1.0,1.0,2.0,1.0,1.0
19003,Computer Network Support Specialists,Analyze and report computer network security breaches or attempted breaches.,YellowZebra,2025-04-05,4.0,1.0,1.0,3.0,1.0,2.0
18946,Credit Counselors,Refer clients to social service or community resources for needs beyond those of credit or debt counseling.,YellowZebra,2025-04-05,3.0,1.0,2.0,3.0,3.0,3.0
1277,Computer Programmers,Perform systems analysis and programming tasks to maintain and control the use of computer systems software as a systems programmer.,YellowZebra,2025-04-05,4.0,1.0,1.0,2.0,1.0,2.0
18949,Credit Counselors,Conduct research to help clients avoid repossessions or foreclosures or remove levies or wage garnishments.,YellowZebra,2025-04-05,2.0,1.0,3.0,3.0,3.0,5.0
14698,Web Developers,Back up files from Web sites to local directories for instant recovery in case of problems.,YellowZebra,2025-04-05,5.0,1.0,1.0,2.0,1.0,1.0
14740,Web Administrators,"Implement updates, upgrades, and patches in a timely manner to limit loss of service.",YellowZebra,2025-04-05,5.0,1.0,1.0,2.0,1.0,1.0
18936,Credit Counselors,"Create debt management plans, spending plans, or budgets to assist clients to meet financial goals.",YellowZebra,2025-04-05,2.0,1.0,4.0,4.0,4.0,5.0
3416,Loan Officers,Submit applications to credit analysts for verification and recommendation.,YellowZebra,2025-04-05,5.0,1.0,1.0,2.0,2.0,1.0
14683,Computer Systems Engineers/Architects,Design and conduct hardware or software tests.,YellowZebra,2025-04-05,5.0,1.0,1.0,2.0,1.0,1.0
18941,Credit Counselors,"Negotiate with creditors on behalf of clients to arrange for payment adjustments, interest rate reductions, time extensions, or payment plans.",YellowZebra,2025-04-05,2.0,1.0,4.0,4.0,5.0,5.0
16119,Data Warehousing Specialists,Prepare functional or technical documentation for data warehouses.,YellowZebra,2025-04-05,5.0,1.0,1.0,1.0,2.0,1.0
7368,Mathematicians,Develop computational methods for solving problems that occur in areas of science and engineering or that come from applications in business or industry.,YellowZebra,2025-04-05,2.0,1.0,4.0,4.0,4.0,5.0
20363,Tax Preparers,Answer questions and provide future tax planning to clients.,YellowZebra,2025-04-05,4.0,1.0,2.0,2.0,4.0,2.0
21737,Geographic Information Systems Technologists and Technicians,"Create visual representations of geospatial data, using complex procedures such as analytical modeling, three-dimensional renderings, or plot creation.",YellowZebra,2025-04-05,4.0,1.0,1.0,2.0,2.0,2.0
18989,Computer Network Support Specialists,"Analyze network data to determine network usage, disk space availability, or server function.",YellowZebra,2025-04-05,5.0,1.0,1.0,2.0,1.0,1.0
14644,Software Quality Assurance Analysts and Testers,Create or maintain databases of known test defects.,YellowZebra,2025-04-05,5.0,1.0,1.0,2.0,1.0,1.0
18947,Credit Counselors,"Review changes to financial, family, or employment situations to determine whether changes to existing debt management plans, spending plans, or budgets are needed.",YellowZebra,2025-04-05,2.0,1.0,3.0,3.0,3.0,4.0
16217,Video Game Designers,"Create core game features, including storylines, role-play mechanics, and character biographies for a new video game or game franchise.",YellowZebra,2025-04-05,2.0,1.0,4.0,4.0,4.0,5.0
14636,Computer and Information Research Scientists,"Approve, prepare, monitor, and adjust operational budgets.",YellowZebra,2025-04-05,2.0,1.0,4.0,4.0,4.0,5.0
18950,Credit Counselors,Create action plans to assist clients in obtaining permanent housing via rent or mortgage programs.,YellowZebra,2025-04-05,3.0,1.0,3.0,3.0,3.0,4.0
14642,Software Quality Assurance Analysts and Testers,"Identify, analyze, and document problems with program function, output, online screen, or content.",YellowZebra,2025-04-05,4.0,1.0,1.0,2.0,2.0,2.0
14645,Software Quality Assurance Analysts and Testers,Plan test schedules or strategies in accordance with project scope or delivery dates.,YellowZebra,2025-04-05,4.0,1.0,2.0,3.0,3.0,2.0
21721,Geographic Information Systems Technologists and Technicians,"Review existing or incoming data for currency, accuracy, usefulness, quality, or completeness of documentation.",YellowZebra,2025-04-05,3.0,1.0,2.0,3.0,2.0,3.0
14638,Software Quality Assurance Analysts and Testers,"Design test plans, scenarios, scripts, or procedures.",YellowZebra,2025-04-05,4.0,1.0,2.0,3.0,2.0,2.0
14626,Computer and Information Research Scientists,"Apply theoretical expertise and innovation to create or apply new technology, such as adapting principles for applying computers to new uses.",YellowZebra,2025-04-05,2.0,1.0,4.0,4.0,4.0,5.0
1299,Database Administrators,Modify existing databases and database management systems or direct programmers and analysts to make changes.,YellowZebra,2025-04-05,5.0,1.0,1.0,2.0,2.0,1.0
14652,Software Quality Assurance Analysts and Testers,"Install, maintain, or use software testing programs.",YellowZebra,2025-04-05,5.0,1.0,1.0,2.0,2.0,1.0
16168,Information Technology Project Managers,"Prepare project status reports by collecting, analyzing, and summarizing information and trends.",YellowZebra,2025-04-05,4.0,1.0,2.0,3.0,3.0,2.0
20950,Computer Systems Analysts,Troubleshoot program and system malfunctions to restore normal functioning.,YellowZebra,2025-04-05,4.0,1.0,2.0,3.0,2.0,2.0
14647,Software Quality Assurance Analysts and Testers,"Review software documentation to ensure technical accuracy, compliance, or completeness, or to mitigate risks.",YellowZebra,2025-04-05,4.0,1.0,1.0,3.0,1.0,2.0
14664,Software Quality Assurance Analysts and Testers,Conduct historical analyses of test results.,YellowZebra,2025-04-05,3.0,1.0,3.0,3.0,2.0,3.0
3412,Loan Officers,Review and update credit and loan files.,YellowZebra,2025-04-05,4.0,1.0,1.0,2.0,2.0,2.0
1300,Database Administrators,"Test programs or databases, correct errors, and make necessary modifications.",YellowZebra,2025-04-05,4.0,1.0,1.0,2.0,1.0,2.0
1259,Credit Analysts,"Analyze financial data, such as income growth, quality of management, and market share to determine expected profitability of loans.",YellowZebra,2025-04-05,2.0,1.0,3.0,3.0,3.0,4.0
20189,Personal Financial Advisors,"Recommend financial products, such as stocks, bonds, mutual funds, or insurance.",YellowZebra,2025-04-05,2.0,1.0,3.0,3.0,3.0,4.0
16203,Video Game Designers,Prepare two-dimensional concept layouts or three-dimensional mock-ups.,YellowZebra,2025-04-05,2.0,1.0,4.0,4.0,4.0,5.0
19011,Computer Network Support Specialists,Research hardware or software products to meet technical networking or security needs.,YellowZebra,2025-04-05,4.0,1.0,2.0,3.0,3.0,2.0
14672,Computer Systems Engineers/Architects,Provide technical guidance or support for the development or troubleshooting of systems.,YellowZebra,2025-04-05,3.0,1.0,3.0,3.0,3.0,2.0
16118,Data Warehousing Specialists,Provide or coordinate troubleshooting support for data warehouses.,YellowZebra,2025-04-05,4.0,1.0,2.0,3.0,3.0,2.0
19014,Computer Network Support Specialists,Train users in procedures related to network applications software or related systems.,YellowZebra,2025-04-05,3.0,2.0,1.0,2.0,4.0,2.0
14671,Computer Systems Engineers/Architects,"Evaluate current or emerging technologies to consider factors such as cost, portability, compatibility, or usability.",YellowZebra,2025-04-05,3.0,1.0,3.0,3.0,2.0,3.0
1283,Computer User Support Specialists,Enter commands and observe system functioning to verify correct operations and detect errors.,YellowZebra,2025-04-05,5.0,1.0,1.0,1.0,1.0,1.0
7362,Tax Preparers,"Review financial records, such as income statements and documentation of expenditures to determine forms needed to prepare tax returns.",YellowZebra,2025-04-05,4.0,1.0,2.0,2.0,2.0,2.0
1317,Network and Computer Systems Administrators,Perform data backups and disaster recovery operations.,YellowZebra,2025-04-05,5.0,1.0,1.0,2.0,1.0,1.0
18103,Health Informatics Specialists,Provide consultation to nurses regarding hardware or software configuration.,YellowZebra,2025-04-05,4.0,1.0,1.0,2.0,4.0,2.0
5316,Information Security Analysts,Monitor current reports of computer viruses to determine when to update virus protection systems.,YellowZebra,2025-04-05,5.0,1.0,1.0,2.0,1.0,1.0
21738,Geographic Information Systems Technologists and Technicians,Transfer or rescale information from original photographs onto maps or other photographs.,YellowZebra,2025-04-05,5.0,1.0,1.0,1.0,1.0,1.0
16125,Data Warehousing Specialists,"Implement business rules via stored procedures, middleware, or other technologies.",YellowZebra,2025-04-05,4.0,1.0,2.0,2.0,4.0,2.0
18945,Credit Counselors,"Recommend strategies for clients to meet their financial goals, such as borrowing money through loans or loan programs, declaring bankruptcy, making budget adjustments, or enrolling in debt management plans.",YellowZebra,2025-04-05,2.0,1.0,3.0,3.0,4.0,5.0
14655,Software Quality Assurance Analysts and Testers,"Conduct software compatibility tests with programs, hardware, operating systems, or network environments.",YellowZebra,2025-04-05,5.0,1.0,1.0,1.0,1.0,1.0
15997,Financial Quantitative Analysts,"Apply mathematical or statistical techniques to address practical issues in finance, such as derivative valuation, securities trading, risk management, or financial market regulation.",YellowZebra,2025-04-05,3.0,1.0,2.0,4.0,2.0,3.0
1272,Computer Programmers,"Perform or direct revision, repair, or expansion of existing programs to increase operating efficiency or adapt to new requirements.",YellowZebra,2025-04-05,5.0,1.0,1.0,3.0,2.0,1.0
5322,Information Security Analysts,"Document computer security and emergency measures policies, procedures, and tests.",YellowZebra,2025-04-05,4.0,1.0,2.0,3.0,3.0,2.0
1313,Database Administrators,"Write and code logical and physical database descriptions and specify identifiers of database to management system, or direct others in coding descriptions.",YellowZebra,2025-04-05,5.0,1.0,1.0,2.0,2.0,1.0
14731,Web Administrators,Back up or modify applications and related data to provide for disaster recovery.,YellowZebra,2025-04-05,5.0,1.0,1.0,2.0,1.0,1.0
16121,Data Warehousing Specialists,"Verify the structure, accuracy, or quality of warehouse data.",YellowZebra,2025-04-05,5.0,1.0,1.0,2.0,1.0,1.0
5288,"Tax Examiners and Collectors, and Revenue Agents",Collect taxes from individuals or businesses according to prescribed laws and regulations.,YellowZebra,2025-04-05,2.0,4.0,1.0,2.0,4.0,5.0
14713,Web Developers,"Respond to user email inquiries, or set up automated systems to send responses.",YellowZebra,2025-04-05,5.0,1.0,1.0,2.0,3.0,1.0
18088,Health Informatics Specialists,"Design, develop, select, test, implement, and evaluate new or modified informatics solutions, data structures, and decision-support mechanisms to support patients, health care professionals, and their information management and human-computer and human-technology interactions within health care contexts.",YellowZebra,2025-04-05,3.0,1.0,3.0,4.0,4.0,4.0
18657,Broadcast Technicians,Make commercial dubs.,450,2025-04-26,1.0,4.0,4.0,4.0,4.0,4.0
18934,Credit Counselors,"Assess clients' overall financial situations by reviewing income, assets, debts, expenses, credit reports, or other financial information.",YellowZebra,2025-04-05,3.0,1.0,3.0,3.0,2.0,3.0
21570,Appraisers and Assessors of Real Estate,Obtain county land values and sales information about nearby properties to aid in establishment of property values.,YellowZebra,2025-04-05,3.0,2.0,1.0,2.0,3.0,3.0
12904,Personal Financial Advisors,Analyze financial information obtained from clients to determine strategies for meeting clients' financial objectives.,YellowZebra,2025-04-05,3.0,1.0,3.0,3.0,4.0,4.0
1274,Computer Programmers,Write or contribute to instructions or manuals to guide end users.,YellowZebra,2025-04-05,5.0,1.0,1.0,2.0,2.0,1.0
16124,Data Warehousing Specialists,"Map data between source systems, data warehouses, and data marts.",YellowZebra,2025-04-05,5.0,1.0,1.0,2.0,1.0,1.0
16128,Data Warehousing Specialists,Design and implement warehouse database structures.,YellowZebra,2025-04-05,4.0,1.0,3.0,3.0,4.0,2.0
18993,Computer Network Support Specialists,Document network support activities.,YellowZebra,2025-04-05,5.0,1.0,1.0,1.0,1.0,1.0
7359,Tax Preparers,Prepare or assist in preparing simple to complex tax returns for individuals or small businesses.,YellowZebra,2025-04-05,2.0,1.0,3.0,4.0,4.0,4.0
3465,Computer Systems Analysts,"Test, maintain, and monitor computer programs and systems, including coordinating the installation of computer programs and systems.",YellowZebra,2025-04-05,5.0,1.0,1.0,2.0,1.0,1.0
19009,Computer Network Support Specialists,"Monitor industry Web sites or publications for information about patches, releases, viruses, or potential problem identification.",YellowZebra,2025-04-05,4.0,1.0,2.0,2.0,2.0,2.0
15206,Network and Computer Systems Administrators,"Configure, monitor, and maintain email applications or virus protection software.",YellowZebra,2025-04-05,5.0,1.0,1.0,2.0,1.0,1.0
16170,Information Technology Project Managers,"Develop or update project plans for information technology projects including information such as project objectives, technologies, systems, information specifications, schedules, funding, and staffing.",YellowZebra,2025-04-05,2.0,1.0,4.0,4.0,4.0,5.0
14717,Web Developers,Establish appropriate server directory trees.,YellowZebra,2025-04-05,5.0,1.0,1.0,2.0,2.0,1.0
16200,Video Game Designers,Write or supervise the writing of game text and dialogue.,YellowZebra,2025-04-05,3.0,1.0,2.0,2.0,4.0,3.0
21726,Geographic Information Systems Technologists and Technicians,"Provide technical support to users or clients regarding the maintenance, development, or operation of Geographic Information Systems (GIS) databases, equipment, or applications.",YellowZebra,2025-04-05,4.0,1.0,1.0,2.0,3.0,2.0
14687,Computer Systems Engineers/Architects,"Communicate project information through presentations, technical reports, or white papers.",YellowZebra,2025-04-05,3.0,1.0,1.0,2.0,5.0,2.0
16065,Telecommunications Engineering Specialists,Prepare system activity and performance reports.,YellowZebra,2025-04-05,4.0,1.0,1.0,2.0,2.0,2.0
8957,Statisticians,"Prepare data for processing by organizing information, checking for inaccuracies, and adjusting and weighting the raw data.",YellowZebra,2025-04-05,3.0,1.0,1.0,3.0,1.0,3.0
18092,Health Informatics Specialists,Use informatics science to design or implement health information technology applications for resolution of clinical or health care administrative problems.,YellowZebra,2025-04-05,3.0,1.0,1.0,3.0,4.0,3.0
21722,Geographic Information Systems Technologists and Technicians,"Perform geospatial data building, modeling, or analysis, using advanced spatial analysis, data manipulation, or cartography software.",YellowZebra,2025-04-05,3.0,1.0,1.0,3.0,1.0,3.0
21715,Geographic Information Systems Technologists and Technicians,"Produce data layers, maps, tables, or reports, using spatial analysis procedures or Geographic Information Systems (GIS) technology, equipment, or systems.",YellowZebra,2025-04-05,5.0,1.0,1.0,2.0,1.0,1.0
14643,Software Quality Assurance Analysts and Testers,Monitor bug resolution efforts and track successes.,YellowZebra,2025-04-05,5.0,1.0,1.0,2.0,1.0,1.0
16230,Document Management Specialists,Consult with end users regarding problems in accessing electronic content.,YellowZebra,2025-04-05,2.0,1.0,1.0,2.0,5.0,2.0
14670,Computer Systems Engineers/Architects,Collaborate with engineers or software developers to select appropriate design solutions or ensure the compatibility of system components.,YellowZebra,2025-04-05,3.0,1.0,2.0,4.0,4.0,4.0
5319,Information Security Analysts,Monitor use of data files and regulate access to safeguard information in computer files.,YellowZebra,2025-04-05,5.0,1.0,1.0,2.0,2.0,1.0
14686,Computer Systems Engineers/Architects,"Research, test, or verify proper functioning of software patches and fixes.",YellowZebra,2025-04-05,4.0,1.0,2.0,3.0,2.0,2.0
7360,Tax Preparers,"Use all appropriate adjustments, deductions, and credits to keep clients' taxes to a minimum.",YellowZebra,2025-04-05,2.0,1.0,4.0,4.0,4.0,5.0
16130,Data Warehousing Specialists,"Create plans, test files, and scripts for data warehouse testing, ranging from unit to integration testing.",YellowZebra,2025-04-05,4.0,1.0,1.0,3.0,2.0,2.0
16132,Data Warehousing Specialists,"Develop data warehouse process models, including sourcing, loading, transformation, and extraction.",YellowZebra,2025-04-05,3.0,1.0,2.0,4.0,3.0,3.0
16081,Telecommunications Engineering Specialists,"Communicate with telecommunications vendors to obtain pricing and technical specifications for available hardware, software, or services.",YellowZebra,2025-04-05,3.0,2.0,2.0,2.0,4.0,2.0
18933,Credit Counselors,"Advise clients or respond to inquiries about financial matters in person or via phone, email, Web site, or Internet chat.",YellowZebra,2025-04-05,3.0,1.0,2.0,4.0,4.0,3.0
14708,Web Developers,Communicate with network personnel or Web site hosting agencies to address hardware or software issues affecting Web sites.,YellowZebra,2025-04-05,2.0,2.0,2.0,3.0,4.0,5.0
14744,Web Administrators,"Gather, analyze, or document user feedback to locate or resolve sources of problems.",YellowZebra,2025-04-05,3.0,2.0,2.0,3.0,4.0,4.0
16202,Video Game Designers,Provide feedback to production staff regarding technical game qualities or adherence to original design.,YellowZebra,2025-04-05,2.0,1.0,2.0,3.0,4.0,5.0
7318,Financial Examiners,"Examine the minutes of meetings of directors, stockholders, and committees to investigate the specific authority extended at various levels of management.",YellowZebra,2025-04-05,2.0,1.0,2.0,2.0,3.0,5.0
16063,Telecommunications Engineering Specialists,"Review and evaluate requests from engineers, managers, and technicians for system modifications.",YellowZebra,2025-04-05,3.0,1.0,2.0,3.0,3.0,4.0
15583,Clinical Research Coordinators,"Review scientific literature, participate in continuing education activities, or attend conferences and seminars to maintain current knowledge of clinical studies affairs and issues.",RedTiger,2025-04-05,3.0,4.0,4.0,4.0,4.0,4.0
5299,"Tax Examiners and Collectors, and Revenue Agents",Examine accounting systems and records to determine whether accounting methods used were appropriate and in compliance with statutory provisions.,YellowZebra,2025-04-05,3.0,1.0,2.0,4.0,2.0,3.0
15885,Logistics Analysts,Determine packaging requirements.,RedTiger,2025-04-05,4.0,2.0,3.0,4.0,3.0,3.0
15976,Sustainability Specialists,Develop reports or presentations to communicate the effectiveness of sustainability initiatives.,RedTiger,2025-04-05,3.0,2.0,2.0,3.0,3.0,2.0
20329,Search Marketing Strategists,"Optimize digital assets, such as text, graphics, or multimedia assets, for search engine optimization (SEO) or for display and usability on internet-connected devices.",RedTiger,2025-04-05,4.0,1.0,3.0,4.0,1.0,2.0
8861,Treasurers and Controllers,"Receive, record, and authorize requests for disbursements in accordance with company policies and procedures.",RedTiger,2025-04-05,4.0,2.0,5.0,3.0,3.0,3.0
18100,Health Informatics Specialists,"Develop strategies, policies or procedures for introducing, evaluating, or modifying information technology applied to nursing practice, administration, education, or research.",YellowZebra,2025-04-05,3.0,2.0,2.0,4.0,4.0,3.0
18094,Health Informatics Specialists,"Analyze and interpret patient, nursing, or information systems data to improve nursing services.",YellowZebra,2025-04-05,3.0,1.0,2.0,4.0,4.0,3.0
20188,Personal Financial Advisors,Monitor financial market trends to ensure that client plans are responsive.,YellowZebra,2025-04-05,3.0,1.0,2.0,3.0,3.0,3.0
14758,Web Administrators,"Correct testing-identified problems, or recommend actions for their resolution.",YellowZebra,2025-04-05,4.0,1.0,2.0,3.0,2.0,2.0
5314,Information Security Analysts,"Develop plans to safeguard computer files against accidental or unauthorized modification, destruction, or disclosure and to meet emergency data processing needs.",YellowZebra,2025-04-05,2.0,1.0,3.0,3.0,3.0,4.0
3394,Budget Analysts,Analyze monthly department budgeting and accounting reports to maintain expenditure controls.,YellowZebra,2025-04-05,4.0,1.0,2.0,3.0,3.0,2.0
1257,Credit Analysts,"Compare liquidity, profitability, and credit histories of establishments being evaluated with those of similar establishments in the same industries and geographic locations.",YellowZebra,2025-04-05,4.0,1.0,1.0,2.0,2.0,2.0
1290,Computer User Support Specialists,"Develop training materials and procedures, or train users in the proper use of hardware or software.",YellowZebra,2025-04-05,2.0,2.0,1.0,3.0,4.0,4.0
5296,"Tax Examiners and Collectors, and Revenue Agents",Review filed tax returns to determine whether claimed tax credits and deductions are allowed by law.,YellowZebra,2025-04-05,3.0,1.0,1.0,3.0,2.0,3.0
16210,Video Game Designers,"Determine supplementary virtual features, such as currency, item catalog, menu design, and audio direction.",YellowZebra,2025-04-05,2.0,1.0,3.0,3.0,3.0,4.0
14653,Software Quality Assurance Analysts and Testers,Provide feedback and recommendations to developers on software usability and functionality.,YellowZebra,2025-04-05,4.0,1.0,1.0,3.0,2.0,2.0
14658,Software Quality Assurance Analysts and Testers,"Identify program deviance from standards, and suggest modifications to ensure compliance.",YellowZebra,2025-04-05,4.0,1.0,2.0,3.0,3.0,2.0
21728,Geographic Information Systems Technologists and Technicians,Interpret aerial or ortho photographs.,YellowZebra,2025-04-05,4.0,1.0,2.0,3.0,1.0,2.0
18937,Credit Counselors,"Estimate time for debt repayment, given amount of debt, interest rates, and available funds.",YellowZebra,2025-04-05,3.0,1.0,3.0,3.0,2.0,3.0
14745,Web Administrators,Develop Web site performance metrics.,YellowZebra,2025-04-05,4.0,1.0,1.0,3.0,2.0,2.0
5289,"Tax Examiners and Collectors, and Revenue Agents","Maintain knowledge of tax code changes, and of accounting procedures and theory to properly evaluate financial information.",YellowZebra,2025-04-05,3.0,1.0,1.0,3.0,3.0,3.0
16211,Video Game Designers,Create gameplay prototypes for presentation to creative and technical staff and management.,YellowZebra,2025-04-05,2.0,1.0,1.0,4.0,4.0,4.0
3413,Loan Officers,Review loan agreements to ensure that they are complete and accurate according to policy.,YellowZebra,2025-04-05,4.0,1.0,1.0,2.0,2.0,2.0
7364,Tax Preparers,Consult tax law handbooks or bulletins to determine procedures for preparation of atypical returns.,YellowZebra,2025-04-05,4.0,1.0,2.0,3.0,2.0,2.0
16212,Video Game Designers,"Create and manage documentation, production schedules, prototyping goals, and communication plans in collaboration with production staff.",YellowZebra,2025-04-05,2.0,1.0,3.0,3.0,4.0,5.0
14650,Software Quality Assurance Analysts and Testers,Update automated test scripts to ensure currency.,YellowZebra,2025-04-05,5.0,1.0,1.0,2.0,1.0,1.0
5293,"Tax Examiners and Collectors, and Revenue Agents",Send notices to taxpayers when accounts are delinquent.,YellowZebra,2025-04-05,5.0,1.0,1.0,1.0,2.0,1.0
14762,Web Administrators,Set up or maintain monitoring tools on Web servers or Web sites.,YellowZebra,2025-04-05,5.0,1.0,1.0,3.0,1.0,1.0
1319,Network and Computer Systems Administrators,"Plan, coordinate, and implement network security measures to protect data, software, and hardware.",YellowZebra,2025-04-05,2.0,1.0,4.0,4.0,4.0,4.0
14719,Web Developers,Recommend and implement performance improvements.,YellowZebra,2025-04-05,3.0,1.0,2.0,4.0,4.0,3.0
3466,Computer Systems Analysts,"Use object-oriented programming languages, as well as client and server applications development processes and multimedia and Internet technology.",YellowZebra,2025-04-05,5.0,1.0,1.0,3.0,1.0,1.0
21733,Geographic Information Systems Technologists and Technicians,"Design, program, or model Geographic Information Systems (GIS) applications or procedures.",YellowZebra,2025-04-05,3.0,1.0,3.0,4.0,4.0,3.0
16111,Database Architects,"Demonstrate database technical functionality, such as performance, security and reliability.",YellowZebra,2025-04-05,2.0,1.0,1.0,2.0,5.0,5.0
18093,Health Informatics Specialists,"Develop, implement, or evaluate health information technology applications, tools, processes, or structures to assist nurses with data management.",YellowZebra,2025-04-05,3.0,2.0,3.0,4.0,4.0,3.0
14641,Software Quality Assurance Analysts and Testers,"Document software defects, using a bug tracking system, and report defects to software developers.",YellowZebra,2025-04-05,5.0,1.0,1.0,2.0,2.0,1.0
16157,Information Technology Project Managers,Monitor or track project milestones and deliverables.,YellowZebra,2025-04-05,2.0,1.0,3.0,3.0,5.0,4.0
18101,Health Informatics Specialists,"Identify, collect, record, or analyze data relevant to the nursing care of patients.",YellowZebra,2025-04-05,2.0,2.0,3.0,3.0,4.0,5.0
7321,Financial Examiners,Review audit reports of internal and external auditors to monitor adequacy of scope of reports or to discover specific weaknesses in internal routines.,YellowZebra,2025-04-05,3.0,1.0,3.0,4.0,3.0,3.0
16123,Data Warehousing Specialists,"Perform system analysis, data analysis or programming, using a variety of computer languages and procedures.",YellowZebra,2025-04-05,4.0,1.0,1.0,2.0,2.0,2.0
1292,Computer User Support Specialists,"Prepare evaluations of software or hardware, and recommend improvements or upgrades.",YellowZebra,2025-04-05,4.0,1.0,1.0,2.0,3.0,2.0
1301,Database Administrators,"Plan, coordinate, and implement security measures to safeguard information in computer files against accidental or unauthorized damage, modification or disclosure.",YellowZebra,2025-04-05,3.0,1.0,3.0,3.0,2.0,3.0
14700,Web Developers,"Evaluate code to ensure that it is valid, is properly structured, meets industry standards, and is compatible with browsers, devices, or operating systems.",YellowZebra,2025-04-05,5.0,1.0,1.0,2.0,1.0,2.0
7363,Tax Preparers,Furnish taxpayers with sufficient information and advice to ensure correct tax form completion.,YellowZebra,2025-04-05,3.0,1.0,2.0,3.0,3.0,3.0
16214,Video Game Designers,Conduct regular design reviews throughout the game development process.,YellowZebra,2025-04-05,2.0,1.0,2.0,4.0,4.0,4.0
16167,Information Technology Project Managers,"Assign duties, responsibilities, and spans of authority to project personnel.",YellowZebra,2025-04-05,2.0,1.0,4.0,4.0,4.0,5.0
16209,Video Game Designers,"Develop and maintain design level documentation, including mechanics, guidelines, and mission outlines.",YellowZebra,2025-04-05,2.0,1.0,4.0,4.0,4.0,5.0
18979,Computer Network Architects,"Monitor and analyze network performance and reports on data input or output to detect problems, identify inefficient use of computer resources, or perform capacity planning.",YellowZebra,2025-04-05,4.0,1.0,1.0,2.0,2.0,2.0
1323,Network and Computer Systems Administrators,"Recommend changes to improve systems and network configurations, and determine hardware or software requirements related to such changes.",YellowZebra,2025-04-05,3.0,1.0,1.0,3.0,2.0,3.0
21577,Appraisers and Assessors of Real Estate,"Analyze trends in sales prices, construction costs, and rents, to assess property values or determine the accuracy of assessments.",YellowZebra,2025-04-05,3.0,1.0,3.0,3.0,3.0,3.0
18992,Computer Network Support Specialists,Configure wide area network (WAN) or local area network (LAN) routers or related equipment.,YellowZebra,2025-04-05,5.0,1.0,1.0,2.0,1.0,5.0
16239,Document Management Specialists,"Identify and classify documents or other electronic content according to characteristics such as security level, function, and metadata.",YellowZebra,2025-04-05,5.0,1.0,1.0,2.0,2.0,1.0
16152,Information Technology Project Managers,"Submit project deliverables, ensuring adherence to quality standards.",YellowZebra,2025-04-05,3.0,1.0,2.0,2.0,4.0,3.0
1279,Computer Programmers,"Assign, coordinate, and review work and activities of programming personnel.",YellowZebra,2025-04-05,3.0,1.0,1.0,2.0,4.0,3.0
18944,Credit Counselors,"Recommend educational materials or resources to clients on matters, such as financial planning, budgeting, or credit.",YellowZebra,2025-04-05,4.0,1.0,2.0,4.0,4.0,2.0
16205,Video Game Designers,Prepare and revise initial game sketches using two- and three-dimensional graphical design software.,YellowZebra,2025-04-05,3.0,1.0,2.0,4.0,2.0,3.0
18095,Health Informatics Specialists,"Analyze computer and information technologies to determine applicability to nursing practice, education, administration, and research.",YellowZebra,2025-04-05,3.0,1.0,2.0,3.0,4.0,3.0
3482,Computer Systems Analysts,"Use the computer in the analysis and solution of business problems, such as development of integrated production and inventory control and cost analysis systems.",YellowZebra,2025-04-05,3.0,1.0,2.0,3.0,3.0,3.0
14714,Web Developers,Develop or implement procedures for ongoing Web site revision.,YellowZebra,2025-04-05,4.0,1.0,1.0,3.0,2.0,2.0
3395,Budget Analysts,Direct the preparation of regular and special budget reports.,YellowZebra,2025-04-05,3.0,1.0,2.0,3.0,3.0,3.0
16197,Video Game Designers,Create gameplay test plans for internal and external test groups.,YellowZebra,2025-04-05,3.0,1.0,2.0,2.0,4.0,3.0
18090,Health Informatics Specialists,"Translate nursing practice information between nurses and systems engineers, analysts, or designers, using object-oriented models or other techniques.",YellowZebra,2025-04-05,3.0,1.0,1.0,3.0,4.0,3.0
14749,Web Administrators,"Track, compile, and analyze Web site usage data.",YellowZebra,2025-04-05,4.0,1.0,1.0,2.0,1.0,2.0
3484,Computer Systems Analysts,Specify inputs accessed by the system and plan the distribution and use of the results.,YellowZebra,2025-04-05,4.0,1.0,1.0,3.0,1.0,2.0
19001,Computer Network Support Specialists,"Test computer software or hardware, using standard diagnostic testing equipment and procedures.",YellowZebra,2025-04-05,5.0,1.0,1.0,2.0,1.0,1.0
3401,Budget Analysts,Review operating budgets to analyze trends affecting budget needs.,YellowZebra,2025-04-05,3.0,1.0,1.0,3.0,2.0,3.0
7317,Financial Examiners,"Recommend actions to ensure compliance with laws and regulations, or to protect solvency of institutions.",YellowZebra,2025-04-05,3.0,1.0,3.0,3.0,3.0,3.0
16198,Video Game Designers,Provide feedback to designers and other colleagues regarding game design features.,YellowZebra,2025-04-05,3.0,1.0,2.0,3.0,3.0,3.0
7372,Mathematicians,"Assemble sets of assumptions, and explore the consequences of each set.",YellowZebra,2025-04-05,2.0,1.0,4.0,4.0,2.0,5.0
14746,Web Administrators,Identify or address interoperability requirements.,YellowZebra,2025-04-05,4.0,1.0,1.0,3.0,1.0,2.0
14710,Web Developers,"Perform Web site tests according to planned schedules, or after any Web site or product revision.",YellowZebra,2025-04-05,5.0,1.0,1.0,2.0,1.0,1.0
14732,Web Administrators,"Determine sources of Web page or server problems, and take action to correct such problems.",YellowZebra,2025-04-05,4.0,1.0,2.0,3.0,2.0,2.0
19002,Computer Network Support Specialists,Troubleshoot network or connectivity problems for users or user groups.,YellowZebra,2025-04-05,5.0,1.0,1.0,2.0,3.0,1.0
7730,Sound Engineering Technicians,Keep logs of recordings.,450,2025-04-26,5.0,1.0,1.0,2.0,1.0,1.0
16221,Document Management Specialists,"Search electronic sources, such as databases or repositories, or manual sources for information.",YellowZebra,2025-04-05,5.0,1.0,1.0,2.0,1.0,1.0
16108,Database Architects,"Develop data models for applications, metadata tables, views or related database structures.",YellowZebra,2025-04-05,4.0,1.0,2.0,3.0,2.0,2.0
7370,Mathematicians,Perform computations and apply methods of numerical analysis to data.,YellowZebra,2025-04-05,4.0,1.0,1.0,2.0,1.0,2.0
18935,Credit Counselors,Calculate clients' available monthly income to meet debt obligations.,YellowZebra,2025-04-05,5.0,1.0,1.0,2.0,2.0,1.0
21165,Tax Preparers,Schedule appointments with clients.,YellowZebra,2025-04-05,5.0,1.0,1.0,1.0,2.0,1.0
1151,"Purchasing Agents, Except Wholesale, Retail, and Farm Products","Maintain and review computerized or manual records of purchased items, costs, deliveries, product performance, and inventories.",RedTiger,2025-04-05,3.0,4.0,4.0,3.0,2.0,3.0
15717,Online Merchants,"Promote products in online communities through weblog or discussion-forum postings, e-mail marketing programs, or online advertising.",RedTiger,2025-04-05,4.0,1.0,3.0,3.0,1.0,2.0
15788,Loss Prevention Managers,Advise retail establishments on development of loss-investigation procedures.,RedTiger,2025-04-05,2.0,3.0,4.0,4.0,4.0,4.0
21318,Financial Managers,"Approve, reject, or coordinate the approval or rejection of lines of credit or commercial, real estate, or personal loans.",RedTiger,2025-04-05,3.0,3.0,5.0,5.0,3.0,3.0
15828,Wind Energy Development Managers,"Update schedules, estimates, forecasts, or budgets for wind projects.",RedTiger,2025-04-05,2.0,4.0,4.0,4.0,4.0,4.0
6904,Commercial and Industrial Designers,"Research production specifications, costs, production materials, and manufacturing methods and provide cost estimates and itemized production requirements.",WhiteHorse,2025-04-06,3.0,2.0,3.0,4.0,2.0,4.0
22411,Librarians and Media Collections Specialists,"Search standard reference materials, including online sources and the Internet, to answer patrons' reference questions.",WhiteHorse,2025-04-06,3.0,3.0,2.0,4.0,2.0,3.0
220,Urban and Regional Planners,"Design, promote, or administer government plans or policies affecting land use, zoning, public utilities, community facilities, housing, or transportation.",WhiteHorse,2025-04-06,3.0,2.0,5.0,5.0,2.0,4.0
284,Art Directors,"Formulate basic layout design or presentation approach and specify material details, such as style and size of type, photographs, graphics, animation, video, and sound.",WhiteHorse,2025-04-06,2.0,4.0,4.0,5.0,5.0,5.0
22420,Librarians and Media Collections Specialists,Locate unusual or unique information in response to specific requests.,WhiteHorse,2025-04-06,3.0,3.0,2.0,4.0,3.0,3.0
11967,Computer Numerically Controlled Tool Programmers,Modify existing programs to enhance efficiency.,BrownKangaroo,2025-04-06,3.0,2.0,2.0,3.0,4.0,3.0
18086,Energy Auditors,"Prepare job specification sheets for home energy improvements, such as attic insulation, window retrofits, or heating system upgrades.",BrownKangaroo,2025-04-06,2.0,4.0,3.0,4.0,4.0,4.0
10427,Prepress Technicians and Workers,"Analyze originals to evaluate color density, gradation highlights, middle tones, and shadows, using densitometers and knowledge of light and color.",BrownKangaroo,2025-04-06,4.0,1.0,2.0,3.0,2.0,2.0
799,Word Processors and Typists,"Electronically sort and compile text and numerical data, retrieving, updating, and merging documents as required.",BrownKangaroo,2025-04-06,5.0,2.0,2.0,3.0,1.0,2.0
23315,Insurance Claims and Policy Processing Clerks,Post or attach information to claim file.,BrownKangaroo,2025-04-06,3.0,2.0,3.0,4.0,1.0,3.0
12749,Air Traffic Controllers,Complete daily activity reports and keep records of messages from aircraft.,BrownKangaroo,2025-04-06,3.0,3.0,2.0,4.0,2.0,3.0
18074,Energy Auditors,Prepare audit reports containing energy analysis results or recommendations for energy cost savings.,BrownKangaroo,2025-04-06,3.0,3.0,2.0,4.0,2.0,2.0
9795,Statistical Assistants,"File data and related information, and maintain and update databases.",BrownKangaroo,2025-04-06,3.0,3.0,3.0,3.0,2.0,3.0
12301,Power Distributors and Dispatchers,"Control, monitor, or operate equipment that regulates or distributes electricity or steam, using data obtained from instruments or computers.",BrownKangaroo,2025-04-06,2.0,2.0,3.0,3.0,3.0,3.0
12306,Power Distributors and Dispatchers,"Track conditions that could affect power needs, such as changes in the weather, and adjust equipment to meet any anticipated changes.",BrownKangaroo,2025-04-06,3.0,2.0,3.0,4.0,4.0,3.0
12730,Air Traffic Controllers,"Monitor aircraft within a specific airspace, using radar, computer equipment, or visual references.",BrownKangaroo,2025-04-06,4.0,2.0,4.0,4.0,1.0,2.0
2821,Desktop Publishers,"Enter digitized data into electronic prepress system computer memory, using scanner, camera, keyboard, or mouse.",BrownKangaroo,2025-04-06,3.0,3.0,3.0,2.0,3.0,3.0
23319,Insurance Claims and Policy Processing Clerks,Process and record new insurance policies and claims.,BrownKangaroo,2025-04-06,3.0,3.0,3.0,4.0,2.0,3.0
2818,Desktop Publishers,"Enter text into computer keyboard and select the size and style of type, column width, and appropriate spacing for printed materials.",BrownKangaroo,2025-04-06,3.0,2.0,3.0,3.0,3.0,3.0
23322,Insurance Claims and Policy Processing Clerks,Correspond with insured or agent to obtain information or to inform them of account status or changes.,BrownKangaroo,2025-04-06,2.0,2.0,3.0,2.0,4.0,4.0
23314,Insurance Claims and Policy Processing Clerks,Calculate amount of claim.,BrownKangaroo,2025-04-06,4.0,2.0,2.0,3.0,1.0,2.0
12738,Air Traffic Controllers,"Maintain radio or telephone contact with adjacent control towers, terminal control units, or other area control centers to coordinate aircraft movement.",BrownKangaroo,2025-04-06,4.0,3.0,3.0,3.0,2.0,2.0
826,"Office Clerks, General","Communicate with customers, employees, and other individuals to answer questions, disseminate or explain information, take orders, and address complaints.",BrownKangaroo,2025-04-06,2.0,3.0,4.0,4.0,5.0,4.0
9790,Statistical Assistants,"Compile statistics from source materials, such as production or sales records, quality-control or test records, time sheets, or survey sheets.",BrownKangaroo,2025-04-06,3.0,1.0,3.0,5.0,2.0,4.0
828,"Office Clerks, General","Compile, copy, sort, and file records of office activities, business transactions, and other activities.",BrownKangaroo,2025-04-06,4.0,3.0,2.0,3.0,2.0,3.0
18077,Energy Auditors,Calculate potential for energy savings.,BrownKangaroo,2025-04-06,3.0,4.0,3.0,3.0,2.0,3.0
20560,Photographers,Write photograph captions.,450,2025-04-26,5.0,1.0,2.0,3.0,1.0,1.0
792,Word Processors and Typists,"Gather, register, and arrange the material to be typed, following instructions.",BrownKangaroo,2025-04-06,4.0,3.0,2.0,4.0,2.0,2.0
9793,Statistical Assistants,Participate in the publication of data or information.,BrownKangaroo,2025-04-06,2.0,3.0,3.0,5.0,5.0,4.0
9234,"Title Examiners, Abstractors, and Searchers","Examine individual titles to determine if restrictions, such as delinquent taxes, will affect titles and limit property use.",WhiteHorse,2025-04-06,3.0,1.0,4.0,5.0,4.0,4.0
23326,Insurance Claims and Policy Processing Clerks,"Transcribe data to worksheets, and enter data into computer for use in preparing documents and adjusting accounts.",BrownKangaroo,2025-04-06,2.0,2.0,3.0,3.0,3.0,4.0
9789,Statistical Assistants,Enter data into computers for use in analyses or reports.,BrownKangaroo,2025-04-06,2.0,2.0,4.0,5.0,5.0,4.0
11955,Computer Numerically Controlled Tool Operators,"Implement changes to machine programs, and enter new specifications, using computers.",BrownKangaroo,2025-04-06,4.0,2.0,3.0,4.0,1.0,2.0
801,Word Processors and Typists,"Search for specific sets of stored, typed characters to make changes.",BrownKangaroo,2025-04-06,5.0,1.0,2.0,3.0,1.0,2.0
22625,"News Analysts, Reporters, and Journalists","Examine news items of local, national, and international significance to determine topics to address, or obtain assignments from editorial staff members.",WhiteHorse,2025-04-06,3.0,4.0,5.0,5.0,5.0,5.0
5161,Proofreaders and Copy Markers,"Compare information or figures on one record against same data on other records, or with original copy, to detect errors.",BrownKangaroo,2025-04-06,4.0,2.0,2.0,3.0,1.0,2.0
22409,Librarians and Media Collections Specialists,"Review and evaluate materials, using book reviews, catalogs, faculty recommendations, and current holdings to select and order print, audio-visual, and electronic resources.",WhiteHorse,2025-04-06,3.0,2.0,3.0,4.0,4.0,3.0
5160,Proofreaders and Copy Markers,Read corrected copies or proofs to ensure that all corrections have been made.,BrownKangaroo,2025-04-06,4.0,2.0,2.0,4.0,2.0,2.0
22649,"News Analysts, Reporters, and Journalists","Communicate with readers, viewers, advertisers, or the general public via mail, email, or telephone.",WhiteHorse,2025-04-06,4.0,4.0,5.0,5.0,4.0,5.0
832,"Office Clerks, General","Maintain and update filing, inventory, mailing, and database systems, either manually or using a computer.",BrownKangaroo,2025-04-06,4.0,2.0,3.0,4.0,1.0,2.0
7276,Management Analysts,Gather and organize information on problems or procedures.,BrownKangaroo,2025-04-06,4.0,2.0,3.0,2.0,1.0,2.0
12735,Air Traffic Controllers,Transfer control of departing flights to traffic control centers and accept control of arriving flights.,BrownKangaroo,2025-04-06,3.0,2.0,3.0,4.0,2.0,3.0
12304,Power Distributors and Dispatchers,"Distribute or regulate the flow of power between entities, such as generating stations, substations, distribution lines, or users, keeping track of the status of circuits or connections.",BrownKangaroo,2025-04-06,2.0,2.0,3.0,4.0,4.0,4.0
2829,Desktop Publishers,Select number of colors and determine color separations.,BrownKangaroo,2025-04-06,4.0,2.0,2.0,3.0,2.0,2.0
11644,"Computer, Automated Teller, and Office Machine Repairers",Analyze equipment performance records to assess equipment functioning.,BrownKangaroo,2025-04-06,4.0,2.0,3.0,3.0,2.0,2.0
7617,"Administrative Law Judges, Adjudicators, and Hearing Officers",Prepare written opinions and decisions.,WhiteHorse,2025-04-06,3.0,3.0,5.0,5.0,4.0,4.0
6902,Commercial and Industrial Designers,"Evaluate feasibility of design ideas, based on factors such as appearance, safety, function, serviceability, budget, production costs/methods, and market characteristics.",WhiteHorse,2025-04-06,3.0,3.0,4.0,5.0,4.0,3.0
20554,Public Relations Specialists,Write press releases or other media communications to promote clients.,WhiteHorse,2025-04-06,3.0,3.0,4.0,4.0,5.0,4.0
1779,Editors,"Plan the contents of publications according to the publication's style, editorial policy, and publishing requirements.",WhiteHorse,2025-04-06,4.0,1.0,3.0,3.0,5.0,2.0
19982,Industrial Ecologists,"Review research literature to maintain knowledge on topics related to industrial ecology, such as physical science, technology, economy, and public policy.",WhiteHorse,2025-04-06,3.0,3.0,4.0,5.0,4.0,3.0
7555,Survey Researchers,"Determine and specify details of survey projects, including sources of information, procedures to be used, and the design of survey instruments and materials.",WhiteHorse,2025-04-06,5.0,1.0,1.0,4.0,1.0,2.0
7674,Media Programming Directors,Develop promotions for current programs and specials.,WhiteHorse,2025-04-06,2.0,3.0,3.0,5.0,3.0,4.0
1777,Editors,"Read copy or proof to detect and correct errors in spelling, punctuation, and syntax.",WhiteHorse,2025-04-06,4.0,1.0,2.0,5.0,2.0,2.0
22635,"News Analysts, Reporters, and Journalists",Revise work to meet editorial approval or to fit time or space requirements.,WhiteHorse,2025-04-06,3.0,4.0,3.0,5.0,3.0,4.0
16972,Quality Control Analysts,"Monitor testing procedures to ensure that all tests are performed according to established item specifications, standard test methods, or protocols.",WhiteHorse,2025-04-06,2.0,4.0,5.0,5.0,2.0,4.0
16807,Molecular and Cellular Biologists,Maintain accurate laboratory records and data.,WhiteHorse,2025-04-06,2.0,4.0,5.0,5.0,2.0,5.0
18261,Remote Sensing Scientists and Technologists,Process aerial or satellite imagery to create products such as land cover maps.,WhiteHorse,2025-04-06,4.0,1.0,3.0,5.0,1.0,4.0
9079,Atmospheric and Space Scientists,Conduct numerical simulations of climate conditions to understand and predict global or regional weather patterns.,WhiteHorse,2025-04-06,4.0,1.0,5.0,5.0,1.0,2.0
22650,"News Analysts, Reporters, and Journalists","Write online blog entries that address news developments or offer additional information, opinions, or commentary on news events.",WhiteHorse,2025-04-06,4.0,3.0,3.0,4.0,3.0,3.0
5503,Geographers,"Create and modify maps, graphs, or diagrams, using geographical information software and related equipment, and principles of cartography, such as coordinate systems, longitude, latitude, elevation, topography, and map scales.",WhiteHorse,2025-04-06,4.0,3.0,3.0,5.0,2.0,3.0
22113,Surveying and Mapping Technicians,"Analyze aerial photographs to detect and interpret significant military, industrial, resource, or topographical data.",WhiteHorse,2025-04-06,3.0,4.0,3.0,4.0,2.0,3.0
7624,"Administrative Law Judges, Adjudicators, and Hearing Officers",Authorize payment of valid claims and determine method of payment.,WhiteHorse,2025-04-06,3.0,3.0,4.0,5.0,4.0,2.0
1702,Library Technicians,"Compile and maintain records relating to circulation, materials, and equipment.",WhiteHorse,2025-04-06,3.0,3.0,2.0,3.0,3.0,3.0
294,Art Directors,Create custom illustrations or other graphic elements.,WhiteHorse,2025-04-06,3.0,3.0,3.0,5.0,4.0,3.0
9245,"Title Examiners, Abstractors, and Searchers","Determine whether land-related documents can be registered under the relevant legislation, such as the Land Titles Act.",WhiteHorse,2025-04-06,5.0,1.0,1.0,2.0,1.0,1.0
6882,Special Effects Artists and Animators,"Design complex graphics and animation, using independent judgment, creativity, and computer equipment.",WhiteHorse,2025-04-06,3.0,1.0,2.0,4.0,1.0,2.0
16968,Quality Control Analysts,Review data from contract laboratories to ensure accuracy and regulatory compliance.,WhiteHorse,2025-04-06,3.0,4.0,4.0,5.0,4.0,4.0
7548,Survey Researchers,"Review, classify, and record survey data in preparation for computer analysis.",WhiteHorse,2025-04-06,4.0,1.0,2.0,3.0,1.0,1.0
16998,Remote Sensing Technicians,"Manipulate raw data to enhance interpretation, either on the ground or during remote sensing flights.",WhiteHorse,2025-04-06,4.0,2.0,2.0,3.0,1.0,2.0
6895,Special Effects Artists and Animators,Implement and maintain configuration control systems.,WhiteHorse,2025-04-06,3.0,1.0,2.0,3.0,1.0,2.0
22315,Nuclear Technicians,"Monitor instruments, gauges, or recording devices under direction of nuclear experimenters.",WhiteHorse,2025-04-06,2.0,4.0,4.0,5.0,2.0,5.0
1780,Editors,"Verify facts, dates, and statistics, using standard reference sources.",WhiteHorse,2025-04-06,5.0,1.0,2.0,2.0,2.0,1.0
7547,Survey Researchers,"Analyze data from surveys, old records, or case studies, using statistical software.",WhiteHorse,2025-04-06,4.0,1.0,2.0,2.0,1.0,2.0
306,Graphic Designers,"Develop graphics and layouts for product illustrations, company logos, and Web sites.",WhiteHorse,2025-04-06,4.0,1.0,2.0,5.0,2.0,3.0
16852,Climate Change Policy Analysts,"Research policies, practices, or procedures for climate or environmental management.",WhiteHorse,2025-04-06,4.0,2.0,2.0,4.0,1.0,2.0
20209,Atmospheric and Space Scientists,"Interpret data, reports, maps, photographs, or charts to predict long- or short-range weather conditions, using computer models and knowledge of climate theory, physics, and mathematics.",WhiteHorse,2025-04-06,4.0,2.0,2.0,4.0,1.0,2.0
225,Urban and Regional Planners,"Create, prepare, or requisition graphic or narrative reports on land use data, including land area maps overlaid with geographic variables, such as population density.",WhiteHorse,2025-04-06,4.0,2.0,2.0,3.0,1.0,2.0
9236,"Title Examiners, Abstractors, and Searchers","Verify accuracy and completeness of land-related documents accepted for registration, preparing rejection notices when documents are not acceptable.",WhiteHorse,2025-04-06,4.0,1.0,2.0,2.0,1.0,1.0
16790,Bioinformatics Scientists,Create novel computational approaches and analytical tools as required by research goals.,WhiteHorse,2025-04-06,4.0,1.0,2.0,5.0,2.0,2.0
22115,Surveying and Mapping Technicians,"Calculate latitudes, longitudes, angles, areas, or other information for mapmaking, using survey field notes or reference tables.",WhiteHorse,2025-04-06,4.0,3.0,3.0,4.0,1.0,3.0
7554,Survey Researchers,"Produce documentation of the questionnaire development process, data collection methods, sampling designs, and decisions related to sample statistical weighting.",WhiteHorse,2025-04-06,4.0,1.0,1.0,2.0,1.0,1.0
285,Art Directors,"Review and approve art materials, copy materials, and proofs of printed copy developed by staff members.",WhiteHorse,2025-04-06,3.0,3.0,3.0,4.0,3.0,3.0
16846,Climate Change Policy Analysts,"Gather and review climate-related studies from government agencies, research laboratories, and other organizations.",WhiteHorse,2025-04-06,4.0,2.0,3.0,4.0,2.0,2.0
6883,Special Effects Artists and Animators,"Create two-dimensional and three-dimensional images depicting objects in motion or illustrating a process, using computer animation or modeling programs.",WhiteHorse,2025-04-06,4.0,1.0,2.0,4.0,2.0,2.0
3977,Technical Writers,Analyze developments in specific field to determine need for revisions in previously published materials and development of new material.,WhiteHorse,2025-04-06,5.0,2.0,2.0,3.0,2.0,2.0
16791,Bioinformatics Scientists,"Compile data for use in activities, such as gene expression profiling, genome annotation, or structural bioinformatics.",WhiteHorse,2025-04-06,4.0,2.0,3.0,4.0,1.0,2.0
16783,Bioinformatics Scientists,Instruct others in the selection and use of bioinformatics tools.,WhiteHorse,2025-04-06,4.0,2.0,3.0,3.0,1.0,2.0
5671,"Business Teachers, Postsecondary",Advise students on academic and vocational curricula and career issues.,WhiteHorse,2025-04-06,3.0,4.0,4.0,5.0,5.0,5.0
22638,"News Analysts, Reporters, and Journalists","Review written, audio, or video copy, and correct errors in content, grammar, or punctuation, following prescribed editorial style and formatting guidelines.",WhiteHorse,2025-04-06,4.0,3.0,3.0,4.0,4.0,3.0
12963,Social Science Research Assistants,Design and create special programs for tasks such as statistical analysis and data entry and cleaning.,WhiteHorse,2025-04-06,5.0,2.0,2.0,3.0,2.0,2.0
15583,Clinical Research Coordinators,"Review scientific literature, participate in continuing education activities, or attend conferences and seminars to maintain current knowledge of clinical studies affairs and issues.",BlueLion,2025-04-06,3.0,2.0,2.0,4.0,3.0,3.0
12955,Social Science Research Assistants,"Perform descriptive and multivariate statistical analyses of data, using computer software.",WhiteHorse,2025-04-06,4.0,2.0,3.0,4.0,3.0,3.0
19053,Judicial Law Clerks,Review dockets of pending litigation to ensure adequate progress.,WhiteHorse,2025-04-06,3.0,1.0,3.0,4.0,4.0,4.0
1785,Editors,"Assign topics, events and stories to individual writers or reporters for coverage.",WhiteHorse,2025-04-06,3.0,1.0,4.0,4.0,3.0,3.0
19972,Industrial Ecologists,"Identify environmental impacts caused by products, systems, or projects.",WhiteHorse,2025-04-06,3.0,2.0,4.0,5.0,4.0,3.0
304,Graphic Designers,"Review final layouts and suggest improvements, as needed.",WhiteHorse,2025-04-06,4.0,1.0,3.0,4.0,2.0,2.0
14623,Computer and Information Research Scientists,Analyze problems to develop solutions involving computer hardware and software.,GreenElephant,2025-04-06,3.0,2.0,3.0,3.0,2.0,4.0
14640,Software Quality Assurance Analysts and Testers,"Develop testing programs that address areas such as database impacts, software scenarios, regression testing, negative testing, error or bug retests, or usability.",GreenElephant,2025-04-06,3.0,3.0,3.0,4.0,2.0,4.0
18943,Credit Counselors,"Prioritize client debt repayment to avoid dire consequences, such as bankruptcy or foreclosure or to reduce overall costs, such as by paying high-interest or short-term loans first.",GreenElephant,2025-04-06,3.0,4.0,4.0,4.0,4.0,4.0
1325,Network and Computer Systems Administrators,Monitor network performance to determine whether adjustments are needed and where changes will be needed in the future.,GreenElephant,2025-04-06,3.0,3.0,4.0,4.0,3.0,4.0
14695,Web Developers,Perform or direct Web site updates.,GreenElephant,2025-04-06,3.0,3.0,3.0,4.0,3.0,4.0
5292,"Tax Examiners and Collectors, and Revenue Agents",Contact taxpayers by mail or telephone to address discrepancies and to request supporting documentation.,GreenElephant,2025-04-06,3.0,4.0,3.0,3.0,4.0,4.0
7365,Tax Preparers,Calculate form preparation fees according to return complexity and processing time required.,GreenElephant,2025-04-06,4.0,2.0,3.0,3.0,2.0,3.0
14649,Software Quality Assurance Analysts and Testers,"Develop or specify standards, methods, or procedures to determine product quality or release readiness.",GreenElephant,2025-04-06,3.0,3.0,4.0,4.0,3.0,4.0
1276,Computer Programmers,"Prepare detailed workflow charts and diagrams that describe input, output, and logical operation, and convert them into a series of instructions coded in a computer language.",GreenElephant,2025-04-06,3.0,2.0,3.0,4.0,2.0,4.0
16126,Data Warehousing Specialists,"Develop and implement data extraction procedures from other systems, such as administration, billing, or claims.",GreenElephant,2025-04-06,4.0,2.0,3.0,3.0,2.0,3.0
15208,Network and Computer Systems Administrators,"Implement and provide technical support for voice services and equipment, such as private branch exchange, voice mail system, and telecom system.",GreenElephant,2025-04-06,3.0,4.0,3.0,3.0,3.0,4.0
8955,Statisticians,"Identify relationships and trends in data, as well as any factors that could affect the results of research.",GreenElephant,2025-04-06,4.0,2.0,3.0,4.0,2.0,3.0
18942,Credit Counselors,Prepare written documents to establish contracts with or communicate financial recommendations to clients.,GreenElephant,2025-04-06,3.0,4.0,4.0,4.0,4.0,5.0
16194,Video Game Designers,"Review or evaluate competitive products, film, music, television, and other art forms to generate new game design ideas.",GreenElephant,2025-04-06,3.0,3.0,4.0,4.0,2.0,4.0
14667,Computer Systems Engineers/Architects,"Provide advice on project costs, design concepts, or design changes.",GreenElephant,2025-04-06,2.0,3.0,4.0,4.0,4.0,5.0
1318,Network and Computer Systems Administrators,"Maintain and administer computer networks and related computing environments, including computer hardware, systems software, applications software, and all configurations.",GreenElephant,2025-04-06,3.0,3.0,3.0,3.0,2.0,4.0
5303,"Tax Examiners and Collectors, and Revenue Agents",Examine and analyze tax assets and liabilities to determine resolution of delinquent tax problems.,GreenElephant,2025-04-06,3.0,3.0,4.0,4.0,3.0,4.0
14639,Software Quality Assurance Analysts and Testers,Test system modifications to prepare for implementation.,GreenElephant,2025-04-06,3.0,2.0,3.0,3.0,2.0,4.0
16236,Document Management Specialists,Operate data capture technology to import digitized documents into document management system.,GreenElephant,2025-04-06,4.0,2.0,2.0,2.0,2.0,2.0
18974,Computer Network Architects,Estimate time and materials needed to complete projects.,GreenElephant,2025-04-06,3.0,3.0,3.0,3.0,3.0,4.0
18965,Computer Network Architects,Develop and implement solutions for network problems.,GreenElephant,2025-04-06,3.0,3.0,3.0,3.0,2.0,4.0
16106,Database Architects,"Develop or maintain archived procedures, procedural codes, or queries for applications.",GreenElephant,2025-04-06,4.0,2.0,3.0,3.0,2.0,3.0
3470,Computer Systems Analysts,Expand or modify system to serve new purposes or improve work flow.,GreenElephant,2025-04-06,3.0,3.0,3.0,4.0,2.0,4.0
1329,Network and Computer Systems Administrators,Analyze equipment performance records to determine the need for repair or replacement.,GreenElephant,2025-04-06,4.0,2.0,3.0,3.0,2.0,2.0
21724,Geographic Information Systems Technologists and Technicians,Perform integrated or computerized Geographic Information Systems (GIS) analyses to address scientific problems.,GreenElephant,2025-04-06,3.0,2.0,3.0,3.0,2.0,4.0
14675,Computer Systems Engineers/Architects,Monitor system operation to detect potential problems.,GreenElephant,2025-04-06,3.0,3.0,3.0,3.0,2.0,4.0
1330,Network and Computer Systems Administrators,"Maintain logs related to network functions, as well as maintenance and repair records.",GreenElephant,2025-04-06,3.0,2.0,3.0,3.0,2.0,4.0
14625,Computer and Information Research Scientists,Evaluate project plans and proposals to assess feasibility issues.,GreenElephant,2025-04-06,3.0,2.0,3.0,3.0,2.0,4.0
18994,Computer Network Support Specialists,"Evaluate local area network (LAN) or wide area network (WAN) performance data to ensure sufficient availability or speed, to identify network problems, or for disaster recovery purposes.",GreenElephant,2025-04-06,2.0,4.0,4.0,4.0,3.0,5.0
14694,Web Developers,"Design, build, or maintain Web sites, using authoring or scripting languages, content creation tools, management tools, and digital media.",GreenElephant,2025-04-06,3.0,3.0,4.0,4.0,3.0,4.0
7358,Tax Preparers,"Compute taxes owed or overpaid, using adding machines or personal computers, and complete entries on forms, following tax form instructions and tax tables.",GreenElephant,2025-04-06,4.0,2.0,3.0,3.0,2.0,3.0
19006,Computer Network Support Specialists,Create or update technical documentation for network installations or changes to existing installations.,GreenElephant,2025-04-06,3.0,2.0,3.0,3.0,2.0,4.0
14750,Web Administrators,"Test issues such as system integration, performance, and system security on a regular schedule or after any major program modifications.",GreenElephant,2025-04-06,3.0,3.0,3.0,3.0,2.0,4.0
14736,Web Administrators,"Administer internet or intranet infrastructure, including Web, file, and mail servers.",GreenElephant,2025-04-06,3.0,2.0,3.0,3.0,2.0,4.0
1252,Credit Analysts,"Evaluate customer records and recommend payment plans, based on earnings, savings data, payment history, and purchase activity.",GreenElephant,2025-04-06,4.0,2.0,3.0,4.0,3.0,3.0
21720,Geographic Information Systems Technologists and Technicians,"Enter data into Geographic Information Systems (GIS) databases, using techniques such as coordinate geometry, keyboard entry of tabular data, manual digitizing of maps, scanning or automatic conversion to vectors, or conversion of other sources of digital data.",GreenElephant,2025-04-06,4.0,2.0,3.0,3.0,2.0,3.0
21725,Geographic Information Systems Technologists and Technicians,Select cartographic elements needed for effective presentation of information.,GreenElephant,2025-04-06,4.0,2.0,3.0,3.0,2.0,3.0
15983,Financial Quantitative Analysts,Provide application or analytical support to researchers or traders on issues such as valuations or data.,GreenElephant,2025-04-06,4.0,2.0,3.0,4.0,2.0,3.0
16199,Video Game Designers,Balance and adjust gameplay experiences to ensure the critical and commercial success of the product.,GreenElephant,2025-04-06,3.0,3.0,4.0,4.0,3.0,4.0
1275,Computer Programmers,"Investigate whether networks, workstations, the central processing unit of the system, or peripheral equipment are responding to a program's instructions.",GreenElephant,2025-04-06,3.0,4.0,4.0,4.0,3.0,4.0
1328,Network and Computer Systems Administrators,"Gather data pertaining to customer needs, and use the information to identify, predict, interpret, and evaluate system and network requirements.",GreenElephant,2025-04-06,3.0,3.0,3.0,4.0,3.0,4.0
16219,Document Management Specialists,Monitor regulatory activity to maintain compliance with records and document management laws.,GreenElephant,2025-04-06,3.0,2.0,3.0,3.0,2.0,4.0
14673,Computer Systems Engineers/Architects,"Identify system data, hardware, or software components required to meet user needs.",GreenElephant,2025-04-06,3.0,2.0,3.0,3.0,4.0,4.0
3478,Computer Systems Analysts,"Review and analyze computer printouts and performance indicators to locate code problems, and correct errors by correcting codes.",GreenElephant,2025-04-06,4.0,2.0,3.0,3.0,2.0,3.0
5301,"Tax Examiners and Collectors, and Revenue Agents",Impose payment deadlines on delinquent taxpayers and monitor payments to ensure that deadlines are met.,GreenElephant,2025-04-06,4.0,2.0,3.0,3.0,3.0,3.0
16201,Video Game Designers,"Solicit, obtain, and integrate feedback from design and technical staff into original game design.",GreenElephant,2025-04-06,3.0,2.0,3.0,3.0,2.0,4.0
1250,Credit Analysts,Analyze credit data and financial statements to determine the degree of risk involved in extending credit or lending money.,GreenElephant,2025-04-06,4.0,2.0,4.0,4.0,3.0,3.0
1267,Computer Programmers,Correct errors by making appropriate changes and rechecking the program to ensure that the desired results are produced.,GreenElephant,2025-04-06,3.0,2.0,3.0,3.0,2.0,4.0
7556,Survey Researchers,"Support, plan, and coordinate operations for single or multiple surveys.",WhiteHorse,2025-04-06,4.0,3.0,3.0,3.0,4.0,3.0
16786,Bioinformatics Scientists,Develop new software applications or customize existing applications to meet specific scientific project needs.,WhiteHorse,2025-04-06,4.0,1.0,3.0,5.0,3.0,4.0
7559,Survey Researchers,Write training manuals to be used by survey interviewers.,WhiteHorse,2025-04-06,3.0,2.0,3.0,4.0,5.0,3.0
6901,Commercial and Industrial Designers,Present designs and reports to customers or design committees for approval and discuss need for modification.,WhiteHorse,2025-04-06,3.0,4.0,4.0,4.0,4.0,4.0
16973,Quality Control Analysts,Investigate or report questionable test results.,WhiteHorse,2025-04-06,3.0,3.0,4.0,5.0,3.0,4.0
22636,"News Analysts, Reporters, and Journalists",Review and evaluate notes taken about news events to isolate pertinent facts and details.,WhiteHorse,2025-04-06,3.0,2.0,4.0,4.0,5.0,4.0
22642,"News Analysts, Reporters, and Journalists","Check reference materials, such as books, news files, or public records, to obtain relevant facts.",WhiteHorse,2025-04-06,3.0,2.0,5.0,5.0,3.0,3.0
6893,Special Effects Artists and Animators,"Participate in design and production of multimedia campaigns, handling budgeting and scheduling, and assisting with such responsibilities as production coordination, background design, and progress tracking.",WhiteHorse,2025-04-06,2.0,2.0,3.0,5.0,4.0,4.0
19965,Industrial Ecologists,Analyze changes designed to improve the environmental performance of complex systems and avoid unintended negative consequences.,WhiteHorse,2025-04-06,3.0,2.0,4.0,5.0,3.0,4.0
16979,Quality Control Analysts,Compile laboratory test data and perform appropriate analyses.,WhiteHorse,2025-04-06,4.0,3.0,4.0,5.0,2.0,4.0
22631,"News Analysts, Reporters, and Journalists","Select material most pertinent to presentation, and organize this material into appropriate formats.",WhiteHorse,2025-04-06,3.0,1.0,3.0,4.0,4.0,3.0
3976,Technical Writers,Assist in laying out material for publication.,WhiteHorse,2025-04-06,2.0,1.0,3.0,4.0,3.0,3.0
1781,Editors,Review and approve proofs submitted by composing room prior to publication production.,WhiteHorse,2025-04-06,2.0,1.0,4.0,5.0,4.0,4.0
19054,Judicial Law Clerks,"Verify that all files, complaints, or other papers are available and in the proper order.",WhiteHorse,2025-04-06,2.0,3.0,5.0,5.0,4.0,4.0
12964,Social Science Research Assistants,Code data in preparation for computer entry.,WhiteHorse,2025-04-06,3.0,2.0,2.0,4.0,3.0,3.0
286,Art Directors,"Manage own accounts and projects, working within budget and scheduling requirements.",WhiteHorse,2025-04-06,2.0,2.0,4.0,5.0,4.0,4.0
300,Graphic Designers,"Determine size and arrangement of illustrative material and copy, and select style and size of type.",WhiteHorse,2025-04-06,3.0,3.0,4.0,5.0,3.0,4.0
9232,"Title Examiners, Abstractors, and Searchers",Read search requests to ascertain types of title evidence required and to obtain descriptions of properties and names of involved parties.,WhiteHorse,2025-04-06,2.0,3.0,4.0,5.0,3.0,4.0
22319,Nuclear Technicians,"Calculate equipment operating factors, such as radiation times, dosages, temperatures, gamma intensities, or pressures, using standard formulas and conversion tables.",WhiteHorse,2025-04-06,3.0,3.0,5.0,5.0,3.0,4.0
16854,Climate Change Policy Analysts,"Analyze and distill climate-related research findings to inform legislators, regulatory agencies, or other stakeholders.",WhiteHorse,2025-04-06,2.0,3.0,4.0,5.0,3.0,4.0
20557,Public Relations Specialists,"Prepare or edit organizational publications, such as employee newsletters or stockholders' reports, for internal or external audiences.",WhiteHorse,2025-04-06,2.0,2.0,3.0,5.0,4.0,3.0
18295,Precision Agriculture Technicians,Document and maintain records of precision agriculture information.,WhiteHorse,2025-04-06,3.0,3.0,4.0,5.0,3.0,3.0
295,Art Directors,"Mark up, paste, and complete layouts and write typography instructions to prepare materials for typesetting or printing.",WhiteHorse,2025-04-06,2.0,2.0,3.0,5.0,4.0,3.0
6905,Commercial and Industrial Designers,"Design graphic material for use as ornamentation, illustration, or advertising on manufactured materials and packaging or containers.",WhiteHorse,2025-04-06,2.0,2.0,3.0,5.0,4.0,3.0
9242,"Title Examiners, Abstractors, and Searchers","Summarize pertinent legal or insurance details, or sections of statutes or case law from reference books for use in examinations or as proofs or ready reference.",WhiteHorse,2025-04-06,2.0,3.0,4.0,5.0,3.0,4.0
22321,Nuclear Technicians,"Communicate with accelerator maintenance personnel to ensure readiness of support systems, such as vacuum, water cooling, or radio frequency power sources.",WhiteHorse,2025-04-06,2.0,3.0,5.0,5.0,5.0,4.0
12956,Social Science Research Assistants,"Verify the accuracy and validity of data entered in databases, correcting any errors.",WhiteHorse,2025-04-06,4.0,1.0,4.0,4.0,3.0,3.0
15885,Logistics Analysts,Determine packaging requirements.,BlueLion,2025-04-06,2.0,4.0,4.0,4.0,1.0,4.0
15976,Sustainability Specialists,Develop reports or presentations to communicate the effectiveness of sustainability initiatives.,BlueLion,2025-04-06,4.0,2.0,3.0,3.0,2.0,2.0
20329,Search Marketing Strategists,"Optimize digital assets, such as text, graphics, or multimedia assets, for search engine optimization (SEO) or for display and usability on internet-connected devices.",BlueLion,2025-04-06,4.0,1.0,2.0,3.0,3.0,2.0
8861,Treasurers and Controllers,"Receive, record, and authorize requests for disbursements in accordance with company policies and procedures.",BlueLion,2025-04-06,3.0,1.0,4.0,3.0,3.0,3.0
1151,"Purchasing Agents, Except Wholesale, Retail, and Farm Products","Maintain and review computerized or manual records of purchased items, costs, deliveries, product performance, and inventories.",BlueLion,2025-04-06,4.0,2.0,2.0,3.0,2.0,2.0
15717,Online Merchants,"Promote products in online communities through weblog or discussion-forum postings, e-mail marketing programs, or online advertising.",BlueLion,2025-04-06,2.0,1.0,4.0,4.0,3.0,5.0
15788,Loss Prevention Managers,Advise retail establishments on development of loss-investigation procedures.,BlueLion,2025-04-06,2.0,4.0,4.0,4.0,4.0,5.0
21318,Financial Managers,"Approve, reject, or coordinate the approval or rejection of lines of credit or commercial, real estate, or personal loans.",BlueLion,2025-04-06,3.0,2.0,5.0,3.0,2.0,3.0
15828,Wind Energy Development Managers,"Update schedules, estimates, forecasts, or budgets for wind projects.",BlueLion,2025-04-06,2.0,2.0,4.0,4.0,4.0,4.0
3226,Advertising and Promotions Managers,"Inspect layouts and advertising copy, and edit scripts, audio, video, and other promotional material for adherence to specifications.",BlueLion,2025-04-06,3.0,1.0,4.0,4.0,3.0,3.0
55,Medical and Health Services Managers,"Maintain awareness of advances in medicine, computerized diagnostic and treatment equipment, data processing technology, government regulations, health insurance changes, and financing options.",BlueLion,2025-04-06,4.0,1.0,2.0,5.0,1.0,2.0
18859,Human Resources Specialists,Hire employees and process hiring-related paperwork.,BlueLion,2025-04-06,2.0,4.0,5.0,4.0,5.0,4.0
21549,Appraisers and Assessors of Real Estate,"Compute final estimation of property values, taking into account such factors as depreciation, replacement costs, value comparisons of similar properties, and income potential.",BlueLion,2025-04-06,3.0,3.0,4.0,4.0,1.0,3.0
20318,Search Marketing Strategists,Assist in setting up or optimizing analytics tools for tracking visitors' behaviors.,BlueLion,2025-04-06,5.0,1.0,2.0,3.0,1.0,1.0
18860,Human Resources Specialists,"Inform job applicants of details such as duties and responsibilities, compensation, benefits, schedules, working conditions, or promotion opportunities.",BlueLion,2025-04-06,4.0,2.0,2.0,2.0,3.0,2.0
18853,Human Resources Specialists,Analyze employment-related data and prepare required reports.,BlueLion,2025-04-06,5.0,1.0,3.0,3.0,1.0,1.0
15896,Logistics Analysts,Manage systems to ensure that pricing structures adequately reflect logistics costing.,BlueLion,2025-04-06,4.0,2.0,3.0,3.0,1.0,2.0
98,Training and Development Specialists,"Monitor, evaluate, or record training activities or program effectiveness.",BlueLion,2025-04-06,3.0,1.0,2.0,3.0,3.0,3.0
15889,Logistics Analysts,"Communicate with or monitor service providers, such as ocean carriers, air freight forwarders, global consolidators, customs brokers, or trucking companies.",BlueLion,2025-04-06,2.0,3.0,4.0,2.0,4.0,4.0
21417,"Claims Adjusters, Examiners, and Investigators",Examine claims forms and other records to determine insurance coverage.,BlueLion,2025-04-06,3.0,3.0,4.0,4.0,4.0,3.0
15883,Logistics Analysts,Enter logistics-related data into databases.,BlueLion,2025-04-06,5.0,1.0,3.0,2.0,1.0,1.0
18051,Regulatory Affairs Specialists,"Review product promotional materials, labeling, batch records, specification sheets, or test methods for compliance with applicable regulations and policies.",BlueLion,2025-04-06,3.0,2.0,1.0,4.0,2.0,3.0
20330,Search Marketing Strategists,Optimize shopping cart experience or Web site conversion rates against Key Performance Indicators (KPIs).,BlueLion,2025-04-06,2.0,2.0,4.0,4.0,2.0,2.0
20010,Logistics Analysts,"Reorganize shipping schedules to consolidate loads, maximize vehicle usage, or limit the movement of empty vehicles or containers.",BlueLion,2025-04-06,4.0,2.0,4.0,3.0,2.0,2.0
15691,Supply Chain Managers,"Document physical supply chain processes, such as workflows, cycle times, position responsibilities, or system flows.",BlueLion,2025-04-06,4.0,3.0,2.0,3.0,2.0,2.0
15474,Biomass Power Plant Managers,"Plan and schedule plant activities, such as wood, waste, or refuse fuel deliveries, ash removal, and regular maintenance.",BlueLion,2025-04-06,2.0,3.0,4.0,2.0,4.0,4.0
18926,Fundraisers,"Conduct research to identify the goals, net worth, charitable donation history, or other data related to potential donors, potential investors, or general donor markets.",BlueLion,2025-04-06,4.0,1.0,2.0,4.0,2.0,2.0
15731,Online Merchants,"Receive and process payments from customers, using electronic transaction services.",BlueLion,2025-04-06,5.0,1.0,3.0,2.0,1.0,1.0
982,Human Resources Managers,"Administer compensation, benefits, and performance management systems, and safety and recreation programs.",BlueLion,2025-04-06,3.0,3.0,1.0,4.0,4.0,3.0
18045,Regulatory Affairs Specialists,"Communicate with regulatory agencies regarding pre-submission strategies, potential regulatory pathways, compliance test requirements, or clarification and follow-up of submissions under review.",BlueLion,2025-04-06,3.0,3.0,3.0,4.0,3.0,3.0
20846,Cost Estimators,Collect historical cost data to estimate costs for current or future products.,BlueLion,2025-04-06,5.0,1.0,4.0,3.0,1.0,1.0
2727,"Dispatchers, Except Police, Fire, and Ambulance",Prepare daily work and run schedules.,TealGiraffe,2025-04-06,2.0,1.0,4.0,4.0,4.0,4.0
11378,"Production, Planning, and Expediting Clerks","Provide documentation and information to account for delays, difficulties, or changes to cost estimates.",TealGiraffe,2025-04-06,3.0,1.0,2.0,3.0,2.0,3.0
2728,"Dispatchers, Except Police, Fire, and Ambulance",Receive or prepare work orders.,TealGiraffe,2025-04-06,3.0,1.0,2.0,2.0,3.0,3.0
2809,"Secretaries and Administrative Assistants, Except Legal, Medical, and Executive",Establish work procedures or schedules and keep track of the daily work of clerical staff.,GoldPenguin,2025-04-07,2.0,2.0,3.0,4.0,4.0,3.0
2709,Public Safety Telecommunicators,"Scan status charts and computer screens, and contact emergency response field units to determine emergency units available for dispatch.",TealGiraffe,2025-04-06,2.0,1.0,5.0,4.0,3.0,3.0
18578,Executive Secretaries and Executive Administrative Assistants,Process payroll information.,TealGiraffe,2025-04-06,3.0,1.0,3.0,3.0,2.0,3.0
2714,Public Safety Telecommunicators,"Maintain files of information relating to emergency calls, such as personnel rosters and emergency call-out and pager files.",TealGiraffe,2025-04-06,3.0,2.0,2.0,3.0,2.0,3.0
19010,Computer Network Support Specialists,Provide telephone support related to networking or connectivity issues.,GreenElephant,2025-04-06,4.0,2.0,3.0,3.0,3.0,3.0
16075,Telecommunications Engineering Specialists,"Implement controls to provide security for operating systems, software, and data.",GreenElephant,2025-04-06,3.0,2.0,3.0,3.0,2.0,4.0
21719,Geographic Information Systems Technologists and Technicians,"Perform computer programming, data analysis, or software development for Geographic Information Systems (GIS) applications, including the maintenance of existing systems or research and development for future enhancements.",GreenElephant,2025-04-06,3.0,2.0,4.0,4.0,2.0,4.0
14763,Web Administrators,Develop testing routines and procedures.,GreenElephant,2025-04-06,4.0,2.0,3.0,3.0,2.0,3.0
3480,Computer Systems Analysts,"Read manuals, periodicals, and technical reports to learn how to develop programs that meet staff and user requirements.",GreenElephant,2025-04-06,3.0,2.0,3.0,3.0,2.0,4.0
16104,Database Architects,Identify and correct deviations from database development standards.,GreenElephant,2025-04-06,4.0,2.0,3.0,3.0,2.0,2.0
5294,"Tax Examiners and Collectors, and Revenue Agents","Notify taxpayers of any overpayment or underpayment, and either issue a refund or request further payment.",GreenElephant,2025-04-06,4.0,2.0,3.0,3.0,2.0,2.0
2693,"Human Resources Assistants, Except Payroll and Timekeeping",Gather personnel records from other departments or employees.,GrayLion,2025-04-06,4.0,1.0,2.0,2.0,2.0,2.0
20184,Personal Financial Advisors,"Manage client portfolios, keeping client plans up-to-date.",GreenElephant,2025-04-06,2.0,3.0,4.0,4.0,4.0,5.0
1321,Network and Computer Systems Administrators,"Perform routine network startup and shutdown procedures, and maintain control records.",GreenElephant,2025-04-06,4.0,2.0,2.0,2.0,2.0,2.0
11363,"Production, Planning, and Expediting Clerks","Review documents, such as production schedules, work orders, or staffing tables, to determine personnel or materials requirements or material priorities.",GrayLion,2025-04-06,4.0,1.0,3.0,3.0,2.0,2.0
2672,Order Clerks,"Verify customer and order information for correctness, checking it against previously obtained information as necessary.",GrayLion,2025-04-06,4.0,1.0,3.0,3.0,1.0,2.0
11367,"Production, Planning, and Expediting Clerks","Record production data, including volume produced, consumption of raw materials, or quality control measures.",GrayLion,2025-04-06,5.0,1.0,1.0,1.0,1.0,1.0
2698,"Human Resources Assistants, Except Payroll and Timekeeping",Inform job applicants of their acceptance or rejection of employment.,550_b,2025-04-29,3.0,1.0,1.0,1.0,3.0,1.0
18572,"Human Resources Assistants, Except Payroll and Timekeeping","Process, verify, and maintain personnel related documentation, including staffing, recruitment, training, grievances, performance evaluations, classifications, and employee leaves of absence.",550_b,2025-04-29,5.0,1.0,1.0,1.0,1.0,1.0
22425,Librarians and Media Collections Specialists,"Develop, maintain, and troubleshoot information access aids, such as databases, annotated bibliographies, Web pages, electronic pathfinders, software programs, and online tutorials.",300,2025-04-29,4.0,3.0,2.0,2.0,1.0,3.0
9243,"Title Examiners, Abstractors, and Searchers",Retrieve and examine real estate closing files for accuracy and to ensure that information included is recorded and executed according to regulations.,300,2025-04-29,3.0,1.0,4.0,5.0,4.0,4.0
19051,Judicial Law Clerks,"Research laws, court decisions, documents, opinions, briefs, or other information related to cases before the court.",300,2025-04-29,4.0,1.0,3.0,5.0,2.0,2.0
16987,Remote Sensing Technicians,"Prepare documentation or presentations, including charts, photos, or graphs.",300,2025-04-29,4.0,1.0,4.0,4.0,2.0,2.0
17692,Freight Forwarders,Monitor or record locations of goods in transit.,550_b,2025-04-29,5.0,1.0,1.0,2.0,1.0,1.0
16972,Quality Control Analysts,"Monitor testing procedures to ensure that all tests are performed according to established item specifications, standard test methods, or protocols.",300,2025-04-29,2.0,4.0,5.0,5.0,4.0,5.0
17694,Freight Forwarders,Obtain or arrange cargo insurance.,550_b,2025-04-29,4.0,1.0,2.0,4.0,1.0,2.0
19057,Judicial Law Clerks,"Enter information into computerized court calendar, filing, or case management systems.",300,2025-04-29,4.0,1.0,4.0,2.0,2.0,2.0
17691,Freight Forwarders,"Maintain current knowledge of relevant legislation, political situations, or other factors that could affect freight shipping.",550_b,2025-04-29,3.0,1.0,3.0,4.0,1.0,3.0
2689,"Human Resources Assistants, Except Payroll and Timekeeping","Record data for each employee, including such information as addresses, weekly earnings, absences, amount of sales or production, supervisory reports on performance, and dates of and reasons for terminations.",550_b,2025-04-29,5.0,1.0,2.0,2.0,1.0,1.0
2731,"Dispatchers, Except Police, Fire, and Ambulance","Record and maintain files or records of customer requests, work or services performed, charges, expenses, inventory, or other dispatch information.",550_b,2025-04-29,5.0,1.0,1.0,2.0,2.0,1.0
17699,Freight Forwarders,"Verify adherence of documentation to customs, insurance, or regulatory requirements.",550_b,2025-04-29,3.0,1.0,2.0,4.0,1.0,2.0
17696,Freight Forwarders,Prepare invoices or cost quotations for freight transportation.,550_b,2025-04-29,3.0,1.0,3.0,4.0,1.0,3.0
2708,Public Safety Telecommunicators,"Enter, update, and retrieve information from teletype networks and computerized data systems regarding such things as wanted persons, stolen property, vehicle registration, and stolen vehicles.",550_b,2025-04-29,5.0,1.0,1.0,2.0,1.0,1.0
2727,"Dispatchers, Except Police, Fire, and Ambulance",Prepare daily work and run schedules.,550_b,2025-04-29,4.0,1.0,1.0,2.0,1.0,1.0
17700,Freight Forwarders,"Arrange for applicable duties, taxes, or paperwork for customs clearance.",550_b,2025-04-29,4.0,1.0,2.0,4.0,1.0,3.0
9756,Reservation and Transportation Ticket Agents and Travel Clerks,Maintain computerized inventories of available passenger space and provide information on space reserved or available.,550_b,2025-04-29,5.0,1.0,2.0,2.0,1.0,1.0
14722,Web Developers,"Provide clear, detailed descriptions of Web site specifications, such as product features, activities, software, communication protocols, programming languages, and operating systems software and hardware.",GreenElephant,2025-04-06,3.0,2.0,3.0,3.0,2.0,4.0
2691,"Human Resources Assistants, Except Payroll and Timekeeping","Answer questions regarding examinations, eligibility, salaries, benefits, and other pertinent information.",GrayLion,2025-04-06,4.0,1.0,2.0,3.0,3.0,2.0
2708,Public Safety Telecommunicators,"Enter, update, and retrieve information from teletype networks and computerized data systems regarding such things as wanted persons, stolen property, vehicle registration, and stolen vehicles.",GrayLion,2025-04-06,4.0,2.0,3.0,2.0,1.0,2.0
3407,Loan Officers,"Approve loans within specified limits, and refer loan applications outside those limits to management for approval.",GreenElephant,2025-04-06,4.0,2.0,4.0,3.0,3.0,3.0
2670,Order Clerks,"Inform customers by mail or telephone of order information, such as unit prices, shipping dates, and any anticipated delays.",GrayLion,2025-04-06,5.0,1.0,1.0,1.0,2.0,1.0
7366,Tax Preparers,"Check data input or verify totals on forms prepared by others to detect errors in arithmetic, data entry, or procedures.",GreenElephant,2025-04-06,4.0,2.0,2.0,2.0,2.0,2.0
2669,Order Clerks,"Prepare invoices, shipping documents, and contracts.",GrayLion,2025-04-06,4.0,2.0,2.0,2.0,2.0,2.0
2717,Public Safety Telecommunicators,Read and effectively interpret small-scale maps and information from a computer screen to determine locations and provide directions.,GrayLion,2025-04-06,5.0,1.0,2.0,2.0,2.0,1.0
16059,Telecommunications Engineering Specialists,Estimate costs for system or component implementation and operation.,GreenElephant,2025-04-06,3.0,2.0,3.0,3.0,2.0,4.0
2681,Order Clerks,Adjust inventory records to reflect product movement.,GrayLion,2025-04-06,5.0,1.0,1.0,1.0,1.0,1.0
1269,Computer Programmers,"Compile and write documentation of program development and subsequent revisions, inserting comments in the coded instructions so others can understand the program.",GreenElephant,2025-04-06,4.0,2.0,3.0,3.0,2.0,2.0
2698,"Human Resources Assistants, Except Payroll and Timekeeping",Inform job applicants of their acceptance or rejection of employment.,GrayLion,2025-04-06,5.0,1.0,2.0,2.0,3.0,2.0
9768,Reservation and Transportation Ticket Agents and Travel Clerks,"Contact motel, hotel, resort, and travel operators to obtain current advertising literature.",GrayLion,2025-04-06,4.0,2.0,2.0,2.0,3.0,1.0
3474,Computer Systems Analysts,"Analyze information processing or computation needs and plan and design computer systems, using techniques such as structured analysis, data modeling, and information engineering.",GreenElephant,2025-04-06,3.0,2.0,3.0,3.0,2.0,4.0
1314,Database Administrators,"Review workflow charts developed by programmer analyst to understand tasks computer will perform, such as updating records.",GreenElephant,2025-04-06,4.0,2.0,3.0,3.0,3.0,3.0
17695,Freight Forwarders,Pay or arrange for payment of freight or insurance fees or other charges.,GrayLion,2025-04-06,4.0,2.0,2.0,3.0,2.0,3.0
1251,Credit Analysts,Prepare reports that include the degree of risk involved in extending credit or lending money.,GreenElephant,2025-04-06,4.0,2.0,4.0,4.0,3.0,3.0
18572,"Human Resources Assistants, Except Payroll and Timekeeping","Process, verify, and maintain personnel related documentation, including staffing, recruitment, training, grievances, performance evaluations, classifications, and employee leaves of absence.",GrayLion,2025-04-06,3.0,4.0,4.0,4.0,4.0,4.0
805,Word Processors and Typists,Transmit work electronically to other locations.,GoldPenguin,2025-04-06,4.0,2.0,2.0,3.0,2.0,2.0
17696,Freight Forwarders,Prepare invoices or cost quotations for freight transportation.,GrayLion,2025-04-06,4.0,2.0,3.0,2.0,1.0,2.0
16171,Information Technology Project Managers,Develop and manage work breakdown structure (WBS) of information technology projects.,GreenElephant,2025-04-06,2.0,3.0,4.0,4.0,4.0,5.0
4728,New Accounts Clerks,"Collect and record customer deposits and fees and issue receipts, using computers.",GrayLion,2025-04-06,4.0,1.0,3.0,2.0,2.0,2.0
4726,New Accounts Clerks,"Inform customers of procedures for applying for services, such as ATM cards, direct deposit of checks, and certificates of deposit.",GrayLion,2025-04-06,5.0,1.0,2.0,2.0,2.0,2.0
14734,Web Administrators,"Monitor systems for intrusions or denial of service attacks, and report security breaches to appropriate personnel.",GreenElephant,2025-04-06,3.0,2.0,3.0,3.0,3.0,4.0
2713,Public Safety Telecommunicators,Observe alarm registers and scan maps to determine whether a specific emergency is in the dispatch service area.,GrayLion,2025-04-06,4.0,1.0,3.0,2.0,2.0,3.0
14648,Software Quality Assurance Analysts and Testers,Document test procedures to ensure replicability and compliance with standards.,GreenElephant,2025-04-06,3.0,2.0,3.0,3.0,2.0,4.0
2727,"Dispatchers, Except Police, Fire, and Ambulance",Prepare daily work and run schedules.,GrayLion,2025-04-06,3.0,1.0,3.0,4.0,3.0,4.0
16159,Information Technology Project Managers,"Initiate, review, or approve modifications to project plans.",GreenElephant,2025-04-06,3.0,3.0,4.0,4.0,3.0,4.0
17699,Freight Forwarders,"Verify adherence of documentation to customs, insurance, or regulatory requirements.",GrayLion,2025-04-06,2.0,3.0,3.0,3.0,3.0,3.0
7373,Mathematicians,"Address the relationships of quantities, magnitudes, and forms through the use of numbers and symbols.",GreenElephant,2025-04-06,4.0,2.0,3.0,3.0,1.0,2.0
11378,"Production, Planning, and Expediting Clerks","Provide documentation and information to account for delays, difficulties, or changes to cost estimates.",GrayLion,2025-04-06,3.0,2.0,3.0,3.0,3.0,3.0
3411,Loan Officers,"Obtain and compile copies of loan applicants' credit histories, corporate financial statements, and other financial information.",GreenElephant,2025-04-06,4.0,2.0,3.0,2.0,2.0,2.0
1287,Computer User Support Specialists,"Maintain records of daily data communication transactions, problems and remedial actions taken, or installation activities.",GreenElephant,2025-04-06,4.0,2.0,2.0,2.0,2.0,2.0
1285,Computer User Support Specialists,Oversee the daily performance of computer systems.,GreenElephant,2025-04-06,3.0,2.0,3.0,3.0,2.0,4.0
14624,Computer and Information Research Scientists,Assign or schedule tasks to meet work priorities and goals.,GreenElephant,2025-04-06,3.0,2.0,3.0,3.0,2.0,4.0
2714,Public Safety Telecommunicators,"Maintain files of information relating to emergency calls, such as personnel rosters and emergency call-out and pager files.",GrayLion,2025-04-06,3.0,2.0,3.0,3.0,2.0,3.0
20286,"Secretaries and Administrative Assistants, Except Legal, Medical, and Executive","Collect and deposit money into accounts, disburse funds from cash accounts to pay bills or invoices, keep records of collections and disbursements, and ensure accounts are balanced.",GoldPenguin,2025-04-06,2.0,1.0,2.0,3.0,2.0,2.0
793,Word Processors and Typists,"Type correspondence, reports, text and other written material from rough drafts, corrected copies, voice recordings, dictation, or previous versions, using a computer, word processor, or typewriter.",GoldPenguin,2025-04-06,4.0,2.0,1.0,1.0,1.0,1.0
787,Medical Secretaries and Administrative Assistants,"Perform bookkeeping duties, such as credits or collections, preparing and sending financial statements or bills, and keeping financial records.",GoldPenguin,2025-04-06,2.0,3.0,3.0,4.0,2.0,2.0
2797,"Secretaries and Administrative Assistants, Except Legal, Medical, and Executive","Review work done by others to check for correct spelling and grammar, ensure that company format policies are followed, and recommend revisions.",GoldPenguin,2025-04-06,5.0,1.0,1.0,1.0,1.0,1.0
768,Legal Secretaries and Administrative Assistants,"Organize and maintain law libraries, documents, and case files.",GoldPenguin,2025-04-06,3.0,1.0,3.0,4.0,1.0,3.0
773,Legal Secretaries and Administrative Assistants,Submit articles and information from searches to attorneys for review and approval for use.,GoldPenguin,2025-04-07,3.0,2.0,1.0,3.0,3.0,3.0
788,Medical Secretaries and Administrative Assistants,Complete insurance or other claim forms.,GoldPenguin,2025-04-07,3.0,1.0,3.0,4.0,2.0,2.0
20282,"Secretaries and Administrative Assistants, Except Legal, Medical, and Executive","Set up and manage paper or electronic filing systems, recording information, updating paperwork, or maintaining documents, such as attendance records, correspondence, or other material.",GoldPenguin,2025-04-07,5.0,2.0,1.0,2.0,2.0,1.0
20281,"Secretaries and Administrative Assistants, Except Legal, Medical, and Executive","Create, maintain, and enter information into databases.",GoldPenguin,2025-04-07,3.0,2.0,2.0,3.0,2.0,3.0
11406,Data Entry Keyers,Maintain logs of activities and completed work.,GoldPenguin,2025-04-07,3.0,2.0,1.0,2.0,3.0,3.0
803,Word Processors and Typists,"Address envelopes or prepare envelope labels, using typewriter or computer.",GoldPenguin,2025-04-07,5.0,1.0,1.0,2.0,1.0,1.0
782,Medical Secretaries and Administrative Assistants,"Operate office equipment, such as voice mail messaging systems, and use word processing, spreadsheet, or other software applications to prepare reports, invoices, financial statements, letters, case histories, or medical records.",GoldPenguin,2025-04-07,2.0,3.0,4.0,3.0,4.0,4.0
771,Legal Secretaries and Administrative Assistants,Draft and type office memos.,GoldPenguin,2025-04-07,2.0,2.0,2.0,3.0,4.0,4.0
776,Medical Secretaries and Administrative Assistants,"Compile and record medical charts, reports, or correspondence, using typewriter or personal computer.",GoldPenguin,2025-04-07,4.0,2.0,1.0,3.0,2.0,2.0
2793,"Secretaries and Administrative Assistants, Except Legal, Medical, and Executive",Locate and attach appropriate files to incoming correspondence requiring replies.,GoldPenguin,2025-04-07,3.0,2.0,1.0,1.0,2.0,2.0
11402,Data Entry Keyers,"Compile, sort, and verify the accuracy of data before it is entered.",GoldPenguin,2025-04-07,4.0,2.0,1.0,3.0,1.0,2.0
18780,Legal Secretaries and Administrative Assistants,Prepare and distribute invoices to bill clients or pay account expenses.,GoldPenguin,2025-04-07,3.0,3.0,3.0,3.0,2.0,4.0
11403,Data Entry Keyers,"Compare data with source documents, or re-enter data in verification format to detect errors.",GoldPenguin,2025-04-07,2.0,2.0,3.0,3.0,2.0,4.0
794,Word Processors and Typists,"File and store completed documents on computer hard drive or disk, or maintain a computer filing system to store, retrieve, update, and delete documents.",GoldPenguin,2025-04-07,3.0,3.0,3.0,2.0,2.0,3.0
2801,"Secretaries and Administrative Assistants, Except Legal, Medical, and Executive","Schedule and confirm appointments for clients, customers, or supervisors.",GoldPenguin,2025-04-07,5.0,1.0,2.0,1.0,2.0,1.0
20280,"Secretaries and Administrative Assistants, Except Legal, Medical, and Executive","Use computers for various applications, such as database management or word processing.",GoldPenguin,2025-04-07,2.0,2.0,2.0,4.0,3.0,4.0
2805,"Secretaries and Administrative Assistants, Except Legal, Medical, and Executive","Conduct searches to find needed information, using such sources as the Internet.",GoldPenguin,2025-04-07,4.0,2.0,2.0,2.0,3.0,2.0
2795,"Secretaries and Administrative Assistants, Except Legal, Medical, and Executive",Complete forms in accordance with company procedures.,GoldPenguin,2025-04-07,2.0,2.0,3.0,2.0,3.0,2.0
11405,Data Entry Keyers,"Locate and correct data entry errors, or report them to supervisors.",GoldPenguin,2025-04-07,2.0,2.0,4.0,4.0,2.0,3.0
20284,"Secretaries and Administrative Assistants, Except Legal, Medical, and Executive","Compose, type, and distribute meeting notes, routine correspondence, or reports, such as presentations or expense, statistical, or monthly reports.",GoldPenguin,2025-04-07,2.0,3.0,4.0,3.0,4.0,3.0
11404,Data Entry Keyers,Store completed documents in appropriate locations.,GoldPenguin,2025-04-07,2.0,3.0,3.0,2.0,3.0,3.0
766,Legal Secretaries and Administrative Assistants,Schedule and make appointments.,GoldPenguin,2025-04-07,5.0,2.0,2.0,1.0,2.0,1.0
21079,Legal Secretaries and Administrative Assistants,Make travel arrangements for attorneys.,GoldPenguin,2025-04-07,4.0,2.0,2.0,1.0,2.0,2.0
786,Medical Secretaries and Administrative Assistants,Transcribe recorded messages or practitioners' diagnoses or recommendations into patients' medical records.,GoldPenguin,2025-04-07,3.0,1.0,2.0,3.0,1.0,2.0
2806,"Secretaries and Administrative Assistants, Except Legal, Medical, and Executive","Provide services to customers, such as order placement or account information.",GoldPenguin,2025-04-07,3.0,2.0,1.0,3.0,1.0,2.0
784,Medical Secretaries and Administrative Assistants,"Perform various clerical or administrative functions, such as ordering and maintaining an inventory of supplies.",GoldPenguin,2025-04-07,2.0,1.0,2.0,4.0,2.0,3.0
774,Legal Secretaries and Administrative Assistants,"Complete various forms, such as accident reports, trial and courtroom requests, and applications for clients.",GoldPenguin,2025-04-07,3.0,2.0,3.0,4.0,2.0,3.0
789,Medical Secretaries and Administrative Assistants,"Prepare correspondence or assist physicians or medical scientists with preparation of reports, speeches, articles, or conference proceedings.",GoldPenguin,2025-04-07,2.0,2.0,3.0,3.0,4.0,3.0
11401,Data Entry Keyers,"Read source documents such as canceled checks, sales reports, or bills, and enter data in specific data fields or onto tapes or disks for subsequent entry, using keyboards or scanners.",GoldPenguin,2025-04-07,3.0,2.0,4.0,3.0,1.0,3.0
790,Word Processors and Typists,"Check completed work for spelling, grammar, punctuation, and format.",GoldPenguin,2025-04-07,5.0,1.0,1.0,1.0,1.0,1.0
20285,"Secretaries and Administrative Assistants, Except Legal, Medical, and Executive","Perform payroll functions, such as maintaining timekeeping information and processing and submitting payroll.",GoldPenguin,2025-04-07,4.0,2.0,1.0,2.0,2.0,1.0
775,Medical Secretaries and Administrative Assistants,"Schedule and confirm patient diagnostic appointments, surgeries, or medical consultations.",GoldPenguin,2025-04-07,4.0,2.0,3.0,1.0,4.0,2.0
2800,"Secretaries and Administrative Assistants, Except Legal, Medical, and Executive",Maintain scheduling and event calendars.,GoldPenguin,2025-04-07,3.0,2.0,3.0,1.0,4.0,2.0
783,Medical Secretaries and Administrative Assistants,"Transmit correspondence or medical records by mail, e-mail, or fax.",GoldPenguin,2025-04-07,4.0,2.0,3.0,2.0,2.0,2.0
20288,"Secretaries and Administrative Assistants, Except Legal, Medical, and Executive",Develop or maintain internal or external company Web sites.,GoldPenguin,2025-04-07,3.0,2.0,3.0,1.0,3.0,2.0
2794,"Secretaries and Administrative Assistants, Except Legal, Medical, and Executive","Open, read, route, and distribute incoming mail or other materials and answer routine letters.",GoldPenguin,2025-04-07,4.0,2.0,2.0,2.0,3.0,2.0
781,Medical Secretaries and Administrative Assistants,"Maintain medical records, technical library, or correspondence files.",GoldPenguin,2025-04-07,3.0,2.0,3.0,2.0,2.0,3.0
778,Medical Secretaries and Administrative Assistants,"Receive and route messages or documents, such as laboratory results, to appropriate staff.",GoldPenguin,2025-04-07,4.0,1.0,2.0,2.0,3.0,2.0
2813,"Secretaries and Administrative Assistants, Except Legal, Medical, and Executive","Operate electronic mail systems and coordinate the flow of information, internally or with other organizations.",GoldPenguin,2025-04-07,3.0,1.0,2.0,3.0,3.0,3.0
21078,Legal Secretaries and Administrative Assistants,"Prepare, proofread, or process legal documents, such as summonses, subpoenas, complaints, appeals, motions, or pretrial agreements.",GoldPenguin,2025-04-07,4.0,2.0,4.0,3.0,2.0,1.0
20438,Medical Secretaries and Administrative Assistants,"Schedule tests or procedures for patients, such as lab work or x-rays, based on physician orders.",GoldPenguin,2025-04-07,4.0,2.0,1.0,2.0,3.0,2.0
15876,Logistics Engineers,"Analyze or interpret logistics data involving customer service, forecasting, procurement, manufacturing, inventory, transportation, or warehousing.",BlueLion,2025-04-07,4.0,2.0,3.0,3.0,1.0,2.0
1025,Purchasing Managers,Review purchase order claims and contracts for conformance to company policy.,BlueLion,2025-04-07,4.0,2.0,3.0,2.0,2.0,2.0
15925,Customs Brokers,"Provide advice on transportation options, types of carriers, or shipping routes.",BlueLion,2025-04-07,3.0,2.0,2.0,3.0,1.0,3.0
969,Computer and Information Systems Managers,"Assign and review the work of systems analysts, programmers, and other computer-related workers.",BlueLion,2025-04-07,2.0,1.0,2.0,4.0,4.0,4.0
15459,Biofuels Production Managers,"Conduct cost, material, and efficiency studies for biofuels production plants or operations.",BlueLion,2025-04-07,2.0,3.0,4.0,4.0,1.0,4.0
15709,Online Merchants,Deliver e-mail confirmation of completed transactions and shipment.,BlueLion,2025-04-07,5.0,1.0,2.0,1.0,3.0,1.0
21094,Regulatory Affairs Specialists,"Identify relevant guidance documents, international standards, or consensus standards.",BlueLion,2025-04-07,3.0,1.0,2.0,4.0,3.0,3.0
18865,Human Resources Specialists,"Perform searches for qualified job candidates, using sources such as computer databases, networking, Internet recruiting resources, media advertisements, job fairs, recruiting firms, or employee referrals.",BlueLion,2025-04-07,3.0,2.0,4.0,4.0,4.0,3.0
16190,Search Marketing Strategists,Optimize Web site exposure by analyzing search engine patterns to direct online placement of keywords or other content.,BlueLion,2025-04-07,4.0,1.0,2.0,2.0,1.0,2.0
20942,Supply Chain Managers,"Determine appropriate equipment and staffing levels to load, unload, move, or store materials.",BlueLion,2025-04-07,1.0,5.0,3.0,4.0,1.0,5.0
15941,Customs Brokers,Classify goods according to tariff coding system.,BlueLion,2025-04-07,5.0,2.0,4.0,2.0,2.0,1.0
18048,Regulatory Affairs Specialists,"Coordinate, prepare, or review regulatory submissions for domestic or international projects.",BlueLion,2025-04-07,3.0,2.0,2.0,3.0,2.0,3.0
15890,Logistics Analysts,Track product flow from origin to final delivery.,BlueLion,2025-04-07,2.0,3.0,2.0,4.0,4.0,4.0
1033,Purchasing Managers,Prepare bid awards requiring board approval.,BlueLion,2025-04-07,3.0,1.0,4.0,4.0,3.0,3.0
101,Training and Development Specialists,"Evaluate training materials prepared by instructors, such as outlines, text, or handouts.",BlueLion,2025-04-07,4.0,1.0,2.0,3.0,2.0,2.0
18911,Fundraisers,"Develop or implement fundraising activities, such as annual giving campaigns or direct mail programs.",BlueLion,2025-04-07,2.0,2.0,2.0,4.0,4.0,4.0
15679,Investment Fund Managers,Select specific investments or investment mixes for purchase by an investment fund.,BlueLion,2025-04-07,4.0,1.0,5.0,4.0,1.0,2.0
15979,Sustainability Specialists,"Assess or propose sustainability initiatives, considering factors such as cost effectiveness, technical feasibility, and acceptance.",BlueLion,2025-04-07,3.0,2.0,2.0,4.0,2.0,3.0
16193,Search Marketing Strategists,"Collaborate with Web, multimedia, or art design staffs to create multimedia Web sites or other internet content that conforms to brand and company visual format.",BlueLion,2025-04-07,4.0,1.0,2.0,4.0,2.0,2.0
15697,Supply Chain Managers,Analyze information about supplier performance or procurement program success.,BlueLion,2025-04-07,3.0,2.0,4.0,4.0,2.0,3.0
80,Cost Estimators,"Analyze blueprints and other documentation to prepare time, cost, materials, and labor estimates.",BlueLion,2025-04-07,3.0,1.0,3.0,4.0,2.0,3.0
106,Training and Development Specialists,Devise programs to develop executive potential among employees in lower-level positions.,BlueLion,2025-04-07,2.0,2.0,4.0,4.0,5.0,4.0
993,Human Resources Managers,"Maintain records and compile statistical reports concerning personnel-related data such as hires, transfers, performance appraisals, and absenteeism rates.",BlueLion,2025-04-07,5.0,1.0,3.0,3.0,2.0,1.0
18857,Human Resources Specialists,Contact job applicants to inform them of the status of their applications.,BlueLion,2025-04-07,5.0,1.0,2.0,2.0,2.0,1.0
20013,Logistics Analysts,Compare locations or environmental policies of carriers or suppliers to make transportation decisions with lower environmental impact.,BlueLion,2025-04-07,3.0,2.0,3.0,4.0,2.0,3.0
15702,Online Merchants,"Participate in online forums or conferences to stay abreast of online retailing trends, techniques, or security threats.",BlueLion,2025-04-07,1.0,4.0,1.0,4.0,5.0,5.0
3233,Advertising and Promotions Managers,Monitor and analyze sales promotion results to determine cost effectiveness of promotion campaigns.,BlueLion,2025-04-07,5.0,1.0,2.0,3.0,1.0,1.0
1143,"Purchasing Agents, Except Wholesale, Retail, and Farm Products","Prepare purchase orders, solicit bid proposals, and review requisitions for goods and services.",BlueLion,2025-04-07,3.0,1.0,2.0,3.0,2.0,3.0
15980,Sustainability Specialists,"Monitor or track sustainability indicators, such as energy usage, natural resource usage, waste generation, and recycling.",BlueLion,2025-04-07,4.0,3.0,3.0,2.0,1.0,2.0
15868,Logistics Engineers,Prepare or validate documentation on automated logistics or maintenance-data reporting or management information systems.,BlueLion,2025-04-07,4.0,1.0,2.0,4.0,1.0,2.0
15465,Biomass Power Plant Managers,"Monitor and operate communications systems, such as mobile radios.",BlueLion,2025-04-07,1.0,5.0,3.0,4.0,1.0,5.0
21426,"Claims Adjusters, Examiners, and Investigators",Pay and process claims within designated authority level.,BlueLion,2025-04-07,2.0,4.0,4.0,4.0,4.0,4.0
15422,Quality Control Systems Managers,Identify critical points in the manufacturing process and specify sampling procedures to be used at these points.,BlueLion,2025-04-07,3.0,3.0,4.0,4.0,2.0,3.0
21550,Appraisers and Assessors of Real Estate,"Prepare written reports that estimate property values, outline methods by which the estimations were made, and meet appraisal standards.",BlueLion,2025-04-07,2.0,4.0,4.0,4.0,2.0,4.0
1273,Computer Programmers,"Write, analyze, review, and rewrite programs, using workflow chart and diagram, and applying knowledge of computer capabilities, subject matter, and symbolic logic.",GreenElephant,2025-04-07,3.0,2.0,3.0,3.0,2.0,4.0
95,Training and Development Specialists,"Schedule classes based on availability of classrooms, equipment, or instructors.",BlueLion,2025-04-07,4.0,2.0,2.0,2.0,3.0,2.0
14723,Web Developers,Monitor security system performance logs to identify problems and notify security specialists when problems occur.,GreenElephant,2025-04-07,3.0,2.0,3.0,3.0,2.0,4.0
14733,Web Administrators,"Review or update Web page content or links in a timely manner, using appropriate tools.",GreenElephant,2025-04-07,3.0,2.0,3.0,3.0,2.0,4.0
15696,Supply Chain Managers,"Analyze inventories to determine how to increase inventory turns, reduce waste, or optimize customer service.",BlueLion,2025-04-07,3.0,2.0,3.0,3.0,2.0,3.0
18940,Credit Counselors,"Maintain or update records of client account activity, including financial transactions, counseling session notes, correspondence, document images, or client inquiries.",GreenElephant,2025-04-07,3.0,2.0,3.0,3.0,2.0,4.0
5310,"Tax Examiners and Collectors, and Revenue Agents","Investigate claims of inability to pay taxes by researching court information for the status of liens, mortgages, or financial statements, or by locating assets through third parties.",GreenElephant,2025-04-07,3.0,2.0,3.0,3.0,2.0,4.0
3415,Loan Officers,Stay abreast of new types of loans and other financial services and products to better meet customers' needs.,GreenElephant,2025-04-07,4.0,2.0,3.0,3.0,2.0,3.0
1288,Computer User Support Specialists,"Read technical manuals, confer with users, or conduct computer diagnostics to investigate and resolve problems or to provide technical assistance and support.",GreenElephant,2025-04-07,3.0,3.0,4.0,4.0,3.0,4.0
18991,Computer Network Support Specialists,Configure security settings or access permissions for groups or individuals.,GreenElephant,2025-04-07,4.0,2.0,2.0,2.0,2.0,2.0
8956,Statisticians,Analyze and interpret statistical data to identify significant differences in relationships among sources of information.,GreenElephant,2025-04-07,4.0,2.0,3.0,3.0,2.0,3.0
18938,Credit Counselors,"Explain services or policies to clients, such as debt management program rules, advantages and disadvantages of using services, or creditor concession policies.",GreenElephant,2025-04-07,3.0,2.0,3.0,4.0,3.0,4.0
21723,Geographic Information Systems Technologists and Technicians,Design or coordinate the development of integrated Geographic Information Systems (GIS) spatial or non-spatial databases.,GreenElephant,2025-04-07,3.0,2.0,3.0,3.0,2.0,4.0
16070,Telecommunications Engineering Specialists,Manage user access to systems and equipment through account management and password administration.,GreenElephant,2025-04-07,4.0,2.0,2.0,2.0,2.0,2.0
14742,Web Administrators,"Collaborate with Web developers to create and operate internal and external Web sites, or to manage projects, such as e-marketing campaigns.",GreenElephant,2025-04-07,3.0,2.0,3.0,3.0,3.0,4.0
21573,Appraisers and Assessors of Real Estate,Draw land diagrams to be used in appraisal reports to support findings.,GreenElephant,2025-04-07,4.0,2.0,2.0,2.0,2.0,2.0
18977,Computer Network Architects,"Maintain networks by performing activities such as file addition, deletion, or backup.",GreenElephant,2025-04-07,4.0,2.0,2.0,2.0,2.0,2.0
14707,Web Developers,Write supporting code for Web applications or Web sites.,GreenElephant,2025-04-07,4.0,2.0,3.0,3.0,2.0,3.0
19003,Computer Network Support Specialists,Analyze and report computer network security breaches or attempted breaches.,GreenElephant,2025-04-07,3.0,2.0,3.0,3.0,2.0,4.0
18946,Credit Counselors,Refer clients to social service or community resources for needs beyond those of credit or debt counseling.,GreenElephant,2025-04-07,3.0,2.0,3.0,3.0,4.0,4.0
1277,Computer Programmers,Perform systems analysis and programming tasks to maintain and control the use of computer systems software as a systems programmer.,GreenElephant,2025-04-07,3.0,2.0,3.0,3.0,2.0,4.0
18949,Credit Counselors,Conduct research to help clients avoid repossessions or foreclosures or remove levies or wage garnishments.,GreenElephant,2025-04-07,2.0,2.0,4.0,4.0,4.0,5.0
14698,Web Developers,Back up files from Web sites to local directories for instant recovery in case of problems.,GreenElephant,2025-04-07,4.0,2.0,2.0,2.0,2.0,2.0
14740,Web Administrators,"Implement updates, upgrades, and patches in a timely manner to limit loss of service.",GreenElephant,2025-04-07,4.0,2.0,3.0,3.0,2.0,3.0
18936,Credit Counselors,"Create debt management plans, spending plans, or budgets to assist clients to meet financial goals.",GreenElephant,2025-04-07,3.0,2.0,4.0,4.0,4.0,4.0
3416,Loan Officers,Submit applications to credit analysts for verification and recommendation.,GreenElephant,2025-04-07,4.0,2.0,3.0,3.0,3.0,3.0
14683,Computer Systems Engineers/Architects,Design and conduct hardware or software tests.,GreenElephant,2025-04-07,3.0,2.0,3.0,3.0,2.0,4.0
18941,Credit Counselors,"Negotiate with creditors on behalf of clients to arrange for payment adjustments, interest rate reductions, time extensions, or payment plans.",GreenElephant,2025-04-07,2.0,2.0,4.0,4.0,4.0,5.0
16119,Data Warehousing Specialists,Prepare functional or technical documentation for data warehouses.,GreenElephant,2025-04-07,4.0,2.0,3.0,3.0,2.0,3.0
7368,Mathematicians,Develop computational methods for solving problems that occur in areas of science and engineering or that come from applications in business or industry.,GreenElephant,2025-04-07,2.0,2.0,5.0,5.0,4.0,5.0
20363,Tax Preparers,Answer questions and provide future tax planning to clients.,GreenElephant,2025-04-07,3.0,2.0,3.0,3.0,2.0,4.0
21737,Geographic Information Systems Technologists and Technicians,"Create visual representations of geospatial data, using complex procedures such as analytical modeling, three-dimensional renderings, or plot creation.",GreenElephant,2025-04-07,3.0,2.0,3.0,3.0,2.0,4.0
18989,Computer Network Support Specialists,"Analyze network data to determine network usage, disk space availability, or server function.",GreenElephant,2025-04-07,4.0,2.0,2.0,2.0,2.0,2.0
14644,Software Quality Assurance Analysts and Testers,Create or maintain databases of known test defects.,GreenElephant,2025-04-07,3.0,2.0,3.0,3.0,2.0,4.0
18947,Credit Counselors,"Review changes to financial, family, or employment situations to determine whether changes to existing debt management plans, spending plans, or budgets are needed.",GreenElephant,2025-04-07,3.0,2.0,4.0,4.0,4.0,4.0
16217,Video Game Designers,"Create core game features, including storylines, role-play mechanics, and character biographies for a new video game or game franchise.",GreenElephant,2025-04-07,2.0,2.0,4.0,4.0,3.0,5.0
14636,Computer and Information Research Scientists,"Approve, prepare, monitor, and adjust operational budgets.",GreenElephant,2025-04-07,3.0,2.0,3.0,3.0,3.0,4.0
18950,Credit Counselors,Create action plans to assist clients in obtaining permanent housing via rent or mortgage programs.,GreenElephant,2025-04-07,3.0,2.0,3.0,3.0,3.0,4.0
55,Medical and Health Services Managers,"Maintain awareness of advances in medicine, computerized diagnostic and treatment equipment, data processing technology, government regulations, health insurance changes, and financing options.",RedTiger,2025-04-07,2.0,3.0,4.0,4.0,3.0,4.0
18859,Human Resources Specialists,Hire employees and process hiring-related paperwork.,RedTiger,2025-04-07,2.0,3.0,4.0,4.0,4.0,4.0
21549,Appraisers and Assessors of Real Estate,"Compute final estimation of property values, taking into account such factors as depreciation, replacement costs, value comparisons of similar properties, and income potential.",RedTiger,2025-04-07,2.0,4.0,4.0,4.0,4.0,4.0
15471,Biomass Power Plant Managers,Review biomass operations performance specifications to ensure compliance with regulatory requirements.,BlueLion,2025-04-07,3.0,2.0,3.0,4.0,2.0,3.0
20318,Search Marketing Strategists,Assist in setting up or optimizing analytics tools for tracking visitors' behaviors.,RedTiger,2025-04-07,4.0,1.0,3.0,3.0,1.0,2.0
21457,Compliance Officers,Prepare correspondence to inform concerned parties of licensing decisions or appeals processes.,BlueLion,2025-04-07,5.0,1.0,2.0,2.0,2.0,1.0
15456,Biofuels Production Managers,"Review logs, datasheets, or reports to ensure adequate production levels or to identify abnormalities with biofuels production equipment or processes.",BlueLion,2025-04-07,4.0,2.0,3.0,4.0,2.0,2.0
18860,Human Resources Specialists,"Inform job applicants of details such as duties and responsibilities, compensation, benefits, schedules, working conditions, or promotion opportunities.",RedTiger,2025-04-07,2.0,4.0,4.0,3.0,4.0,4.0
15975,Sustainability Specialists,Create or maintain plans or other documents related to sustainability projects.,BlueLion,2025-04-07,4.0,1.0,3.0,4.0,3.0,2.0
16188,Search Marketing Strategists,"Communicate and collaborate with merchants, Webmasters, bloggers, or online editors to strategically place hyperlinks.",BlueLion,2025-04-07,3.0,1.0,2.0,3.0,5.0,3.0
19996,Logistics Engineers,"Develop logistic metrics, internal analysis tools, or key performance indicators for business units.",BlueLion,2025-04-07,4.0,2.0,2.0,4.0,1.0,2.0
21555,Appraisers and Assessors of Real Estate,Identify the ownership of each piece of taxable property.,BlueLion,2025-04-07,3.0,3.0,2.0,4.0,4.0,3.0
102,Training and Development Specialists,Develop alternative training methods if expected improvements are not seen.,BlueLion,2025-04-07,3.0,2.0,1.0,4.0,3.0,3.0
15834,Wind Energy Development Managers,Manage wind project costs to stay within budget limits.,BlueLion,2025-04-07,2.0,3.0,2.0,3.0,3.0,4.0
20325,Search Marketing Strategists,Execute or manage social media campaigns to inform search marketing tactics.,BlueLion,2025-04-07,2.0,1.0,1.0,4.0,2.0,4.0
1157,"Purchasing Agents, Except Wholesale, Retail, and Farm Products","Write and review product specifications, maintaining a working technical knowledge of the goods or services to be purchased.",BlueLion,2025-04-07,3.0,2.0,3.0,2.0,2.0,3.0
21440,"Claims Adjusters, Examiners, and Investigators",Communicate with reinsurance brokers to obtain information necessary for processing claims.,BlueLion,2025-04-07,2.0,1.0,1.0,3.0,5.0,4.0
15735,Online Merchants,"Calculate revenue, sales, and expenses, using financial accounting or spreadsheet software.",BlueLion,2025-04-07,5.0,1.0,2.0,2.0,1.0,1.0
20326,Search Marketing Strategists,Identify appropriate Key Performance Indicators (KPIs) and report key metrics from digital campaigns.,BlueLion,2025-04-07,4.0,1.0,1.0,4.0,2.0,2.0
21317,Financial Managers,"Examine, evaluate, or process loan applications.",BlueLion,2025-04-07,2.0,2.0,4.0,4.0,4.0,4.0
1153,"Purchasing Agents, Except Wholesale, Retail, and Farm Products",Study sales records and inventory levels of current stock to develop strategic purchasing programs that facilitate employee access to supplies.,BlueLion,2025-04-07,4.0,1.0,2.0,4.0,1.0,2.0
20475,Training and Development Specialists,"Obtain, organize, or develop training procedure manuals, guides, or course materials, such as handouts or visual materials.",BlueLion,2025-04-07,3.0,1.0,1.0,2.0,2.0,3.0
18866,Human Resources Specialists,"Prepare or maintain employment records related to events, such as hiring, termination, leaves, transfers, or promotions, using human resources management system software.",BlueLion,2025-04-07,4.0,1.0,2.0,2.0,2.0,2.0
3243,Advertising and Promotions Managers,Contact organizations to explain services and facilities offered.,BlueLion,2025-04-07,2.0,1.0,1.0,4.0,5.0,4.0
4096,Radiation Therapists,Calculate actual treatment dosages delivered during each session.,BrownFox,2025-04-07,3.0,3.0,3.0,5.0,3.0,3.0
21419,"Claims Adjusters, Examiners, and Investigators","Review police reports, medical treatment records, medical bills, or physical property damage to determine the extent of liability.",BlueLion,2025-04-07,2.0,2.0,5.0,4.0,2.0,4.0
15978,Sustainability Specialists,Collect information about waste stream management or green building practices to inform decision makers.,BlueLion,2025-04-07,3.0,2.0,3.0,3.0,2.0,3.0
980,Computer and Information Systems Managers,Prepare and review operational reports or project progress reports.,BlueLion,2025-04-07,4.0,1.0,2.0,3.0,2.0,2.0
15968,Sustainability Specialists,Review and revise sustainability proposals or policies.,BlueLion,2025-04-07,3.0,1.0,2.0,4.0,1.0,3.0
15423,Quality Control Systems Managers,"Document testing procedures, methodologies, or criteria.",BlueLion,2025-04-07,3.0,2.0,1.0,5.0,1.0,3.0
18931,Fundraisers,Write and send letters of thanks to donors.,BlueLion,2025-04-07,4.0,1.0,1.0,3.0,2.0,2.0
21566,Appraisers and Assessors of Real Estate,Check building codes and zoning bylaws to determine any effects on the properties being appraised.,BlueLion,2025-04-07,4.0,2.0,3.0,3.0,1.0,2.0
21448,Compliance Officers,"Advise licensees or other individuals or groups concerning licensing, permit, or passport regulations.",BlueLion,2025-04-07,3.0,1.0,2.0,4.0,3.0,3.0
20319,Search Marketing Strategists,Combine secondary data sources with keyword research to more accurately profile and satisfy user intent.,BlueLion,2025-04-07,4.0,1.0,1.0,3.0,1.0,2.0
51,Medical and Health Services Managers,"Conduct and administer fiscal operations, including accounting, planning budgets, authorizing expenditures, establishing rates for services, and coordinating financial reporting.",BlueLion,2025-04-07,3.0,1.0,2.0,3.0,2.0,3.0
15461,Biofuels Production Managers,"Adjust temperature, pressure, vacuum, level, flow rate, or transfer of biofuels to maintain processes at required levels.",BlueLion,2025-04-07,2.0,4.0,3.0,5.0,1.0,4.0
15680,Supply Chain Managers,Select transportation routes to maximize economy by combining shipments or consolidating warehousing and distribution.,BlueLion,2025-04-07,4.0,2.0,3.0,3.0,1.0,2.0
15664,Investment Fund Managers,"Develop, implement, or monitor security valuation policies.",BlueLion,2025-04-07,4.0,1.0,4.0,4.0,1.0,2.0
15897,Logistics Analysts,"Monitor inventory transactions at warehouse facilities to assess receiving, storage, shipping, or inventory integrity.",BlueLion,2025-04-07,1.0,5.0,2.0,3.0,3.0,5.0
15899,Logistics Analysts,Maintain logistics records in accordance with corporate policies.,BlueLion,2025-04-07,4.0,2.0,2.0,3.0,2.0,2.0
18932,Fundraisers,Write reports or prepare presentations to communicate fundraising program data.,BlueLion,2025-04-07,4.0,1.0,1.0,2.0,3.0,2.0
21520,Accountants and Auditors,Report to management regarding the finances of establishment.,BlueLion,2025-04-07,4.0,1.0,3.0,3.0,2.0,2.0
18853,Human Resources Specialists,Analyze employment-related data and prepare required reports.,RedTiger,2025-04-07,4.0,2.0,4.0,4.0,2.0,2.0
15584,Clinical Research Coordinators,Register protocol patients with appropriate statistical centers as required.,BlueLion,2025-04-07,4.0,2.0,3.0,3.0,1.0,2.0
15460,Biofuels Production Managers,"Approve proposals for the acquisition, replacement, or repair of biofuels processing equipment or the implementation of new production processes.",BlueLion,2025-04-07,3.0,2.0,3.0,2.0,1.0,3.0
16192,Search Marketing Strategists,"Collect and analyze Web metrics, such as visits, time on site, page views per visit, transaction volume and revenue, traffic mix, click-through rates, conversion rates, cost per acquisition, or cost per click.",BlueLion,2025-04-07,5.0,1.0,2.0,2.0,1.0,1.0
15896,Logistics Analysts,Manage systems to ensure that pricing structures adequately reflect logistics costing.,RedTiger,2025-04-07,3.0,3.0,3.0,4.0,3.0,3.0
84,Cost Estimators,"Prepare estimates used by management for purposes such as planning, organizing, and scheduling work.",BlueLion,2025-04-07,4.0,2.0,2.0,3.0,2.0,2.0
15932,Customs Brokers,"Request or compile necessary import documentation, such as customs invoices, certificates of origin, and cargo-control documents.",BlueLion,2025-04-07,5.0,2.0,2.0,2.0,1.0,1.0
15893,Logistics Analysts,Recommend improvements to existing or planned logistics processes.,BlueLion,2025-04-07,3.0,2.0,2.0,3.0,2.0,3.0
98,Training and Development Specialists,"Monitor, evaluate, or record training activities or program effectiveness.",RedTiger,2025-04-07,2.0,4.0,3.0,3.0,4.0,4.0
21418,"Claims Adjusters, Examiners, and Investigators",Analyze information gathered by investigation and report findings and recommendations.,BlueLion,2025-04-07,4.0,2.0,2.0,3.0,1.0,2.0
21319,Financial Managers,Oversee the flow of cash or financial instruments.,BlueLion,2025-04-07,3.0,1.0,4.0,4.0,1.0,3.0
15889,Logistics Analysts,"Communicate with or monitor service providers, such as ocean carriers, air freight forwarders, global consolidators, customs brokers, or trucking companies.",RedTiger,2025-04-07,2.0,4.0,3.0,3.0,4.0,4.0
8873,Treasurers and Controllers,"Compute, withhold, and account for all payroll deductions.",BlueLion,2025-04-07,5.0,1.0,3.0,3.0,1.0,1.0
16182,Search Marketing Strategists,Participate in the development or implementation of online marketing strategy.,BlueLion,2025-04-07,2.0,1.0,2.0,4.0,4.0,4.0
21417,"Claims Adjusters, Examiners, and Investigators",Examine claims forms and other records to determine insurance coverage.,RedTiger,2025-04-07,3.0,3.0,4.0,4.0,3.0,3.0
15728,Online Merchants,"Correspond with online customers via electronic mail, telephone, or other electronic messaging to address questions or complaints about products, policies, or shipping methods.",BlueLion,2025-04-07,4.0,1.0,3.0,1.0,2.0,2.0
15883,Logistics Analysts,Enter logistics-related data into databases.,RedTiger,2025-04-07,3.0,3.0,4.0,4.0,3.0,3.0
8865,Treasurers and Controllers,"Coordinate and direct the financial planning, budgeting, procurement, or investment activities of all or part of an organization.",BlueLion,2025-04-07,3.0,1.0,4.0,4.0,2.0,3.0
15470,Biomass Power Plant Managers,"Review logs, datasheets, or reports to ensure adequate production levels and safe production environments or to identify abnormalities with power production equipment or processes.",BlueLion,2025-04-07,4.0,2.0,4.0,4.0,1.0,2.0
15458,Biofuels Production Managers,"Monitor meters, flow gauges, or other real-time data to ensure proper operation of biofuels production equipment, implementing corrective measures as needed.",BlueLion,2025-04-07,2.0,5.0,4.0,4.0,1.0,4.0
15466,Biomass Power Plant Managers,Compile and record operational data on forms or in log books.,BlueLion,2025-04-07,5.0,1.0,2.0,3.0,1.0,1.0
15861,Logistics Engineers,Propose logistics solutions for customers.,BlueLion,2025-04-07,2.0,2.0,2.0,3.0,4.0,4.0
49,Medical and Health Services Managers,"Develop and maintain computerized record management systems to store and process data, such as personnel activities and information, and to produce reports.",BlueLion,2025-04-07,5.0,1.0,2.0,2.0,1.0,1.0
2504,"Bookkeeping, Accounting, and Auditing Clerks",Prepare trial balances of books.,500_b,2025-04-28,1.0,1.0,1.0,1.0,1.0,1.0
15973,Sustainability Specialists,Provide technical or administrative support for sustainability programs or issues.,BlueLion,2025-04-07,3.0,1.0,2.0,3.0,2.0,3.0
978,Computer and Information Systems Managers,Review project plans to plan and coordinate project activity.,BlueLion,2025-04-07,2.0,1.0,2.0,4.0,4.0,4.0
15719,Online Merchants,Measure and analyze Web site usage data to maximize search engine returns or refine customer interfaces.,BlueLion,2025-04-07,4.0,1.0,1.0,2.0,1.0,2.0
15477,Biomass Power Plant Managers,Evaluate power production or demand trends to identify opportunities for improved operations.,BlueLion,2025-04-07,3.0,3.0,2.0,3.0,2.0,3.0
87,Cost Estimators,Prepare cost and expenditure statements and other necessary documentation at regular intervals for the duration of the project.,BlueLion,2025-04-07,4.0,1.0,2.0,2.0,1.0,2.0
15872,Logistics Engineers,"Develop or maintain cost estimates, forecasts, or cost models.",BlueLion,2025-04-07,5.0,1.0,2.0,2.0,1.0,1.0
18051,Regulatory Affairs Specialists,"Review product promotional materials, labeling, batch records, specification sheets, or test methods for compliance with applicable regulations and policies.",RedTiger,2025-04-07,2.0,3.0,5.0,4.0,2.0,4.0
20330,Search Marketing Strategists,Optimize shopping cart experience or Web site conversion rates against Key Performance Indicators (KPIs).,RedTiger,2025-04-07,4.0,1.0,3.0,3.0,2.0,2.0
15590,Clinical Research Coordinators,Contact industry representatives to ensure equipment and software specifications necessary for successful study completion.,BlueLion,2025-04-07,2.0,1.0,3.0,4.0,4.0,4.0
15886,Logistics Analysts,Develop or maintain freight rate databases for use by supply chain departments to determine the most economical modes of transportation.,BlueLion,2025-04-07,5.0,1.0,3.0,3.0,1.0,1.0
15830,Wind Energy Development Managers,"Provide verbal or written project status reports to project teams, management, subcontractors, customers, or owners.",BlueLion,2025-04-07,4.0,2.0,2.0,4.0,3.0,2.0
16191,Search Marketing Strategists,"Conduct online marketing initiatives, such as paid ad placement, affiliate programs, sponsorship programs, email promotions, or viral marketing campaigns on social media Web sites.",BlueLion,2025-04-07,2.0,1.0,2.0,4.0,3.0,4.0
15594,Clinical Research Coordinators,Record adverse event and side effect data and confer with investigators regarding the reporting of events to oversight agencies.,BlueLion,2025-04-07,2.0,3.0,3.0,4.0,1.0,4.0
21449,Compliance Officers,"Prepare reports of activities, evaluations, recommendations, or decisions.",BlueLion,2025-04-07,4.0,2.0,2.0,2.0,3.0,2.0
15428,Quality Control Systems Managers,Analyze quality control test results and provide feedback and interpretation to production management or staff.,BlueLion,2025-04-07,3.0,3.0,2.0,2.0,2.0,3.0
20011,Logistics Analysts,"Route or reroute drivers in real time with remote route navigation software, satellite linkup systems, or global positioning systems (GPS) to improve operational efficiencies.",BlueLion,2025-04-07,5.0,2.0,2.0,3.0,1.0,1.0
16179,Search Marketing Strategists,Propose online or multiple-sales-channel campaigns to marketing executives.,BlueLion,2025-04-07,3.0,1.0,2.0,4.0,3.0,3.0
21329,Financial Managers,Review reports of securities transactions or price lists to analyze market conditions.,BlueLion,2025-04-07,5.0,1.0,4.0,4.0,1.0,1.0
1020,Purchasing Managers,Maintain records of goods ordered and received.,BlueLion,2025-04-07,4.0,4.0,3.0,2.0,1.0,2.0
21552,Appraisers and Assessors of Real Estate,Collect and analyze relevant data to identify real estate market trends.,BlueLion,2025-04-07,5.0,1.0,3.0,3.0,1.0,1.0
18022,Regulatory Affairs Managers,"Direct the preparation and submission of regulatory agency applications, reports, or correspondence.",BlueLion,2025-04-07,3.0,3.0,2.0,2.0,2.0,3.0
1152,"Purchasing Agents, Except Wholesale, Retail, and Farm Products","Review catalogs, industry periodicals, directories, trade journals, and Internet sites and consult with other department personnel to locate necessary goods and services.",BlueLion,2025-04-07,4.0,2.0,1.0,3.0,1.0,2.0
18908,Fundraisers,"Design or produce materials such as posters, Web sites, or newsletters to promote, market, or advertise fundraising events.",BlueLion,2025-04-07,4.0,1.0,1.0,4.0,2.0,2.0
15867,Logistics Engineers,"Review contractual commitments, customer specifications, or related information to determine logistics or support requirements.",BlueLion,2025-04-07,3.0,1.0,2.0,3.0,2.0,3.0
21430,"Claims Adjusters, Examiners, and Investigators",Refer questionable claims to investigator or claims adjuster for investigation or settlement.,BlueLion,2025-04-07,1.0,3.0,4.0,5.0,2.0,5.0
21511,Accountants and Auditors,"Examine and evaluate financial and information systems, recommending controls to ensure system reliability and data integrity.",BlueLion,2025-04-07,4.0,1.0,4.0,3.0,2.0,2.0
18037,Regulatory Affairs Managers,"Review all regulatory agency submission materials to ensure timeliness, accuracy, comprehensiveness, or compliance with regulatory standards.",BlueLion,2025-04-07,3.0,1.0,2.0,4.0,2.0,3.0
61,Medical and Health Services Managers,Review and analyze facility activities and data to aid planning and cash and risk management and to improve service utilization.,BlueLion,2025-04-07,2.0,1.0,4.0,4.0,2.0,4.0
15669,Investment Fund Managers,Monitor financial or operational performance of individual investments to ensure portfolios meet risk goals.,BlueLion,2025-04-07,5.0,1.0,5.0,3.0,1.0,1.0
15714,Online Merchants,Cancel orders based on customer requests or inventory or delivery problems.,BlueLion,2025-04-07,5.0,1.0,2.0,1.0,1.0,1.0
18030,Regulatory Affairs Managers,"Maintain current knowledge of relevant regulations, including proposed and final rules.",BlueLion,2025-04-07,4.0,1.0,2.0,4.0,2.0,2.0
18055,Regulatory Affairs Specialists,Determine the types of regulatory submissions or internal documentation that are required in situations such as proposed device changes or labeling changes.,BlueLion,2025-04-07,4.0,1.0,3.0,4.0,1.0,2.0
15593,Clinical Research Coordinators,"Review proposed study protocols to evaluate factors such as sample collection processes, data management plans, or potential subject risks.",BlueLion,2025-04-07,3.0,3.0,1.0,3.0,2.0,3.0
15894,Logistics Analysts,"Provide ongoing analyses in areas such as transportation costs, parts procurement, back orders, or delivery processes.",BlueLion,2025-04-07,3.0,4.0,3.0,3.0,2.0,3.0
15614,Clinical Research Coordinators,"Maintain required records of study activity including case report forms, drug dispensation records, or regulatory forms.",BlueLion,2025-04-07,5.0,1.0,2.0,2.0,2.0,1.0
18912,Fundraisers,Develop strategies to encourage new or increased contributions.,BlueLion,2025-04-07,2.0,2.0,2.0,4.0,4.0,4.0
23314,Insurance Claims and Policy Processing Clerks,Calculate amount of claim.,650_a,2025-04-29,3.0,1.0,3.0,3.0,2.0,2.0
20328,Search Marketing Strategists,Manage tracking and reporting of search-related activities and provide analyses to marketing executives.,BlueLion,2025-04-07,4.0,1.0,3.0,2.0,2.0,2.0
15457,Biofuels Production Managers,Prepare and manage biofuels plant or unit budgets.,BlueLion,2025-04-07,3.0,2.0,4.0,4.0,1.0,3.0
15668,Investment Fund Managers,"Present investment information, such as product risks, fees, or fund performance statistics.",BlueLion,2025-04-07,5.0,1.0,4.0,3.0,1.0,1.0
21450,Compliance Officers,Report law or regulation violations to appropriate boards or agencies.,BlueLion,2025-04-07,2.0,4.0,3.0,4.0,2.0,4.0
18061,Regulatory Affairs Specialists,Prepare or direct the preparation of additional information or responses as requested by regulatory agencies.,BlueLion,2025-04-07,5.0,1.0,2.0,2.0,1.0,1.0
15700,Supply Chain Managers,"Develop procedures for coordination of supply chain management with other functional areas, such as sales, marketing, finance, production, or quality assurance.",BlueLion,2025-04-07,3.0,2.0,2.0,4.0,2.0,3.0
15707,Online Merchants,Determine and set product prices.,BlueLion,2025-04-07,4.0,1.0,4.0,3.0,1.0,2.0
15781,Loss Prevention Managers,Review loss prevention exception reports and cash discrepancies to ensure adherence to guidelines.,BlueLion,2025-04-07,4.0,2.0,2.0,3.0,2.0,2.0
971,Computer and Information Systems Managers,"Develop computer information resources, providing for data security and control, strategic computing, and disaster recovery.",BlueLion,2025-04-07,4.0,1.0,2.0,3.0,2.0,2.0
15928,Customs Brokers,"Obtain line releases for frequent shippers of low-risk commodities, high-volume entries, or multiple-container loads.",BlueLion,2025-04-07,3.0,1.0,4.0,3.0,2.0,3.0
21565,Appraisers and Assessors of Real Estate,"Search public records for transactions such as sales, leases, and assessments.",BlueLion,2025-04-07,5.0,1.0,2.0,2.0,1.0,1.0
18058,Regulatory Affairs Specialists,"Maintain current knowledge base of existing and emerging regulations, standards, or guidance documents.",BlueLion,2025-04-07,5.0,1.0,3.0,4.0,1.0,1.0
21321,Financial Managers,Develop or analyze information to assess the current or future financial status of firms.,BlueLion,2025-04-07,4.0,1.0,5.0,4.0,2.0,2.0
15600,Clinical Research Coordinators,Maintain contact with sponsors to schedule and coordinate site visits or to answer questions about issues such as incomplete data.,BlueLion,2025-04-07,4.0,2.0,1.0,2.0,3.0,2.0
3223,Advertising and Promotions Managers,Prepare budgets and submit estimates for program costs as part of campaign plan development.,BlueLion,2025-04-07,4.0,1.0,1.0,2.0,2.0,2.0
15887,Logistics Analysts,Contact potential vendors to determine material availability.,BlueLion,2025-04-07,1.0,2.0,3.0,2.0,5.0,5.0
21320,Financial Managers,"Prepare financial or regulatory reports required by laws, regulations, or boards of directors.",BlueLion,2025-04-07,4.0,2.0,2.0,4.0,2.0,2.0
20009,Logistics Analysts,"Remotely monitor the flow of vehicles or inventory, using Web-based logistics information systems to track vehicles or containers.",BlueLion,2025-04-07,5.0,1.0,2.0,1.0,1.0,1.0
18050,Regulatory Affairs Specialists,"Provide technical review of data or reports to be incorporated into regulatory submissions to assure scientific rigor, accuracy, and clarity of presentation.",BlueLion,2025-04-07,4.0,1.0,1.0,4.0,1.0,2.0
15882,Logistics Analysts,"Monitor industry standards, trends, or practices to identify developments in logistics planning or execution.",BlueLion,2025-04-07,3.0,1.0,4.0,4.0,2.0,3.0
15942,Customs Brokers,Calculate duty and tariff payments owed on shipments.,BlueLion,2025-04-07,5.0,1.0,2.0,3.0,1.0,1.0
15936,Customs Brokers,"Pay, or arrange for payment of, taxes and duties on shipments.",BlueLion,2025-04-07,5.0,2.0,3.0,3.0,2.0,1.0
20943,Supply Chain Managers,"Manage activities related to strategic or tactical purchasing, material requirements planning, controlling inventory, warehousing, or receiving.",BlueLion,2025-04-07,3.0,3.0,3.0,4.0,2.0,3.0
93,Training and Development Specialists,"Keep up with developments in area of expertise by reading current journals, books, or magazine articles.",BlueLion,2025-04-07,4.0,1.0,1.0,4.0,1.0,2.0
15711,Online Merchants,Create or maintain database of customer accounts.,BlueLion,2025-04-07,5.0,1.0,1.0,1.0,1.0,1.0
15730,Online Merchants,"Calculate purchase subtotals, taxes, and shipping costs for submission to customers.",BlueLion,2025-04-07,5.0,1.0,1.0,3.0,1.0,1.0
21429,"Claims Adjusters, Examiners, and Investigators","Enter claim payments, reserves and new claims on computer system, inputting concise yet sufficient file documentation.",BlueLion,2025-04-07,5.0,1.0,1.0,3.0,1.0,1.0
15670,Investment Fund Managers,Monitor regulatory or tax law changes to ensure fund compliance or to capitalize on development opportunities.,BlueLion,2025-04-07,4.0,1.0,3.0,4.0,1.0,2.0
15904,Logistics Analysts,"Apply analytic methods or tools to understand, predict, or control logistics operations or processes.",BlueLion,2025-04-07,3.0,1.0,4.0,2.0,1.0,3.0
15875,Logistics Engineers,"Conduct logistics studies or analyses, such as time studies, zero-base analyses, rate analyses, network analyses, flow-path analyses, or supply chain analyses.",BlueLion,2025-04-07,5.0,1.0,4.0,3.0,1.0,1.0
15609,Clinical Research Coordinators,"Code, evaluate, or interpret collected study data.",BlueLion,2025-04-07,4.0,1.0,1.0,4.0,2.0,2.0
15924,Customs Brokers,"Sign documents on behalf of clients, using powers of attorney.",BlueLion,2025-04-07,5.0,1.0,1.0,3.0,3.0,1.0
15796,Loss Prevention Managers,Maintain documentation of all loss prevention activity.,BlueLion,2025-04-07,4.0,2.0,3.0,3.0,2.0,2.0
15944,Customs Brokers,"Advise customers on import and export restrictions, tariff systems, insurance requirements, quotas, or other customs-related matters.",BlueLion,2025-04-07,3.0,2.0,3.0,2.0,2.0,3.0
19559,Training and Development Specialists,"Evaluate modes of training delivery, such as in-person or virtual, to optimize training effectiveness, training costs, or environmental impacts.",BlueLion,2025-04-07,4.0,1.0,2.0,4.0,2.0,2.0
20946,Supply Chain Managers,Monitor forecasts and quotas to identify changes and predict effects on supply chain activities.,BlueLion,2025-04-07,4.0,3.0,3.0,2.0,1.0,2.0
21519,Accountants and Auditors,"Analyze business operations, trends, costs, revenues, financial commitments, and obligations to project future revenues and expenses or to provide advice.",BlueLion,2025-04-07,4.0,1.0,2.0,4.0,1.0,2.0
15793,Loss Prevention Managers,"Recommend improvements in loss prevention programs, staffing, scheduling, or training.",BlueLion,2025-04-07,2.0,2.0,1.0,4.0,4.0,4.0
11304,Loan Interviewers and Clerks,Accept payment on accounts.,550_b,2025-04-29,5.0,1.0,3.0,2.0,1.0,1.0
52,Medical and Health Services Managers,"Establish work schedules and assignments for staff, according to workload, space, and equipment availability.",BlueLion,2025-04-07,4.0,2.0,2.0,3.0,3.0,2.0
18053,Regulatory Affairs Specialists,Compile and maintain regulatory documentation databases or systems.,BlueLion,2025-04-07,5.0,1.0,3.0,3.0,1.0,1.0
21557,Appraisers and Assessors of Real Estate,Complete and maintain assessment rolls that show the assessed values and status of all property in a municipality.,BlueLion,2025-04-07,4.0,2.0,1.0,2.0,2.0,2.0
21558,Appraisers and Assessors of Real Estate,"Review information about transfers of property to ensure its accuracy, checking basic information on buyers, sellers, and sales prices and making corrections as necessary.",BlueLion,2025-04-07,3.0,3.0,1.0,4.0,2.0,3.0
21428,"Claims Adjusters, Examiners, and Investigators",Verify and analyze data used in settling claims to ensure that claims are valid and that settlements are made according to company practices and procedures.,BlueLion,2025-04-07,3.0,2.0,4.0,4.0,1.0,3.0
15870,Logistics Engineers,Identify or develop business rules or standard operating procedures to streamline operating processes.,BlueLion,2025-04-07,3.0,2.0,3.0,3.0,2.0,3.0
15895,Logistics Analysts,Prepare reports on logistics performance measures.,BlueLion,2025-04-07,4.0,1.0,1.0,1.0,2.0,2.0
966,Computer and Information Systems Managers,"Manage backup, security and user help systems.",BlueLion,2025-04-07,4.0,1.0,3.0,4.0,2.0,2.0
11388,"Weighers, Measurers, Checkers, and Samplers, Recordkeeping",Operate scalehouse computers to obtain weight information about incoming shipments such as those from waste haulers.,GrayLion,2025-04-07,3.0,3.0,2.0,2.0,2.0,3.0
9766,Reservation and Transportation Ticket Agents and Travel Clerks,"Provide customers with travel suggestions and information sources, such as guides, directories, brochures, or maps.",GrayLion,2025-04-07,4.0,1.0,2.0,2.0,4.0,2.0
11369,"Production, Planning, and Expediting Clerks","Calculate figures, such as required amounts of labor or materials, manufacturing costs, or wages, using pricing schedules, adding machines, calculators, or computers.",GrayLion,2025-04-07,4.0,1.0,3.0,2.0,1.0,2.0
2712,Public Safety Telecommunicators,"Maintain access to, and security of, highly sensitive materials.",GrayLion,2025-04-07,3.0,1.0,3.0,3.0,3.0,3.0
2692,"Human Resources Assistants, Except Payroll and Timekeeping",Examine employee files to answer inquiries and provide information for personnel actions.,GrayLion,2025-04-07,3.0,1.0,3.0,3.0,3.0,3.0
2702,"Human Resources Assistants, Except Payroll and Timekeeping",Provide assistance in administering employee benefit programs and worker's compensation plans.,GrayLion,2025-04-07,4.0,2.0,2.0,2.0,3.0,3.0
2690,"Human Resources Assistants, Except Payroll and Timekeeping",Process and review employment applications to evaluate qualifications or eligibility of applicants.,GrayLion,2025-04-07,3.0,1.0,3.0,3.0,3.0,4.0
2678,Order Clerks,Compute total charges for merchandise or services and shipping charges.,GrayLion,2025-04-07,4.0,1.0,2.0,2.0,1.0,2.0
17680,Freight Forwarders,"Select shipment routes, based on nature of goods shipped, transit times, or security needs.",GrayLion,2025-04-07,3.0,2.0,3.0,3.0,1.0,2.0
4729,New Accounts Clerks,"Investigate and correct errors upon customers' request, according to customer and bank records.",GrayLion,2025-04-07,2.0,2.0,4.0,4.0,4.0,4.0
9751,Reservation and Transportation Ticket Agents and Travel Clerks,Prepare customer invoices and accept payment.,GrayLion,2025-04-07,3.0,2.0,4.0,2.0,3.0,3.0
17681,Freight Forwarders,Determine efficient and cost-effective methods of moving goods from one location to another.,GrayLion,2025-04-07,2.0,1.0,3.0,3.0,1.0,4.0
2729,"Dispatchers, Except Police, Fire, and Ambulance",Oversee all communications within specifically assigned territories.,GrayLion,2025-04-07,1.0,1.0,4.0,5.0,4.0,5.0
16994,Remote Sensing Technicians,Correct raw data for errors due to factors such as skew or atmospheric variation.,WhiteHorse,2025-04-07,3.0,2.0,4.0,5.0,3.0,3.0
2675,Order Clerks,Review orders for completeness according to reporting procedures and forward incomplete orders for further processing.,GrayLion,2025-04-07,3.0,1.0,3.0,3.0,2.0,3.0
11373,"Production, Planning, and Expediting Clerks",Contact suppliers to verify shipment details.,GrayLion,2025-04-07,2.0,2.0,3.0,3.0,4.0,3.0
11368,"Production, Planning, and Expediting Clerks",Requisition and maintain inventories of materials or supplies necessary to meet production demands.,GrayLion,2025-04-07,1.0,2.0,4.0,4.0,1.0,4.0
9762,Reservation and Transportation Ticket Agents and Travel Clerks,"Trace lost, delayed, or misdirected baggage for customers.",GrayLion,2025-04-07,2.0,3.0,3.0,4.0,4.0,3.0
9755,Reservation and Transportation Ticket Agents and Travel Clerks,"Inform clients of essential travel information, such as travel times, transportation connections, or medical and visa requirements.",GrayLion,2025-04-07,3.0,1.0,3.0,3.0,3.0,3.0
2684,Order Clerks,"Notify departments when supplies of specific items are low, or when orders would deplete available supplies.",GrayLion,2025-04-07,3.0,1.0,3.0,3.0,2.0,3.0
2697,"Human Resources Assistants, Except Payroll and Timekeeping",Compile and prepare reports and documents pertaining to personnel activities.,GrayLion,2025-04-07,3.0,1.0,3.0,3.0,2.0,4.0
2710,Public Safety Telecommunicators,"Relay information and messages to and from emergency sites, to law enforcement agencies, and to all other individuals or groups requiring notification.",GrayLion,2025-04-07,2.0,2.0,4.0,4.0,4.0,4.0
11380,"Weighers, Measurers, Checkers, and Samplers, Recordkeeping","Document quantity, quality, type, weight, test result data, and value of materials or products to maintain shipping, receiving, and production records and files.",GrayLion,2025-04-07,1.0,4.0,4.0,4.0,2.0,5.0
4732,New Accounts Clerks,Duplicate records for distribution to branch offices.,GrayLion,2025-04-07,3.0,2.0,2.0,2.0,1.0,3.0
17691,Freight Forwarders,"Maintain current knowledge of relevant legislation, political situations, or other factors that could affect freight shipping.",GrayLion,2025-04-07,3.0,1.0,2.0,3.0,3.0,3.0
2668,Order Clerks,"Obtain customers' names, addresses, and billing information, product numbers, and specifications of items to be purchased, and enter this information on order forms.",GrayLion,2025-04-07,4.0,2.0,2.0,2.0,2.0,2.0
2677,Order Clerks,"File copies of orders received, or post orders on records.",GrayLion,2025-04-07,2.0,3.0,2.0,2.0,1.0,5.0
9752,Reservation and Transportation Ticket Agents and Travel Clerks,"Answer inquiries regarding information, such as schedules, accommodations, procedures, or policies.",GrayLion,2025-04-07,4.0,1.0,2.0,2.0,3.0,3.0
2720,Public Safety Telecommunicators,"Monitor alarm systems to detect emergencies, such as fires and illegal entry into establishments.",GrayLion,2025-04-07,2.0,3.0,3.0,3.0,2.0,5.0
15430,Quality Control Systems Managers,Monitor performance of quality control systems to ensure effectiveness and efficiency.,BlueLion,2025-04-07,4.0,2.0,3.0,3.0,1.0,2.0
2694,"Human Resources Assistants, Except Payroll and Timekeeping","Search employee files to obtain information for authorized persons and organizations, such as credit bureaus and finance companies.",GrayLion,2025-04-07,4.0,1.0,3.0,3.0,2.0,4.0
2682,Order Clerks,"Collect payment for merchandise, record transactions, and send items, such as checks or money orders for further processing.",GrayLion,2025-04-07,2.0,3.0,2.0,2.0,2.0,3.0
11370,"Production, Planning, and Expediting Clerks",Distribute production schedules or work orders to departments.,GrayLion,2025-04-07,2.0,1.0,3.0,4.0,1.0,4.0
2701,"Human Resources Assistants, Except Payroll and Timekeeping",Arrange for advertising or posting of job vacancies and notify eligible workers of position availability.,GrayLion,2025-04-07,4.0,1.0,1.0,2.0,2.0,3.0
4731,New Accounts Clerks,Execute wire transfers of funds.,GrayLion,2025-04-07,3.0,2.0,4.0,3.0,1.0,5.0
2715,Public Safety Telecommunicators,"Monitor various radio frequencies, such as those used by public works departments, school security, and civil defense, to stay apprised of developing situations.",GrayLion,2025-04-07,3.0,1.0,4.0,4.0,1.0,4.0
2671,Order Clerks,Receive and respond to customer complaints.,GrayLion,2025-04-07,3.0,1.0,3.0,4.0,4.0,4.0
2728,"Dispatchers, Except Police, Fire, and Ambulance",Receive or prepare work orders.,GrayLion,2025-04-07,3.0,1.0,4.0,4.0,4.0,4.0
17687,Freight Forwarders,"Prepare shipping documentation, such as bills of lading, packing lists, dock receipts, or certificates of origin.",GrayLion,2025-04-07,1.0,4.0,2.0,3.0,1.0,5.0
17690,Freight Forwarders,Keep records of goods dispatched or received.,GrayLion,2025-04-07,2.0,3.0,3.0,3.0,2.0,5.0
17703,Freight Forwarders,Provide detailed port information to importers or exporters.,GrayLion,2025-04-07,3.0,2.0,2.0,3.0,4.0,3.0
11376,"Production, Planning, and Expediting Clerks","Establish and prepare product construction directions and locations and information on required tools, materials, equipment, numbers of workers needed, and cost projections.",GrayLion,2025-04-07,2.0,1.0,4.0,4.0,4.0,5.0
20141,New Accounts Clerks,Process loan applications.,GrayLion,2025-04-07,3.0,3.0,4.0,4.0,4.0,5.0
11375,"Production, Planning, and Expediting Clerks","Plan production commitments or timetables for business units, specific programs, or jobs, using sales forecasts.",GrayLion,2025-04-07,3.0,1.0,3.0,3.0,1.0,2.0
11374,"Production, Planning, and Expediting Clerks","Maintain files, such as maintenance records, bills of lading, or cost reports.",GrayLion,2025-04-07,3.0,3.0,2.0,2.0,2.0,3.0
2674,Order Clerks,Check inventory records to determine availability of requested merchandise.,GrayLion,2025-04-07,4.0,1.0,2.0,3.0,1.0,3.0
17689,Freight Forwarders,"Inform clients of factors such as shipping options, timelines, transfers, or regulations affecting shipments.",GrayLion,2025-04-07,3.0,1.0,2.0,2.0,3.0,3.0
2735,"Dispatchers, Except Police, Fire, and Ambulance",Order supplies or equipment and issue them to personnel.,GrayLion,2025-04-07,4.0,2.0,2.0,2.0,2.0,3.0
2706,Public Safety Telecommunicators,"Record details of calls, dispatches, and messages.",GrayLion,2025-04-07,4.0,1.0,3.0,3.0,2.0,3.0
4727,New Accounts Clerks,Obtain credit records from reporting agencies.,GrayLion,2025-04-07,4.0,2.0,2.0,3.0,2.0,2.0
2723,"Dispatchers, Except Police, Fire, and Ambulance","Schedule or dispatch workers, work crews, equipment, or service vehicles to appropriate locations, according to customer requests, specifications, or needs, using radios or telephones.",GrayLion,2025-04-07,3.0,1.0,4.0,3.0,1.0,4.0
2704,"Human Resources Assistants, Except Payroll and Timekeeping","Administer and score applicant and employee aptitude, personality, and interest assessment instruments.",GrayLion,2025-04-07,3.0,1.0,3.0,3.0,2.0,4.0
2732,"Dispatchers, Except Police, Fire, and Ambulance","Determine types or amounts of equipment, vehicles, materials, or personnel required, according to work orders or specifications.",GrayLion,2025-04-07,3.0,1.0,3.0,3.0,1.0,4.0
4735,New Accounts Clerks,Schedule repairs for locks on safe-deposit boxes.,GrayLion,2025-04-07,4.0,1.0,2.0,2.0,1.0,3.0
2686,Order Clerks,"Calculate and compile order-related statistics, and prepare reports for management.",GrayLion,2025-04-07,4.0,1.0,2.0,2.0,2.0,3.0
2705,Public Safety Telecommunicators,"Determine response requirements and relative priorities of situations, and dispatch units in accordance with established procedures.",GrayLion,2025-04-07,3.0,1.0,4.0,3.0,1.0,4.0
9756,Reservation and Transportation Ticket Agents and Travel Clerks,Maintain computerized inventories of available passenger space and provide information on space reserved or available.,GrayLion,2025-04-07,4.0,2.0,2.0,3.0,1.0,3.0
17704,Freight Forwarders,"Provide shipment status notification to exporters, consignees, or insurers.",GrayLion,2025-04-07,4.0,2.0,3.0,3.0,3.0,3.0
9758,Reservation and Transportation Ticket Agents and Travel Clerks,Examine passenger documentation to determine destinations and to assign boarding passes.,GrayLion,2025-04-07,3.0,3.0,4.0,4.0,4.0,5.0
2730,"Dispatchers, Except Police, Fire, and Ambulance",Monitor personnel or equipment locations and utilization to coordinate service and schedules.,GrayLion,2025-04-07,4.0,1.0,4.0,4.0,3.0,4.0
17702,Freight Forwarders,Make arrangements with customs brokers to facilitate the passage of goods through customs.,GrayLion,2025-04-07,2.0,3.0,4.0,4.0,4.0,5.0
17694,Freight Forwarders,Obtain or arrange cargo insurance.,GrayLion,2025-04-07,4.0,2.0,3.0,3.0,3.0,4.0
9767,Reservation and Transportation Ticket Agents and Travel Clerks,Contact customers or travel agents to advise them of travel conveyance changes or to confirm reservations.,GrayLion,2025-04-07,4.0,2.0,3.0,3.0,3.0,3.0
2709,Public Safety Telecommunicators,"Scan status charts and computer screens, and contact emergency response field units to determine emergency units available for dispatch.",GrayLion,2025-04-07,3.0,2.0,4.0,4.0,4.0,3.0
17688,Freight Forwarders,Consolidate loads with a common destination to reduce costs to individual shippers.,GrayLion,2025-04-07,4.0,1.0,2.0,3.0,1.0,3.0
9749,Reservation and Transportation Ticket Agents and Travel Clerks,"Plan routes, itineraries, and accommodation details, and compute fares and fees, using schedules, rate books, and computers.",GrayLion,2025-04-07,3.0,1.0,2.0,3.0,2.0,4.0
2673,Order Clerks,Direct specified departments or units to prepare and ship orders to designated locations.,GrayLion,2025-04-07,3.0,1.0,3.0,4.0,3.0,4.0
4723,New Accounts Clerks,"Compile information about new accounts, enter account information into computers, and file related forms or other documents.",GrayLion,2025-04-07,4.0,1.0,3.0,3.0,1.0,3.0
2770,Executive Secretaries and Executive Administrative Assistants,Manage and maintain executives' schedules.,GrayLion,2025-04-07,4.0,1.0,3.0,5.0,4.0,4.0
16521,Robotics Engineers,Debug robotics programs.,PurpleBear,2025-04-11,3.0,4.0,4.0,4.0,3.0,3.0
2731,"Dispatchers, Except Police, Fire, and Ambulance","Record and maintain files or records of customer requests, work or services performed, charges, expenses, inventory, or other dispatch information.",GrayLion,2025-04-07,4.0,2.0,2.0,3.0,1.0,2.0
9753,Reservation and Transportation Ticket Agents and Travel Clerks,"Assemble and issue required documentation, such as tickets, travel insurance policies, or itineraries.",GrayLion,2025-04-07,4.0,2.0,2.0,3.0,2.0,3.0
17692,Freight Forwarders,Monitor or record locations of goods in transit.,GrayLion,2025-04-07,4.0,2.0,2.0,3.0,2.0,3.0
11377,"Production, Planning, and Expediting Clerks","Compile and prepare documentation related to production sequences, transportation, personnel schedules, or purchase, maintenance, or repair orders.",GrayLion,2025-04-07,4.0,1.0,2.0,4.0,4.0,4.0
17686,Freight Forwarders,"Calculate weight, volume, or cost of goods to be moved.",GrayLion,2025-04-07,3.0,4.0,2.0,3.0,2.0,4.0
9754,Reservation and Transportation Ticket Agents and Travel Clerks,"Determine whether space is available on travel dates requested by customers, assigning requested spaces when available.",GrayLion,2025-04-07,4.0,1.0,2.0,2.0,2.0,2.0
11384,"Weighers, Measurers, Checkers, and Samplers, Recordkeeping","Communicate with customers and vendors to exchange information regarding products, materials, and services.",GrayLion,2025-04-07,4.0,2.0,2.0,2.0,4.0,2.0
2733,"Dispatchers, Except Police, Fire, and Ambulance","Advise personnel about traffic problems, such as construction areas, accidents, congestion, weather conditions, or other hazards.",GrayLion,2025-04-07,4.0,1.0,2.0,3.0,3.0,3.0
2689,"Human Resources Assistants, Except Payroll and Timekeeping","Record data for each employee, including such information as addresses, weekly earnings, absences, amount of sales or production, supervisory reports on performance, and dates of and reasons for terminations.",GrayLion,2025-04-07,4.0,1.0,2.0,2.0,2.0,3.0
11304,Loan Interviewers and Clerks,Accept payment on accounts.,GrayLion,2025-04-07,4.0,3.0,3.0,2.0,2.0,3.0
2685,Order Clerks,Recommend type of packing or labeling needed on order.,GrayLion,2025-04-07,3.0,3.0,2.0,2.0,2.0,2.0
11371,"Production, Planning, and Expediting Clerks","Compile information, such as production rates and progress, materials inventories, materials used, or customer information, so that status reports can be completed.",GrayLion,2025-04-07,4.0,1.0,2.0,4.0,3.0,3.0
11381,"Weighers, Measurers, Checkers, and Samplers, Recordkeeping","Compare product labels, tags, or tickets, shipping manifests, purchase orders, and bills of lading to verify accuracy of shipment contents, quality specifications, or weights.",GrayLion,2025-04-07,2.0,4.0,4.0,4.0,1.0,5.0
17682,Freight Forwarders,"Reserve necessary space on ships, aircraft, trains, or trucks.",GrayLion,2025-04-07,4.0,1.0,2.0,3.0,2.0,3.0
17700,Freight Forwarders,"Arrange for applicable duties, taxes, or paperwork for customs clearance.",GrayLion,2025-04-07,4.0,2.0,4.0,4.0,4.0,5.0
2718,Public Safety Telecommunicators,"Answer routine inquiries, and refer calls not requiring dispatches to appropriate departments and agencies.",GrayLion,2025-04-07,4.0,2.0,2.0,3.0,4.0,2.0
11363,"Production, Planning, and Expediting Clerks","Review documents, such as production schedules, work orders, or staffing tables, to determine personnel or materials requirements or material priorities.",TealGiraffe,2025-04-07,3.0,1.0,2.0,3.0,2.0,2.0
11369,"Production, Planning, and Expediting Clerks","Calculate figures, such as required amounts of labor or materials, manufacturing costs, or wages, using pricing schedules, adding machines, calculators, or computers.",TealGiraffe,2025-04-07,2.0,1.0,2.0,4.0,2.0,3.0
11388,"Weighers, Measurers, Checkers, and Samplers, Recordkeeping",Operate scalehouse computers to obtain weight information about incoming shipments such as those from waste haulers.,TealGiraffe,2025-04-07,2.0,3.0,2.0,3.0,2.0,4.0
11376,"Production, Planning, and Expediting Clerks","Establish and prepare product construction directions and locations and information on required tools, materials, equipment, numbers of workers needed, and cost projections.",TealGiraffe,2025-04-07,2.0,3.0,2.0,4.0,3.0,4.0
18575,Executive Secretaries and Executive Administrative Assistants,"Prepare agendas and make arrangements, such as coordinating catering for luncheons, for committee, board, and other meetings.",TealGiraffe,2025-04-07,2.0,2.0,3.0,3.0,3.0,4.0
2712,Public Safety Telecommunicators,"Maintain access to, and security of, highly sensitive materials.",TealGiraffe,2025-04-07,3.0,1.0,3.0,3.0,1.0,3.0
11375,"Production, Planning, and Expediting Clerks","Plan production commitments or timetables for business units, specific programs, or jobs, using sales forecasts.",TealGiraffe,2025-04-07,3.0,1.0,2.0,3.0,1.0,3.0
11367,"Production, Planning, and Expediting Clerks","Record production data, including volume produced, consumption of raw materials, or quality control measures.",TealGiraffe,2025-04-07,2.0,2.0,2.0,3.0,2.0,3.0
11374,"Production, Planning, and Expediting Clerks","Maintain files, such as maintenance records, bills of lading, or cost reports.",TealGiraffe,2025-04-07,3.0,1.0,1.0,3.0,1.0,2.0
2770,Executive Secretaries and Executive Administrative Assistants,Manage and maintain executives' schedules.,TealGiraffe,2025-04-07,2.0,2.0,3.0,3.0,3.0,3.0
2731,"Dispatchers, Except Police, Fire, and Ambulance","Record and maintain files or records of customer requests, work or services performed, charges, expenses, inventory, or other dispatch information.",TealGiraffe,2025-04-07,3.0,1.0,2.0,3.0,2.0,2.0
2708,Public Safety Telecommunicators,"Enter, update, and retrieve information from teletype networks and computerized data systems regarding such things as wanted persons, stolen property, vehicle registration, and stolen vehicles.",TealGiraffe,2025-04-07,3.0,1.0,3.0,3.0,3.0,2.0
11370,"Production, Planning, and Expediting Clerks",Distribute production schedules or work orders to departments.,TealGiraffe,2025-04-07,3.0,3.0,2.0,3.0,2.0,3.0
2780,Executive Secretaries and Executive Administrative Assistants,"Conduct research, compile data, and prepare papers for consideration and presentation by executives, committees, and boards of directors.",TealGiraffe,2025-04-07,4.0,1.0,1.0,3.0,2.0,2.0
2717,Public Safety Telecommunicators,Read and effectively interpret small-scale maps and information from a computer screen to determine locations and provide directions.,TealGiraffe,2025-04-07,2.0,2.0,4.0,4.0,3.0,4.0
18574,Executive Secretaries and Executive Administrative Assistants,"Perform general office duties, such as ordering supplies, maintaining records management database systems, and performing basic bookkeeping work.",TealGiraffe,2025-04-07,2.0,3.0,2.0,3.0,3.0,3.0
11377,"Production, Planning, and Expediting Clerks","Compile and prepare documentation related to production sequences, transportation, personnel schedules, or purchase, maintenance, or repair orders.",TealGiraffe,2025-04-07,4.0,1.0,1.0,4.0,1.0,2.0
15833,Wind Energy Development Managers,"Prepare wind project documentation, including diagrams or layouts.",BlueLion,2025-04-07,3.0,1.0,3.0,2.0,2.0,3.0
1022,Purchasing Managers,Prepare and process requisitions and purchase orders for supplies and equipment.,BlueLion,2025-04-07,3.0,2.0,2.0,3.0,2.0,3.0
15807,Loss Prevention Managers,"Administer systems and programs to reduce loss, maintain inventory control, or increase safety.",BlueLion,2025-04-07,4.0,2.0,3.0,3.0,2.0,2.0
15416,Quality Control Systems Managers,"Produce reports regarding nonconformance of products or processes, daily production quality, root cause analyses, or quality trends.",BlueLion,2025-04-07,2.0,4.0,2.0,3.0,2.0,4.0
15706,Online Merchants,Integrate online retailing strategy with physical or catalogue retailing operations.,BlueLion,2025-04-07,2.0,4.0,2.0,2.0,3.0,4.0
3242,Advertising and Promotions Managers,Coordinate with the media to disseminate advertising.,BlueLion,2025-04-07,3.0,1.0,2.0,2.0,1.0,3.0
21522,Accountants and Auditors,"Evaluate taxpayer finances to determine tax liability, using knowledge of interest and discount rates, annuities, valuation of stocks and bonds, and amortization valuation of depletable assets.",BlueLion,2025-04-07,5.0,1.0,2.0,3.0,1.0,1.0
15934,Customs Brokers,"Quote duty and tax rates on goods to be imported, based on federal tariffs and excise taxes.",BlueLion,2025-04-07,4.0,2.0,3.0,2.0,1.0,2.0
21097,Human Resources Specialists,Administer employee benefit plans.,BlueLion,2025-04-07,4.0,1.0,3.0,2.0,2.0,2.0
15479,Biomass Power Plant Managers,"Monitor the operating status of biomass plants by observing control system parameters, distributed control systems, switchboard gauges, dials, or other indicators.",BlueLion,2025-04-07,1.0,5.0,3.0,2.0,1.0,5.0
1021,Purchasing Managers,"Locate vendors of materials, equipment or supplies, and interview them to determine product availability and terms of sales.",BlueLion,2025-04-07,3.0,3.0,2.0,2.0,3.0,3.0
20945,Supply Chain Managers,Monitor suppliers' activities to assess performance in meeting quality or delivery requirements.,BlueLion,2025-04-07,4.0,3.0,2.0,3.0,2.0,2.0
18062,Regulatory Affairs Specialists,Prepare or maintain technical files as necessary to obtain and sustain product approval.,BlueLion,2025-04-07,4.0,1.0,2.0,4.0,1.0,2.0
15734,Online Merchants,"Compose descriptions of merchandise for posting to online storefront, auction sites, or other shopping Web sites.",BlueLion,2025-04-07,5.0,1.0,2.0,3.0,1.0,1.0
15704,Online Merchants,Order or purchase merchandise to maintain optimal inventory levels.,BlueLion,2025-04-07,3.0,3.0,3.0,3.0,1.0,3.0
972,Computer and Information Systems Managers,Review and approve all systems charts and programs prior to their implementation.,BlueLion,2025-04-07,3.0,1.0,2.0,3.0,2.0,3.0
1026,Purchasing Managers,Analyze market and delivery systems to assess present and future material availability.,BlueLion,2025-04-07,3.0,2.0,4.0,4.0,1.0,3.0
18032,Regulatory Affairs Managers,Monitor emerging trends regarding industry regulations to determine potential impacts on organizational processes.,BlueLion,2025-04-07,3.0,1.0,3.0,4.0,2.0,3.0
21424,"Claims Adjusters, Examiners, and Investigators",Adjust reserves or provide reserve recommendations to ensure that reserve activities are consistent with corporate policies.,BlueLion,2025-04-07,3.0,2.0,2.0,4.0,1.0,3.0
15607,Clinical Research Coordinators,Communicate with laboratories or investigators regarding laboratory findings.,BlueLion,2025-04-07,2.0,1.0,2.0,4.0,3.0,4.0
15676,Investment Fund Managers,Select or direct the execution of trades.,BlueLion,2025-04-07,5.0,1.0,5.0,4.0,1.0,1.0
20321,Search Marketing Strategists,Create content strategies for digital media.,BlueLion,2025-04-07,4.0,1.0,2.0,4.0,2.0,2.0
15722,Online Merchants,Initiate online auctions through auction hosting sites or auction management software.,BlueLion,2025-04-07,5.0,1.0,1.0,2.0,2.0,1.0
20327,Search Marketing Strategists,"Improve search-related activities through ongoing analysis, experimentation, or optimization tests, using A/B or multivariate methods.",BlueLion,2025-04-07,4.0,1.0,2.0,2.0,1.0,2.0
15903,Logistics Analysts,"Interpret data on logistics elements, such as availability, maintainability, reliability, supply chain management, strategic sourcing or distribution, supplier management, or transportation.",BlueLion,2025-04-07,3.0,2.0,4.0,4.0,2.0,3.0
15667,Investment Fund Managers,"Perform or evaluate research, such as detailed company or industry analyses, to inform financial forecasting, decision making, or valuation.",BlueLion,2025-04-07,4.0,1.0,4.0,4.0,2.0,2.0
979,Computer and Information Systems Managers,Evaluate data processing proposals to assess project feasibility and requirements.,BlueLion,2025-04-07,3.0,1.0,3.0,4.0,2.0,3.0
20331,Search Marketing Strategists,"Purchase or negotiate placement of listings in local search engines, directories, or digital mapping technologies.",BlueLion,2025-04-07,4.0,2.0,2.0,3.0,2.0,2.0
1144,"Purchasing Agents, Except Wholesale, Retail, and Farm Products","Research and evaluate suppliers, based on price, quality, selection, service, support, availability, reliability, production and distribution capabilities, and the supplier's reputation and history.",BlueLion,2025-04-07,2.0,3.0,4.0,4.0,2.0,4.0
21314,Financial Managers,Prepare operational or risk reports for management analysis.,BlueLion,2025-04-07,4.0,1.0,4.0,4.0,2.0,2.0
15472,Biomass Power Plant Managers,"Prepare reports on biomass plant operations, status, maintenance, and other information.",BlueLion,2025-04-07,2.0,4.0,3.0,4.0,2.0,4.0
21516,Accountants and Auditors,Review accounts for discrepancies and reconcile differences.,BlueLion,2025-04-07,4.0,2.0,4.0,4.0,2.0,2.0
15427,Quality Control Systems Managers,"Communicate quality control information to all relevant organizational departments, outside vendors, or contractors.",BlueLion,2025-04-07,3.0,2.0,2.0,3.0,3.0,3.0
15835,Wind Energy Development Managers,"Develop scope of work for wind project functions, such as design, site assessment, environmental studies, surveying, or field support services.",BlueLion,2025-04-07,1.0,5.0,2.0,3.0,2.0,5.0
15592,Clinical Research Coordinators,Track enrollment status of subjects and document dropout information such as dropout causes and subject contact efforts.,BlueLion,2025-04-07,4.0,1.0,1.0,3.0,3.0,2.0
18868,Human Resources Specialists,Review employment applications and job orders to match applicants with job requirements.,BlueLion,2025-04-07,3.0,1.0,5.0,4.0,3.0,3.0
3356,"Compensation, Benefits, and Job Analysis Specialists","Prepare occupational classifications, job descriptions, and salary scales.",BlueLion,2025-04-07,5.0,1.0,2.0,2.0,1.0,1.0
1035,Purchasing Managers,Administer online purchasing systems.,BlueLion,2025-04-07,5.0,1.0,2.0,2.0,1.0,1.0
21434,"Claims Adjusters, Examiners, and Investigators","Maintain claim files, such as records of settled claims and an inventory of claims requiring detailed analysis.",BlueLion,2025-04-07,4.0,1.0,3.0,2.0,2.0,2.0
1148,"Purchasing Agents, Except Wholesale, Retail, and Farm Products","Monitor shipments to ensure that goods come in on time, and resolve problems related to undelivered goods.",BlueLion,2025-04-07,4.0,4.0,2.0,2.0,2.0,2.0
15595,Clinical Research Coordinators,"Prepare study-related documentation, such as protocol worksheets, procedural manuals, adverse event reports, institutional review board documents, or progress reports.",BlueLion,2025-04-07,4.0,2.0,2.0,3.0,2.0,2.0
15929,Customs Brokers,Contract with freight forwarders for destination services.,BlueLion,2025-04-07,2.0,2.0,4.0,3.0,4.0,4.0
18876,Human Resources Specialists,"Review and evaluate applicant qualifications or eligibility for specified licensing, according to established guidelines and designated licensing codes.",BlueLion,2025-04-07,3.0,1.0,4.0,4.0,3.0,3.0
15715,Online Merchants,"Transfer digital media, such as music, video, or software, to customers via the Internet.",BlueLion,2025-04-07,5.0,1.0,1.0,2.0,2.0,1.0
21553,Appraisers and Assessors of Real Estate,"Prepare and maintain current data on each parcel assessed, including maps of boundaries, inventories of land and structures, property characteristics, and any applicable exemptions.",BlueLion,2025-04-07,1.0,5.0,4.0,3.0,1.0,5.0
15608,Clinical Research Coordinators,"Collaborate with investigators to prepare presentations or reports of clinical study procedures, results, and conclusions.",BlueLion,2025-04-07,4.0,2.0,1.0,3.0,3.0,2.0
1002,Human Resources Managers,"Develop, administer, and evaluate applicant tests.",BlueLion,2025-04-07,4.0,2.0,3.0,2.0,2.0,2.0
970,Computer and Information Systems Managers,Stay abreast of advances in technology.,BlueLion,2025-04-07,3.0,1.0,1.0,5.0,1.0,3.0
15598,Clinical Research Coordinators,Order drugs or devices necessary for study completion.,BlueLion,2025-04-07,5.0,1.0,3.0,2.0,2.0,1.0
15721,Online Merchants,"Investigate products or markets to determine areas for opportunity or viability for merchandising specific products, using online or offline sources.",BlueLion,2025-04-07,2.0,4.0,4.0,4.0,3.0,4.0
15703,Online Merchants,"Upload digital media, such as photos, video, or scanned images to online storefront, auction sites, or other shopping Web sites.",BlueLion,2025-04-07,5.0,1.0,1.0,2.0,2.0,1.0
21441,"Claims Adjusters, Examiners, and Investigators",Prepare reports to be submitted to company's data processing department.,BlueLion,2025-04-07,4.0,1.0,2.0,2.0,2.0,2.0
15732,Online Merchants,"Prepare or organize online storefront marketing material, including product descriptions or subject lines, optimizing content to search engine criteria.",BlueLion,2025-04-07,3.0,2.0,2.0,3.0,2.0,3.0
15898,Logistics Analysts,Maintain databases of logistics information.,BlueLion,2025-04-07,5.0,1.0,3.0,2.0,1.0,1.0
8870,Treasurers and Controllers,Evaluate needs for procurement of funds and investment of surpluses and make appropriate recommendations.,BlueLion,2025-04-07,3.0,2.0,4.0,3.0,2.0,3.0
18924,Fundraisers,"Write speeches, press releases, or other promotional materials to increase awareness of the causes, missions, or goals of organizations seeking funds.",BlueLion,2025-04-07,3.0,1.0,1.0,2.0,4.0,3.0
20476,Training and Development Specialists,Monitor training costs and prepare budget reports to justify expenditures.,BlueLion,2025-04-07,4.0,1.0,2.0,3.0,2.0,2.0
1031,Purchasing Managers,"Review, evaluate, and approve specifications for issuing and awarding bids.",BlueLion,2025-04-07,3.0,2.0,4.0,2.0,2.0,3.0
18907,Fundraisers,Create or update donor databases.,BlueLion,2025-04-07,5.0,1.0,2.0,2.0,2.0,1.0
15902,Logistics Analysts,"Compute reporting metrics, such as on-time delivery rates, order fulfillment rates, or inventory turns.",BlueLion,2025-04-07,4.0,3.0,2.0,2.0,1.0,2.0
15874,Logistics Engineers,"Determine logistics support requirements, such as facility details, staffing needs, or safety or maintenance plans.",BlueLion,2025-04-07,2.0,4.0,2.0,2.0,3.0,4.0
974,Computer and Information Systems Managers,Control operational budget and expenditures.,BlueLion,2025-04-07,3.0,2.0,3.0,3.0,2.0,3.0
15884,Logistics Analysts,Develop or maintain payment systems to ensure accuracy of vendor payments.,BlueLion,2025-04-07,5.0,1.0,3.0,2.0,2.0,1.0
15425,Quality Control Systems Managers,Create and implement inspection and testing criteria or procedures.,BlueLion,2025-04-07,2.0,4.0,2.0,3.0,3.0,4.0
1146,"Purchasing Agents, Except Wholesale, Retail, and Farm Products",Monitor and follow applicable laws and regulations.,BlueLion,2025-04-07,4.0,2.0,3.0,2.0,1.0,2.0
21452,Compliance Officers,Issue licenses to individuals meeting standards.,BlueLion,2025-04-07,3.0,2.0,3.0,2.0,3.0,3.0
57,Medical and Health Services Managers,"Prepare activity reports to inform management of the status and implementation plans of programs, services, and quality initiatives.",BlueLion,2025-04-07,4.0,2.0,1.0,3.0,2.0,2.0
15937,Customs Brokers,Monitor or trace the location of goods.,BlueLion,2025-04-07,4.0,3.0,2.0,2.0,1.0,2.0
1145,"Purchasing Agents, Except Wholesale, Retail, and Farm Products","Analyze price proposals, financial reports, and other data and information to determine reasonable prices.",BlueLion,2025-04-07,4.0,2.0,4.0,4.0,1.0,2.0
21562,Appraisers and Assessors of Real Estate,Examine income records and operating costs of income properties.,BlueLion,2025-04-07,2.0,4.0,3.0,4.0,2.0,4.0
21447,Compliance Officers,"Evaluate applications, records, or documents to gather information about eligibility or liability issues.",BlueLion,2025-04-07,4.0,1.0,2.0,2.0,2.0,2.0
15424,Quality Control Systems Managers,"Direct the tracking of defects, test results, or other regularly reported quality control data.",BlueLion,2025-04-07,3.0,3.0,2.0,4.0,2.0,3.0
18869,Human Resources Specialists,"Schedule or administer skill, intelligence, psychological, or drug tests for current or prospective employees.",BlueLion,2025-04-07,1.0,5.0,2.0,3.0,4.0,5.0
2735,"Dispatchers, Except Police, Fire, and Ambulance",Order supplies or equipment and issue them to personnel.,TealGiraffe,2025-04-07,2.0,2.0,2.0,3.0,2.0,3.0
18054,Regulatory Affairs Specialists,Coordinate efforts associated with the preparation of regulatory documents or submissions.,BlueLion,2025-04-07,4.0,2.0,3.0,3.0,2.0,2.0
21514,Accountants and Auditors,"Prepare, examine, or analyze accounting records, financial statements, or other financial reports to assess accuracy, completeness, and conformance to reporting and procedural standards.",BlueLion,2025-04-07,4.0,1.0,3.0,3.0,1.0,2.0
15804,Loss Prevention Managers,"Advise retail managers on compliance with applicable codes, laws, regulations, or standards.",BlueLion,2025-04-07,3.0,2.0,3.0,4.0,2.0,3.0
15415,Quality Control Systems Managers,Review and update standard operating procedures or quality assurance manuals.,BlueLion,2025-04-07,4.0,1.0,1.0,4.0,1.0,2.0
18049,Regulatory Affairs Specialists,Interpret regulatory rules or rule changes and ensure that they are communicated through corporate policies and procedures.,BlueLion,2025-04-07,4.0,2.0,2.0,3.0,2.0,2.0
15710,Online Merchants,"Create, manage, or automate orders or invoices, using order management or invoicing software.",BlueLion,2025-04-07,5.0,1.0,2.0,1.0,1.0,1.0
16186,Search Marketing Strategists,"Conduct market research analysis to identify search query trends, real-time search and news media activity, popular social media topics, electronic commerce trends, market opportunities, or competitor performance.",BlueLion,2025-04-07,4.0,1.0,4.0,4.0,1.0,2.0
2729,"Dispatchers, Except Police, Fire, and Ambulance",Oversee all communications within specifically assigned territories.,TealGiraffe,2025-04-07,2.0,4.0,4.0,4.0,3.0,4.0
3351,"Compensation, Benefits, and Job Analysis Specialists","Evaluate job positions, determining classification, exempt or non-exempt status, and salary.",BlueLion,2025-04-07,4.0,2.0,3.0,4.0,1.0,2.0
15905,Logistics Analysts,"Analyze logistics data, using methods such as data mining, data modeling, or cost or benefit analysis.",BlueLion,2025-04-07,5.0,1.0,2.0,2.0,1.0,1.0
15838,Wind Energy Development Managers,"Create wind energy project plans, including project scope, goals, tasks, resources, schedules, costs, contingencies, or other project information.",BlueLion,2025-04-07,3.0,3.0,2.0,3.0,1.0,3.0
15612,Clinical Research Coordinators,"Schedule subjects for appointments, procedures, or inpatient stays as required by study protocols.",BlueLion,2025-04-07,5.0,1.0,2.0,1.0,2.0,1.0
15945,Customs Brokers,"Prepare and process import and export documentation according to customs regulations, laws, or procedures.",BlueLion,2025-04-07,4.0,3.0,2.0,3.0,1.0,2.0
15969,Sustainability Specialists,"Research or review regulatory, technical, or market issues related to sustainability.",BlueLion,2025-04-07,3.0,2.0,2.0,4.0,1.0,3.0
15877,Logistics Engineers,"Provide logistics technology or information for effective and efficient support of product, equipment, or system manufacturing or service.",BlueLion,2025-04-07,3.0,2.0,3.0,3.0,1.0,3.0
18070,Regulatory Affairs Specialists,Review adverse drug reactions and file all related reports in accordance with regulatory agency guidelines.,BlueLion,2025-04-07,2.0,4.0,3.0,4.0,2.0,4.0
21315,Financial Managers,Evaluate data pertaining to costs to plan budgets.,BlueLion,2025-04-07,4.0,1.0,5.0,2.0,2.0,2.0
18855,Human Resources Specialists,Conduct reference or background checks on job applicants.,BlueLion,2025-04-07,2.0,3.0,2.0,2.0,4.0,4.0
21515,Accountants and Auditors,Prepare adjusting journal entries.,BlueLion,2025-04-07,4.0,1.0,3.0,2.0,2.0,2.0
15414,Quality Control Systems Managers,Review quality documentation necessary for regulatory submissions and inspections.,BlueLion,2025-04-07,4.0,1.0,2.0,3.0,1.0,2.0
18919,Fundraisers,Monitor progress of fundraising drives.,BlueLion,2025-04-07,4.0,2.0,1.0,1.0,2.0,2.0
18918,Fundraisers,"Monitor budgets, expense reports, or other financial data for fundraising organizations.",BlueLion,2025-04-07,5.0,1.0,3.0,2.0,1.0,1.0
20474,Training and Development Specialists,"Design, plan, organize, or direct orientation and training programs for employees or customers.",BlueLion,2025-04-07,2.0,3.0,2.0,3.0,5.0,4.0
15784,Loss Prevention Managers,Monitor and review paperwork procedures and systems to prevent error-related shortages.,BlueLion,2025-04-07,4.0,1.0,3.0,3.0,1.0,2.0
19997,Logistics Engineers,Identify cost-reduction or process-improvement logistic opportunities.,BlueLion,2025-04-07,3.0,3.0,4.0,4.0,1.0,3.0
985,Human Resources Managers,"Provide current and prospective employees with information about policies, job duties, working conditions, wages, opportunities for promotion, and employee benefits.",BlueLion,2025-04-07,5.0,1.0,1.0,2.0,2.0,1.0
8867,Treasurers and Controllers,"Analyze the financial details of past, present, and expected operations to identify development opportunities and areas where improvement is needed.",BlueLion,2025-04-07,3.0,2.0,3.0,2.0,1.0,3.0
11373,"Production, Planning, and Expediting Clerks",Contact suppliers to verify shipment details.,TealGiraffe,2025-04-07,2.0,2.0,2.0,3.0,3.0,3.0
994,Human Resources Managers,Analyze statistical data and reports to identify and determine causes of personnel problems and develop recommendations for improvement of organization's personnel policies and practices.,BlueLion,2025-04-07,3.0,2.0,4.0,4.0,2.0,3.0
15464,Biomass Power Plant Managers,Manage parts and supply inventories for biomass plants.,BlueLion,2025-04-07,2.0,4.0,4.0,3.0,2.0,4.0
17868,Biomass Plant Technicians,Manage parts and supply inventories for biomass plants.,BlueLion,2025-04-07,2.0,4.0,4.0,3.0,2.0,4.0
2733,"Dispatchers, Except Police, Fire, and Ambulance","Advise personnel about traffic problems, such as construction areas, accidents, congestion, weather conditions, or other hazards.",TealGiraffe,2025-04-07,2.0,2.0,3.0,3.0,4.0,4.0
18038,Regulatory Affairs Managers,Review materials such as marketing literature or user manuals to ensure that regulatory agency requirements are met.,BlueLion,2025-04-07,4.0,1.0,1.0,2.0,1.0,2.0
21326,Financial Managers,Review collection reports to determine the status of collections and the amounts of outstanding balances.,BlueLion,2025-04-07,5.0,1.0,2.0,1.0,1.0,1.0
15785,Loss Prevention Managers,"Maintain databases such as bad check logs, reports on multiple offenders, and alarm activation lists.",BlueLion,2025-04-07,5.0,1.0,3.0,2.0,1.0,1.0
20168,Treasurers and Controllers,"Monitor financial activities and details, such as cash flow and reserve levels, to ensure that all legal and regulatory requirements are met.",BlueLion,2025-04-07,4.0,2.0,2.0,3.0,2.0,2.0
3234,Advertising and Promotions Managers,"Read trade journals and professional literature to stay informed on trends, innovations, and changes that affect media planning.",BlueLion,2025-04-07,3.0,3.0,2.0,5.0,3.0,3.0
2723,"Dispatchers, Except Police, Fire, and Ambulance","Schedule or dispatch workers, work crews, equipment, or service vehicles to appropriate locations, according to customer requests, specifications, or needs, using radios or telephones.",TealGiraffe,2025-04-07,2.0,2.0,2.0,3.0,3.0,3.0
11384,"Weighers, Measurers, Checkers, and Samplers, Recordkeeping","Communicate with customers and vendors to exchange information regarding products, materials, and services.",TealGiraffe,2025-04-07,2.0,2.0,2.0,4.0,4.0,3.0
20058,"Business Teachers, Postsecondary",Develop and maintain course Web sites.,WhiteHorse,2025-04-07,3.0,4.0,3.0,3.0,2.0,4.0
16974,Quality Control Analysts,"Interpret test results, compare them to established specifications and control limits, and make recommendations on appropriateness of data for release.",WhiteHorse,2025-04-07,2.0,3.0,4.0,2.0,2.0,3.0
3906,Media Technical Directors/Managers,Collaborate with promotions directors to produce on-air station promotions.,WhiteHorse,2025-04-07,2.0,2.0,3.0,2.0,3.0,3.0
7669,Media Programming Directors,"Evaluate new and existing programming to assess suitability and the need for changes, using information such as audience surveys and feedback.",WhiteHorse,2025-04-07,3.0,2.0,2.0,3.0,2.0,3.0
16992,Remote Sensing Technicians,"Evaluate remote sensing project requirements to determine the types of equipment or computer software necessary to meet project requirements, such as specific image types or output resolutions.",WhiteHorse,2025-04-07,2.0,2.0,3.0,2.0,4.0,3.0
19056,Judicial Law Clerks,Coordinate judges' meeting and appointment schedules.,WhiteHorse,2025-04-07,3.0,2.0,3.0,2.0,2.0,3.0
292,Art Directors,Review illustrative material to determine if it conforms to standards and specifications.,WhiteHorse,2025-04-07,2.0,3.0,2.0,3.0,3.0,2.0
3966,Technical Writers,"Organize material and complete writing assignment according to set standards regarding order, clarity, conciseness, style, and terminology.",WhiteHorse,2025-04-08,3.0,3.0,3.0,2.0,2.0,3.0
22416,Librarians and Media Collections Specialists,"Code, classify, and catalog books, publications, films, audio-visual aids, and other library materials, based on subject matter or standard library classification systems.",WhiteHorse,2025-04-08,3.0,2.0,3.0,2.0,3.0,3.0
22116,Surveying and Mapping Technicians,"Compare topographical features or contour lines with images from aerial photographs, old maps, or other reference materials to verify the accuracy of their identification.",WhiteHorse,2025-04-08,2.0,3.0,2.0,2.0,3.0,3.0
5669,"Business Teachers, Postsecondary",Maintain regularly scheduled office hours to advise and assist students.,WhiteHorse,2025-04-08,3.0,3.0,2.0,3.0,2.0,3.0
5694,"Computer Science Teachers, Postsecondary",Maintain regularly scheduled office hours to advise and assist students.,WhiteHorse,2025-04-08,3.0,3.0,2.0,3.0,2.0,3.0
5714,"Mathematical Science Teachers, Postsecondary",Maintain regularly scheduled office hours to advise and assist students.,WhiteHorse,2025-04-08,3.0,3.0,2.0,3.0,2.0,3.0
5738,"Architecture Teachers, Postsecondary",Maintain regularly scheduled office hours to advise and assist students.,WhiteHorse,2025-04-08,3.0,3.0,2.0,3.0,2.0,3.0
5921,"Physics Teachers, Postsecondary",Maintain regularly scheduled office hours to advise and assist students.,WhiteHorse,2025-04-08,3.0,3.0,2.0,3.0,2.0,3.0
5991,"Economics Teachers, Postsecondary",Maintain regularly scheduled office hours to advise and assist students.,WhiteHorse,2025-04-08,3.0,3.0,2.0,3.0,2.0,3.0
6015,"Geography Teachers, Postsecondary",Maintain regularly scheduled office hours to advise and assist students.,WhiteHorse,2025-04-08,3.0,3.0,2.0,3.0,2.0,3.0
6039,"Political Science Teachers, Postsecondary",Maintain regularly scheduled office hours to advise and assist students.,WhiteHorse,2025-04-08,3.0,3.0,2.0,3.0,2.0,3.0
6156,"Education Teachers, Postsecondary",Maintain regularly scheduled office hours to advise and assist students.,WhiteHorse,2025-04-08,3.0,3.0,2.0,3.0,2.0,3.0
6183,"Library Science Teachers, Postsecondary",Maintain regularly scheduled office hours to advise and assist students.,WhiteHorse,2025-04-08,3.0,3.0,2.0,3.0,2.0,3.0
6222,"Law Teachers, Postsecondary",Maintain regularly scheduled office hours to advise and assist students.,WhiteHorse,2025-04-08,3.0,3.0,2.0,3.0,2.0,3.0
6295,"Communications Teachers, Postsecondary",Maintain regularly scheduled office hours to advise and assist students.,WhiteHorse,2025-04-08,3.0,3.0,2.0,3.0,2.0,3.0
9240,"Title Examiners, Abstractors, and Searchers","Obtain maps or drawings delineating properties from company title plants, county surveyors, or assessors' offices.",WhiteHorse,2025-04-08,3.0,3.0,2.0,3.0,2.0,3.0
16808,Molecular and Cellular Biologists,Instruct undergraduate and graduate students within the areas of cellular or molecular biology.,WhiteHorse,2025-04-08,2.0,3.0,4.0,2.0,3.0,3.0
22425,Librarians and Media Collections Specialists,"Develop, maintain, and troubleshoot information access aids, such as databases, annotated bibliographies, Web pages, electronic pathfinders, software programs, and online tutorials.",WhiteHorse,2025-04-08,2.0,3.0,3.0,3.0,3.0,4.0
9230,"Title Examiners, Abstractors, and Searchers",Prepare lists of all legal instruments applying to a specific piece of land and the buildings on it.,WhiteHorse,2025-04-08,3.0,4.0,3.0,3.0,2.0,4.0
3928,Broadcast Announcers and Radio Disc Jockeys,Study background information to prepare for programs or interviews.,WhiteHorse,2025-04-08,3.0,3.0,2.0,3.0,2.0,3.0
19047,Judicial Law Clerks,"Draft or proofread judicial opinions, decisions, or citations.",WhiteHorse,2025-04-08,3.0,4.0,3.0,4.0,3.0,3.0
3894,Media Technical Directors/Managers,"Direct technical aspects of newscasts and other productions, checking and switching between video sources and taking responsibility for the on-air product, including camera shots and graphics.",WhiteHorse,2025-04-08,2.0,3.0,4.0,3.0,4.0,3.0
16851,Climate Change Policy Analysts,"Make legislative recommendations related to climate change or environmental management, based on climate change policies, principles, programs, practices, and processes.",WhiteHorse,2025-04-08,2.0,3.0,3.0,2.0,3.0,3.0
16990,Remote Sensing Technicians,"Merge scanned images or build photo mosaics of large areas, using image processing software.",WhiteHorse,2025-04-08,3.0,3.0,3.0,3.0,2.0,3.0
1717,Library Technicians,Design posters and special displays to promote use of library facilities or specific reading programs at libraries.,WhiteHorse,2025-04-08,3.0,3.0,2.0,3.0,2.0,3.0
5664,"Business Teachers, Postsecondary","Compile, administer, and grade examinations, or assign this work to others.",WhiteHorse,2025-04-08,2.0,3.0,2.0,3.0,2.0,3.0
5710,"Mathematical Science Teachers, Postsecondary","Compile, administer, and grade examinations, or assign this work to others.",WhiteHorse,2025-04-08,2.0,3.0,2.0,3.0,2.0,3.0
5739,"Architecture Teachers, Postsecondary","Compile, administer, and grade examinations, or assign this work to others.",WhiteHorse,2025-04-08,2.0,3.0,2.0,3.0,2.0,3.0
5759,"Engineering Teachers, Postsecondary","Compile, administer, and grade examinations, or assign this work to others.",WhiteHorse,2025-04-08,2.0,3.0,2.0,3.0,2.0,3.0
5854,"Atmospheric, Earth, Marine, and Space Sciences Teachers, Postsecondary","Compile, administer, and grade examinations, or assign this work to others.",WhiteHorse,2025-04-08,2.0,3.0,2.0,3.0,2.0,3.0
5901,"Environmental Science Teachers, Postsecondary","Compile, administer, and grade examinations, or assign this work to others.",WhiteHorse,2025-04-08,2.0,3.0,2.0,3.0,2.0,3.0
5917,"Physics Teachers, Postsecondary","Compile, administer, and grade examinations, or assign this work to others.",WhiteHorse,2025-04-08,2.0,3.0,2.0,3.0,2.0,3.0
5987,"Economics Teachers, Postsecondary","Compile, administer, and grade examinations, or assign this work to others.",WhiteHorse,2025-04-08,2.0,3.0,2.0,3.0,2.0,3.0
6008,"Geography Teachers, Postsecondary","Compile, administer, and grade examinations, or assign this work to others.",WhiteHorse,2025-04-08,2.0,3.0,2.0,3.0,2.0,3.0
6034,"Political Science Teachers, Postsecondary","Compile, administer, and grade examinations, or assign this work to others.",WhiteHorse,2025-04-08,2.0,3.0,2.0,3.0,2.0,3.0
6159,"Education Teachers, Postsecondary","Compile, administer, and grade examinations, or assign this work to others.",WhiteHorse,2025-04-08,2.0,3.0,2.0,3.0,2.0,3.0
6181,"Library Science Teachers, Postsecondary","Compile, administer, and grade examinations, or assign this work to others.",WhiteHorse,2025-04-08,2.0,3.0,2.0,3.0,2.0,3.0
6292,"Communications Teachers, Postsecondary","Compile, administer, and grade examinations, or assign this work to others.",WhiteHorse,2025-04-08,2.0,3.0,2.0,3.0,2.0,3.0
16888,Industrial Ecologists,Identify or develop strategies or methods to minimize the environmental impact of industrial production processes.,WhiteHorse,2025-04-08,3.0,3.0,2.0,3.0,2.0,3.0
18260,Remote Sensing Scientists and Technologists,Organize and maintain geospatial data and associated documentation.,WhiteHorse,2025-04-08,3.0,4.0,3.0,3.0,2.0,3.0
22628,"News Analysts, Reporters, and Journalists",Research a story's background information to provide complete and accurate information.,WhiteHorse,2025-04-08,3.0,3.0,3.0,3.0,3.0,3.0
9068,Atmospheric and Space Scientists,"Broadcast weather conditions, forecasts, or severe weather warnings to the public via television, radio, or the Internet or provide this information to the news media.",WhiteHorse,2025-04-08,4.0,3.0,2.0,3.0,3.0,3.0
3968,Technical Writers,"Edit, standardize, or make changes to material prepared by other writers or establishment personnel.",WhiteHorse,2025-04-08,3.0,4.0,3.0,3.0,3.0,3.0
22117,Surveying and Mapping Technicians,Trace contours or topographic details to generate maps that denote specific land or property locations or geographic attributes.,WhiteHorse,2025-04-08,3.0,3.0,3.0,3.0,3.0,3.0
20890,Broadcast Announcers and Radio Disc Jockeys,Maintain organization of the music library.,WhiteHorse,2025-04-08,3.0,3.0,3.0,3.0,3.0,3.0
310,Graphic Designers,Prepare notes and instructions for workers who assemble and prepare final layouts for printing.,WhiteHorse,2025-04-08,3.0,3.0,3.0,3.0,3.0,3.0
12972,Social Science Research Assistants,Track laboratory supplies and expenses such as participant reimbursement.,WhiteHorse,2025-04-08,3.0,3.0,3.0,3.0,3.0,2.0
16987,Remote Sensing Technicians,"Prepare documentation or presentations, including charts, photos, or graphs.",WhiteHorse,2025-04-08,3.0,3.0,3.0,3.0,3.0,3.0
16977,Quality Control Analysts,"Complete documentation needed to support testing procedures, including data capture forms, equipment logbooks, or inventory forms.",WhiteHorse,2025-04-08,3.0,3.0,3.0,3.0,3.0,3.0
22532,Producers and Directors,"Perform management activities, such as budgeting, scheduling, planning, and marketing.",WhiteHorse,2025-04-08,3.0,3.0,3.0,3.0,3.0,3.0
3905,Media Technical Directors/Managers,"Set up and execute video transitions and special effects, such as fades, dissolves, cuts, keys, and supers, using computers to manipulate pictures as necessary.",WhiteHorse,2025-04-08,3.0,3.0,3.0,3.0,3.0,3.0
307,Graphic Designers,Key information into computer equipment to create layouts for client or supervisor.,WhiteHorse,2025-04-08,3.0,3.0,3.0,3.0,3.0,3.0
1776,Editors,"Prepare, rewrite and edit copy to improve readability, or supervise others who do this work.",WhiteHorse,2025-04-08,3.0,3.0,3.0,3.0,3.0,3.0
19963,Industrial Ecologists,Recommend methods to protect the environment or minimize environmental damage from industrial production practices.,WhiteHorse,2025-04-08,3.0,3.0,3.0,3.0,3.0,3.0
20976,Transportation Planners,"Interpret data from traffic modeling software, geographic information systems, or associated databases.",WhiteHorse,2025-04-08,3.0,3.0,3.0,3.0,3.0,3.0
16521,Robotics Engineers,Debug robotics programs.,400_a,2025-04-22,2.0,3.0,2.0,4.0,2.0,4.0
19052,Judicial Law Clerks,"Review complaints, petitions, motions, or pleadings that have been filed to determine issues involved or basis for relief.",WhiteHorse,2025-04-08,3.0,3.0,3.0,3.0,3.0,3.0
3943,Broadcast Announcers and Radio Disc Jockeys,Give network cues permitting selected stations to receive programs.,WhiteHorse,2025-04-08,3.0,3.0,3.0,3.0,3.0,3.0
5505,Geographers,"Develop, operate, and maintain geographical information computer systems, including hardware, software, plotters, digitizers, printers, and video cameras.",WhiteHorse,2025-04-08,3.0,3.0,3.0,3.0,3.0,3.0
299,Graphic Designers,"Create designs, concepts, and sample layouts, based on knowledge of layout principles and esthetic design concepts.",WhiteHorse,2025-04-08,3.0,3.0,3.0,3.0,3.0,3.0
21107,Survey Researchers,Write proposals to win new projects.,WhiteHorse,2025-04-08,3.0,3.0,3.0,3.0,3.0,4.0
20887,Broadcast Announcers and Radio Disc Jockeys,"Identify stations, and introduce or close shows, ad-libbing or using memorized or read scripts.",WhiteHorse,2025-04-08,3.0,3.0,3.0,3.0,3.0,3.0
3940,Broadcast Announcers and Radio Disc Jockeys,"Coordinate games, contests, or other on-air competitions, performing such duties as asking questions and awarding prizes.",WhiteHorse,2025-04-08,3.0,3.0,3.0,3.0,3.0,3.0
1706,Library Technicians,Review subject matter of materials to be classified and select classification numbers and headings according to classification systems.,WhiteHorse,2025-04-08,3.0,3.0,3.0,3.0,3.0,3.0
22626,"News Analysts, Reporters, and Journalists",Analyze and interpret news and information received from various sources to broadcast the information.,WhiteHorse,2025-04-08,3.0,3.0,3.0,3.0,3.0,3.0
19759,Atmospheric and Space Scientists,"Formulate predictions by interpreting environmental data, such as meteorological, atmospheric, oceanic, paleoclimate, climate, or related information.",WhiteHorse,2025-04-08,3.0,3.0,3.0,3.0,3.0,3.0
9069,Atmospheric and Space Scientists,"Gather data from sources such as surface or upper air stations, satellites, weather bureaus, or radar for use in meteorological reports or forecasts.",WhiteHorse,2025-04-08,3.0,3.0,3.0,3.0,3.0,3.0
3937,Broadcast Announcers and Radio Disc Jockeys,Record commercials for later broadcast.,WhiteHorse,2025-04-08,3.0,3.0,3.0,3.0,3.0,3.0
15229,Graphic Designers,Research new software or design concepts.,WhiteHorse,2025-04-08,3.0,3.0,3.0,3.0,3.0,3.0
9233,"Title Examiners, Abstractors, and Searchers","Copy or summarize recorded documents, such as mortgages, trust deeds, and contracts, that affect property titles.",WhiteHorse,2025-04-08,3.0,3.0,3.0,3.0,3.0,3.0
1790,Editors,Make manuscript acceptance or revision recommendations to the publisher.,WhiteHorse,2025-04-08,3.0,3.0,3.0,3.0,3.0,3.0
6898,Commercial and Industrial Designers,"Modify and refine designs, using working models, to conform with customer specifications, production limitations, or changes in design trends.",WhiteHorse,2025-04-08,3.0,3.0,3.0,3.0,3.0,3.0
1704,Library Technicians,Issue identification cards to borrowers.,WhiteHorse,2025-04-08,3.0,3.0,3.0,3.0,3.0,3.0
7665,Media Programming Directors,Check completed program logs for accuracy and conformance with Federal Communications Commission (FCC) rules and regulations and resolve program log inaccuracies.,WhiteHorse,2025-04-08,3.0,3.0,3.0,3.0,3.0,3.0
1689,Library Technicians,Enter and update patrons' records on computers.,WhiteHorse,2025-04-08,3.0,3.0,3.0,3.0,3.0,3.0
2643,"Library Assistants, Clerical",Enter and update patrons' records on computers.,WhiteHorse,2025-04-08,3.0,3.0,3.0,3.0,3.0,3.0
9246,"Title Examiners, Abstractors, and Searchers",Assess fees related to registration of property-related documents.,WhiteHorse,2025-04-08,3.0,3.0,3.0,3.0,3.0,3.0
12962,Social Science Research Assistants,Perform data entry and other clerical work as required for project completion.,WhiteHorse,2025-04-08,3.0,3.0,3.0,3.0,3.0,3.0
6890,Special Effects Artists and Animators,"Develop briefings, brochures, multimedia presentations, web pages, promotional products, technical illustrations, and computer artwork for use in products, technical manuals, literature, newsletters, and slide shows.",WhiteHorse,2025-04-08,3.0,3.0,3.0,3.0,3.0,3.0
3967,Technical Writers,Maintain records and files of work and revisions.,WhiteHorse,2025-04-08,3.0,3.0,3.0,3.0,3.0,3.0
1778,Editors,"Allocate print space for story text, photos, and illustrations according to space parameters and copy significance, using knowledge of layout principles.",WhiteHorse,2025-04-08,3.0,3.0,3.0,3.0,3.0,3.0
19974,Industrial Ecologists,Identify sustainable alternatives to industrial or waste-management practices.,WhiteHorse,2025-04-08,3.0,3.0,3.0,3.0,3.0,3.0
7619,"Administrative Law Judges, Adjudicators, and Hearing Officers","Research and analyze laws, regulations, policies, and precedent decisions to prepare for hearings and to determine conclusions.",WhiteHorse,2025-04-08,3.0,3.0,3.0,3.0,3.0,3.0
20243,Technical Writers,Develop or maintain online help documentation.,WhiteHorse,2025-04-08,3.0,3.0,3.0,3.0,3.0,3.0
18296,Precision Agriculture Technicians,"Draw or read maps, such as soil, contour, or plat maps.",WhiteHorse,2025-04-08,3.0,3.0,3.0,3.0,3.0,4.0
1764,Public Relations Specialists,Respond to requests for information from the media or designate an appropriate spokesperson or information source.,WhiteHorse,2025-04-08,3.0,3.0,3.0,3.0,3.0,3.0
303,Graphic Designers,"Draw and print charts, graphs, illustrations, and other artwork, using computer.",WhiteHorse,2025-04-08,3.0,4.0,4.0,3.0,3.0,4.0
3896,Media Technical Directors/Managers,Monitor broadcasts to ensure that programs conform to station or network policies and regulations.,WhiteHorse,2025-04-08,3.0,3.0,3.0,3.0,3.0,3.0
20242,Art Directors,"Research current trends and new technology, such as printing production techniques, computer software, and design trends.",WhiteHorse,2025-04-08,3.0,4.0,3.0,3.0,3.0,3.0
232,Urban and Regional Planners,Review and evaluate environmental impact reports pertaining to private or public planning projects or programs.,WhiteHorse,2025-04-08,4.0,4.0,3.0,3.0,3.0,4.0
309,Graphic Designers,"Study illustrations and photographs to plan presentation of materials, products, or services.",WhiteHorse,2025-04-08,3.0,3.0,3.0,3.0,3.0,3.0
18293,Precision Agriculture Technicians,"Analyze remote sensing imagery to identify relationships between soil quality, crop canopy densities, light reflectance, and weather history.",WhiteHorse,2025-04-08,3.0,3.0,3.0,3.0,3.0,3.0
22540,Producers and Directors,"Develop marketing plans for finished products, collaborating with sales associates to supervise product distribution.",WhiteHorse,2025-04-08,3.0,3.0,3.0,3.0,3.0,4.0
18256,Remote Sensing Scientists and Technologists,"Analyze data acquired from aircraft, satellites, or ground-based platforms, using statistical analysis software, image analysis software, or Geographic Information Systems (GIS).",WhiteHorse,2025-04-08,3.0,3.0,3.0,3.0,3.0,3.0
23905,Molecular and Cellular Biologists,"Prepare or review reports, manuscripts, or meeting presentations.",WhiteHorse,2025-04-08,3.0,3.0,3.0,3.0,3.0,3.0
3934,Broadcast Announcers and Radio Disc Jockeys,Operate control consoles.,WhiteHorse,2025-04-08,3.0,3.0,3.0,3.0,3.0,3.0
12960,Social Science Research Assistants,Conduct internet-based and library research.,WhiteHorse,2025-04-08,3.0,3.0,3.0,3.0,3.0,3.0
20875,Precision Agriculture Technicians,"Analyze geospatial data to determine agricultural implications of factors such as soil quality, terrain, field productivity, fertilizers, or weather conditions.",WhiteHorse,2025-04-08,3.0,3.0,3.0,3.0,3.0,3.0
5663,"Business Teachers, Postsecondary","Evaluate and grade students' class work, assignments, and papers.",WhiteHorse,2025-04-08,3.0,3.0,3.0,3.0,3.0,3.0
5709,"Mathematical Science Teachers, Postsecondary","Evaluate and grade students' class work, assignments, and papers.",WhiteHorse,2025-04-08,3.0,3.0,3.0,3.0,3.0,3.0
5851,"Atmospheric, Earth, Marine, and Space Sciences Teachers, Postsecondary","Evaluate and grade students' class work, assignments, and papers.",WhiteHorse,2025-04-08,3.0,3.0,3.0,3.0,3.0,3.0
5986,"Economics Teachers, Postsecondary","Evaluate and grade students' class work, assignments, and papers.",WhiteHorse,2025-04-08,3.0,3.0,3.0,3.0,3.0,3.0
6007,"Geography Teachers, Postsecondary","Evaluate and grade students' class work, assignments, and papers.",WhiteHorse,2025-04-08,3.0,3.0,3.0,3.0,3.0,3.0
6033,"Political Science Teachers, Postsecondary","Evaluate and grade students' class work, assignments, and papers.",WhiteHorse,2025-04-08,3.0,3.0,3.0,3.0,3.0,3.0
6151,"Education Teachers, Postsecondary","Evaluate and grade students' class work, assignments, and papers.",WhiteHorse,2025-04-08,3.0,3.0,3.0,3.0,3.0,3.0
6173,"Library Science Teachers, Postsecondary","Evaluate and grade students' class work, assignments, and papers.",WhiteHorse,2025-04-08,3.0,3.0,3.0,3.0,3.0,3.0
6288,"Communications Teachers, Postsecondary","Evaluate and grade students' class work, assignments, and papers.",WhiteHorse,2025-04-08,3.0,3.0,3.0,3.0,3.0,3.0
6896,Commercial and Industrial Designers,"Prepare sketches of ideas, detailed drawings, illustrations, artwork, or blueprints, using drafting instruments, paints and brushes, or computer-aided design equipment.",WhiteHorse,2025-04-08,3.0,3.0,3.0,3.0,3.0,3.0
18516,Library Technicians,Claim missing issues of periodicals and journals.,WhiteHorse,2025-04-08,3.0,3.0,3.0,3.0,3.0,3.0
1707,Library Technicians,Send out notices about lost or overdue books.,WhiteHorse,2025-04-08,3.0,3.0,3.0,3.0,3.0,3.0
20979,Transportation Planners,Prepare necessary documents to obtain planned project approvals or permits.,WhiteHorse,2025-04-08,3.0,3.0,3.0,3.0,3.0,3.0
3900,Media Technical Directors/Managers,Schedule use of studio and editing facilities for producers and engineering and maintenance staff.,WhiteHorse,2025-04-08,3.0,3.0,3.0,3.0,3.0,3.0
9235,"Title Examiners, Abstractors, and Searchers",Prepare reports describing any title encumbrances encountered during searching activities and outlining actions needed to clear titles.,WhiteHorse,2025-04-08,3.0,3.0,3.0,3.0,3.0,3.0
1705,Library Technicians,"Verify bibliographical data for materials, including author, title, publisher, publication date, and edition.",WhiteHorse,2025-04-08,3.0,3.0,3.0,3.0,3.0,3.0
1787,Editors,"Monitor news-gathering operations to ensure utilization of all news sources, such as press releases, telephone contacts, radio, television, wire services, and other reporters.",WhiteHorse,2025-04-08,3.0,3.0,3.0,3.0,3.0,3.0
22528,Producers and Directors,"Compile scripts, program notes, and other material related to productions.",WhiteHorse,2025-04-08,3.0,3.0,3.0,3.0,3.0,3.0
12952,Social Science Research Assistants,"Prepare, manipulate, and manage extensive databases.",WhiteHorse,2025-04-08,3.0,4.0,3.0,3.0,3.0,3.0
20525,Urban and Regional Planners,Investigate property availability for purposes of development.,WhiteHorse,2025-04-08,3.0,3.0,3.0,3.0,3.0,3.0
3979,Technical Writers,Draw sketches to illustrate specified materials or assembly sequence.,WhiteHorse,2025-04-08,3.0,3.0,3.0,3.0,3.0,3.0
1783,Editors,"Oversee publication production, including artwork, layout, computer typesetting, and printing, ensuring adherence to deadlines and budget requirements.",WhiteHorse,2025-04-08,3.0,3.0,3.0,3.0,3.0,3.0
1688,Library Technicians,"Reserve, circulate, renew, and discharge books and other materials.",WhiteHorse,2025-04-08,3.0,3.0,3.0,3.0,3.0,3.0
298,Art Directors,Prepare detailed storyboards showing sequence and timing of story development for television production.,WhiteHorse,2025-04-08,3.0,3.0,3.0,3.0,3.0,3.0
16788,Bioinformatics Scientists,Create or modify web-based bioinformatics tools.,WhiteHorse,2025-04-08,3.0,3.0,3.0,3.0,3.0,3.0
6885,Special Effects Artists and Animators,"Assemble, typeset, scan, and produce digital camera-ready art or film negatives and printer's proofs.",WhiteHorse,2025-04-08,3.0,3.0,3.0,3.0,3.0,3.0
12958,Social Science Research Assistants,Edit and submit protocols and other required research documentation.,WhiteHorse,2025-04-08,3.0,3.0,3.0,3.0,3.0,3.0
9238,"Title Examiners, Abstractors, and Searchers",Enter into record-keeping systems appropriate data needed to create new title records or to update existing ones.,WhiteHorse,2025-04-08,3.0,3.0,3.0,3.0,3.0,3.0
7663,Media Programming Directors,"Monitor and review programming to ensure that schedules are met, guidelines are adhered to, and performances are of adequate quality.",WhiteHorse,2025-04-08,3.0,3.0,3.0,3.0,3.0,3.0
16993,Remote Sensing Technicians,Develop or maintain geospatial information databases.,WhiteHorse,2025-04-08,3.0,3.0,3.0,3.0,3.0,3.0
3975,Technical Writers,"Arrange for typing, duplication, and distribution of material.",WhiteHorse,2025-04-08,3.0,3.0,3.0,3.0,3.0,3.0
19060,Judicial Law Clerks,"Prepare periodic reports on court proceedings, as required.",WhiteHorse,2025-04-08,3.0,3.0,3.0,3.0,3.0,3.0
22652,"News Analysts, Reporters, and Journalists","Write columns, editorials, commentaries, or reviews that interpret events or offer opinions.",WhiteHorse,2025-04-08,3.0,3.0,3.0,3.0,3.0,3.0
22110,Surveying and Mapping Technicians,Identify and compile database information to create requested maps.,WhiteHorse,2025-04-08,3.0,3.0,3.0,3.0,3.0,3.0
22535,Producers and Directors,Cut and edit film or tape to integrate component parts into desired sequences.,WhiteHorse,2025-04-08,3.0,3.0,3.0,3.0,3.0,3.0
22514,Producers and Directors,Write and edit news stories from information collected by reporters and other sources.,WhiteHorse,2025-04-08,3.0,3.0,3.0,3.0,3.0,3.0
229,Urban and Regional Planners,"Keep informed about economic or legal issues involved in zoning codes, building codes, or environmental regulations.",WhiteHorse,2025-04-08,3.0,3.0,3.0,3.0,3.0,3.0
22537,Producers and Directors,Review film daily to check on work in progress and to plan for future filming.,WhiteHorse,2025-04-08,3.0,3.0,3.0,3.0,3.0,3.0
7675,Media Programming Directors,Prepare copy and edit tape so that material is ready for broadcasting.,WhiteHorse,2025-04-08,3.0,3.0,3.0,3.0,3.0,3.0
3978,Technical Writers,"Review manufacturer's and trade catalogs, drawings and other data relative to operation, maintenance, and service of equipment.",WhiteHorse,2025-04-08,3.0,3.0,3.0,3.0,3.0,3.0
20889,Broadcast Announcers and Radio Disc Jockeys,Write and edit video and scripts for broadcasts.,WhiteHorse,2025-04-08,3.0,3.0,3.0,3.0,3.0,3.0
22114,Surveying and Mapping Technicians,"Research and combine existing property information to describe property boundaries in relation to adjacent properties, taking into account parcel splits, combinations, or land boundary adjustments.",WhiteHorse,2025-04-08,3.0,3.0,3.0,3.0,3.0,3.0
22648,"News Analysts, Reporters, and Journalists","Develop ideas or material for columns or commentaries by analyzing and interpreting news, current issues, or personal experiences.",WhiteHorse,2025-04-08,3.0,3.0,3.0,3.0,3.0,3.0
22641,"News Analysts, Reporters, and Journalists","Transmit news stories or reporting information from remote locations, using equipment such as satellite phones, telephones, fax machines, or modems.",WhiteHorse,2025-04-08,3.0,3.0,3.0,3.0,3.0,3.0
16976,Quality Control Analysts,Evaluate analytical methods and procedures to determine how they might be improved.,WhiteHorse,2025-04-08,3.0,3.0,3.0,3.0,3.0,3.0
1700,Library Technicians,Retrieve information from central databases for storage in a library's computer.,WhiteHorse,2025-04-08,3.0,3.0,3.0,3.0,3.0,3.0
22111,Surveying and Mapping Technicians,"Operate and manage land-information computer systems, performing tasks such as storing data, making inquiries, and producing plots and reports.",WhiteHorse,2025-04-08,3.0,3.0,3.0,3.0,3.0,3.0
20206,Atmospheric and Space Scientists,"Prepare weather reports or maps for analysis, distribution, or use in weather broadcasts, using computer graphics.",WhiteHorse,2025-04-08,3.0,3.0,3.0,3.0,3.0,3.0
22523,Producers and Directors,"Review film, recordings, or rehearsals to ensure conformance to production and broadcast standards.",WhiteHorse,2025-04-08,3.0,2.0,2.0,3.0,3.0,3.0
16997,Remote Sensing Technicians,"Adjust remotely sensed images for optimum presentation by using software to select image displays, define image set categories, or choose processing routines.",WhiteHorse,2025-04-08,3.0,3.0,3.0,3.0,3.0,3.0
9243,"Title Examiners, Abstractors, and Searchers",Retrieve and examine real estate closing files for accuracy and to ensure that information included is recorded and executed according to regulations.,WhiteHorse,2025-04-08,3.0,3.0,3.0,3.0,3.0,3.0
6884,Special Effects Artists and Animators,"Make objects or characters appear lifelike by manipulating light, color, texture, shadow, and transparency, or manipulating static images to give the illusion of motion.",WhiteHorse,2025-04-08,3.0,3.0,3.0,3.0,3.0,3.0
1791,Editors,"Select local, state, national, and international news items received from wire services, based on assessment of items' significance and interest value.",WhiteHorse,2025-04-08,3.0,3.0,3.0,3.0,3.0,3.0
7666,Media Programming Directors,Establish work schedules and assign work to staff members.,WhiteHorse,2025-04-08,2.0,2.0,2.0,2.0,2.0,3.0
22623,"News Analysts, Reporters, and Journalists","Write commentaries, columns, or scripts, using computers.",WhiteHorse,2025-04-08,3.0,2.0,2.0,3.0,4.0,4.0
7662,Media Programming Directors,"Plan and schedule programming and event coverage, based on broadcast length, time availability, and other factors, such as community needs, ratings data, and viewer demographics.",WhiteHorse,2025-04-08,2.0,4.0,4.0,4.0,4.0,3.0
20888,Broadcast Announcers and Radio Disc Jockeys,Develop story lines for broadcasts.,WhiteHorse,2025-04-08,3.0,2.0,3.0,4.0,5.0,4.0
22519,Producers and Directors,Study and research scripts to determine how they should be directed.,WhiteHorse,2025-04-08,2.0,2.0,5.0,5.0,5.0,5.0
1782,Editors,"Develop story or content ideas, considering reader or audience appeal.",WhiteHorse,2025-04-08,3.0,1.0,2.0,4.0,3.0,4.0
18282,Precision Agriculture Technicians,"Identify spatial coordinates, using remote sensing and Global Positioning System (GPS) data.",WhiteHorse,2025-04-08,3.0,4.0,3.0,5.0,2.0,4.0
20524,Urban and Regional Planners,Assess the feasibility of land use proposals and identify necessary changes.,WhiteHorse,2025-04-08,2.0,2.0,4.0,5.0,4.0,4.0
5666,"Business Teachers, Postsecondary","Maintain student attendance records, grades, and other required records.",WhiteHorse,2025-04-08,4.0,1.0,2.0,2.0,2.0,3.0
5686,"Computer Science Teachers, Postsecondary","Maintain student attendance records, grades, and other required records.",WhiteHorse,2025-04-08,4.0,1.0,2.0,2.0,2.0,3.0
5713,"Mathematical Science Teachers, Postsecondary","Maintain student attendance records, grades, and other required records.",WhiteHorse,2025-04-08,4.0,1.0,2.0,2.0,2.0,3.0
5737,"Architecture Teachers, Postsecondary","Maintain student attendance records, grades, and other required records.",WhiteHorse,2025-04-08,4.0,1.0,2.0,2.0,2.0,3.0
5766,"Engineering Teachers, Postsecondary","Maintain student attendance records, grades, and other required records.",WhiteHorse,2025-04-08,4.0,1.0,2.0,2.0,2.0,3.0
5859,"Atmospheric, Earth, Marine, and Space Sciences Teachers, Postsecondary","Maintain student attendance records, grades, and other required records.",WhiteHorse,2025-04-08,4.0,1.0,2.0,2.0,2.0,3.0
5904,"Environmental Science Teachers, Postsecondary","Maintain student attendance records, grades, and other required records.",WhiteHorse,2025-04-08,4.0,1.0,2.0,2.0,2.0,3.0
5918,"Physics Teachers, Postsecondary","Maintain student attendance records, grades, and other required records.",WhiteHorse,2025-04-08,4.0,1.0,2.0,2.0,2.0,3.0
5989,"Economics Teachers, Postsecondary","Maintain student attendance records, grades, and other required records.",WhiteHorse,2025-04-08,4.0,1.0,2.0,2.0,2.0,3.0
6010,"Geography Teachers, Postsecondary","Maintain student attendance records, grades, and other required records.",WhiteHorse,2025-04-08,4.0,1.0,2.0,2.0,2.0,3.0
6038,"Political Science Teachers, Postsecondary","Maintain student attendance records, grades, and other required records.",WhiteHorse,2025-04-08,4.0,1.0,2.0,2.0,2.0,3.0
6157,"Education Teachers, Postsecondary","Maintain student attendance records, grades, and other required records.",WhiteHorse,2025-04-08,4.0,1.0,2.0,2.0,2.0,3.0
6178,"Library Science Teachers, Postsecondary","Maintain student attendance records, grades, and other required records.",WhiteHorse,2025-04-08,4.0,1.0,2.0,2.0,2.0,3.0
6227,"Law Teachers, Postsecondary","Maintain student attendance records, grades, and other required records.",WhiteHorse,2025-04-08,4.0,1.0,2.0,2.0,2.0,3.0
6293,"Communications Teachers, Postsecondary","Maintain student attendance records, grades, and other required records.",WhiteHorse,2025-04-08,4.0,1.0,2.0,2.0,2.0,3.0
7557,Survey Researchers,Direct updates and changes in survey implementation and methods.,WhiteHorse,2025-04-08,3.0,1.0,3.0,4.0,3.0,4.0
22522,Producers and Directors,"Research production topics using the internet, video archives, and other informational sources.",WhiteHorse,2025-04-08,3.0,1.0,3.0,4.0,2.0,4.0
288,Art Directors,Present final layouts to clients for approval.,WhiteHorse,2025-04-08,2.0,1.0,3.0,4.0,5.0,4.0
3897,Media Technical Directors/Managers,Observe pictures through monitors and direct camera and video staff concerning shading and composition.,WhiteHorse,2025-04-08,2.0,3.0,4.0,5.0,4.0,4.0
308,Graphic Designers,"Prepare illustrations or rough sketches of material, discussing them with clients or supervisors and making necessary changes.",WhiteHorse,2025-04-08,3.0,1.0,2.0,4.0,3.0,5.0
22410,Librarians and Media Collections Specialists,"Keep up-to-date records of circulation and materials, maintain inventory, and correct cataloging errors.",WhiteHorse,2025-04-08,3.0,2.0,2.0,4.0,3.0,5.0
1786,Editors,"Read, evaluate and edit manuscripts or other materials submitted for publication, and confer with authors regarding changes in content, style or organization, or publication.",WhiteHorse,2025-04-08,3.0,1.0,2.0,4.0,3.0,5.0
16809,Molecular and Cellular Biologists,Evaluate new technologies to enhance or complement current research.,WhiteHorse,2025-04-08,2.0,4.0,4.0,5.0,3.0,5.0
16966,Quality Control Analysts,Supply quality control data necessary for regulatory submissions.,WhiteHorse,2025-04-08,3.0,4.0,3.0,4.0,2.0,5.0
6888,Special Effects Artists and Animators,"Create basic designs, drawings, and illustrations for product labels, cartons, direct mail, or television.",WhiteHorse,2025-04-08,3.0,1.0,2.0,5.0,3.0,5.0
7673,Media Programming Directors,"Monitor network transmissions for advisories concerning daily program schedules, program content, special feeds, or program changes.",WhiteHorse,2025-04-08,2.0,1.0,4.0,5.0,4.0,4.0
16943,Transportation Planners,Prepare reports or recommendations on transportation planning.,WhiteHorse,2025-04-08,3.0,2.0,4.0,5.0,4.0,4.0
7618,"Administrative Law Judges, Adjudicators, and Hearing Officers","Review and evaluate data on documents, such as claim applications, birth or death certificates, or physician or employer records.",WhiteHorse,2025-04-08,2.0,2.0,5.0,5.0,4.0,4.0
1769,Public Relations Specialists,"Study the objectives, promotional policies, or needs of organizations to develop public relations strategies that will influence public opinion or promote ideas, products, or services.",WhiteHorse,2025-04-08,3.0,2.0,4.0,4.0,5.0,4.0
23193,"Securities, Commodities, and Financial Services Sales Agents",Monitor markets or positions.,450_b,2025-04-22,4.0,1.0,5.0,5.0,1.0,2.0
22640,"News Analysts, Reporters, and Journalists","Determine a published or broadcasted story's emphasis, length, and format, organizing material accordingly.",WhiteHorse,2025-04-08,3.0,3.0,4.0,4.0,5.0,4.0
22427,Librarians and Media Collections Specialists,"Compile lists of books, periodicals, articles, and audio-visual materials on particular subjects.",WhiteHorse,2025-04-08,3.0,3.0,2.0,4.0,4.0,4.0
22651,"News Analysts, Reporters, and Journalists",Assign stories to other reporters or duties to production staff.,WhiteHorse,2025-04-08,2.0,1.0,4.0,5.0,5.0,4.0
16814,Molecular and Cellular Biologists,Compile and analyze molecular or cellular experimental data and adjust experimental designs as necessary.,WhiteHorse,2025-04-08,2.0,4.0,4.0,5.0,3.0,4.0
16964,Quality Control Analysts,"Write technical reports or documentation, such as deviation reports, testing protocols, and trend analyses.",WhiteHorse,2025-04-08,2.0,3.0,4.0,4.0,3.0,4.0
19777,Urban and Regional Planners,Evaluate proposals for infrastructure projects or other development for environmental impact or sustainability.,WhiteHorse,2025-04-08,2.0,2.0,4.0,5.0,4.0,5.0
22120,Surveying and Mapping Technicians,"Answer questions and provide information to the public or to staff members regarding assessment maps, surveys, boundaries, easements, property ownership, roads, zoning, or similar matters.",WhiteHorse,2025-04-08,2.0,4.0,2.0,4.0,3.0,4.0
7549,Survey Researchers,Conduct research to gather information about survey topics.,WhiteHorse,2025-04-08,3.0,1.0,3.0,4.0,3.0,4.0
3936,Broadcast Announcers and Radio Disc Jockeys,"Keep daily program logs to provide information on all elements aired during broadcast, such as musical selections and station promotions.",WhiteHorse,2025-04-08,3.0,2.0,2.0,4.0,4.0,4.0
9231,"Title Examiners, Abstractors, and Searchers","Examine documentation such as mortgages, liens, judgments, easements, plat books, maps, contracts, and agreements to verify factors such as properties' legal descriptions, ownership, or restrictions.",WhiteHorse,2025-04-08,2.0,1.0,3.0,5.0,2.0,4.0
5511,Geographers,"Study the economic, political, and cultural characteristics of a specific region's population.",WhiteHorse,2025-04-08,3.0,2.0,3.0,5.0,3.0,4.0
19050,Judicial Law Clerks,"Prepare briefs, legal memoranda, or statements of issues involved in cases, including appropriate suggestions or recommendations.",WhiteHorse,2025-04-08,2.0,1.0,4.0,5.0,3.0,4.0
20208,Atmospheric and Space Scientists,Develop or use mathematical or computer models for weather forecasting.,WhiteHorse,2025-04-08,3.0,1.0,4.0,5.0,3.0,4.0
301,Graphic Designers,Use computer software to generate new images.,WhiteHorse,2025-04-08,3.0,1.0,2.0,4.0,3.0,4.0
19057,Judicial Law Clerks,"Enter information into computerized court calendar, filing, or case management systems.",WhiteHorse,2025-04-08,3.0,1.0,2.0,3.0,2.0,4.0
16991,Remote Sensing Technicians,Integrate remotely sensed data with other geospatial data.,WhiteHorse,2025-04-08,3.0,1.0,3.0,4.0,2.0,4.0
22533,Producers and Directors,Compose and edit scripts or provide screenwriters with story outlines from which scripts can be written.,WhiteHorse,2025-04-08,2.0,1.0,4.0,5.0,4.0,5.0
22417,Librarians and Media Collections Specialists,"Respond to customer complaints, taking action as necessary.",WhiteHorse,2025-04-08,2.0,2.0,2.0,3.0,5.0,4.0
22539,Producers and Directors,Write and submit proposals to bid on contracts for projects.,WhiteHorse,2025-04-08,2.0,1.0,4.0,5.0,3.0,4.0
18289,Precision Agriculture Technicians,"Create, layer, and analyze maps showing precision agricultural data, such as crop yields, soil characteristics, input applications, terrain, drainage patterns, or field management history.",WhiteHorse,2025-04-08,3.0,2.0,3.0,4.0,2.0,4.0
9070,Atmospheric and Space Scientists,"Prepare forecasts or briefings to meet the needs of industry, business, government, or other groups.",WhiteHorse,2025-04-08,3.0,1.0,5.0,5.0,3.0,4.0
302,Graphic Designers,"Mark up, paste, and assemble final layouts to prepare layouts for printer.",WhiteHorse,2025-04-08,3.0,1.0,2.0,4.0,2.0,3.0
3925,Broadcast Announcers and Radio Disc Jockeys,Read news flashes to inform audiences of important events.,WhiteHorse,2025-04-08,3.0,2.0,3.0,4.0,3.0,4.0
23951,Public Relations Specialists,Post and update content on the company's Web site and social media outlets.,WhiteHorse,2025-04-08,3.0,1.0,3.0,4.0,3.0,4.0
20210,Atmospheric and Space Scientists,"Conduct meteorological research into the processes or determinants of atmospheric phenomena, weather, or climate.",WhiteHorse,2025-04-08,2.0,2.0,4.0,5.0,3.0,4.0
19976,Industrial Ecologists,Perform environmentally extended input-output (EE I-O) analyses.,WhiteHorse,2025-04-08,2.0,1.0,4.0,5.0,3.0,4.0
1718,Library Technicians,Compile bibliographies and prepare abstracts on subjects of interest to particular organizations or groups.,WhiteHorse,2025-04-08,3.0,1.0,2.0,3.0,2.0,3.0
22112,Surveying and Mapping Technicians,Compare survey computations with applicable standards to determine adequacy of data.,WhiteHorse,2025-04-08,3.0,2.0,3.0,4.0,2.0,3.0
3971,Technical Writers,"Select photographs, drawings, sketches, diagrams, and charts to illustrate material.",WhiteHorse,2025-04-08,3.0,1.0,2.0,4.0,3.0,4.0
16849,Climate Change Policy Analysts,"Provide analytical support for policy briefs related to renewable energy, energy efficiency, or climate change.",WhiteHorse,2025-04-08,2.0,1.0,4.0,5.0,3.0,4.0
22107,Surveying and Mapping Technicians,"Produce or update overlay maps to show information boundaries, water locations, or topographic features on various base maps or at different scales.",WhiteHorse,2025-04-08,3.0,2.0,2.0,4.0,2.0,4.0
22529,Producers and Directors,"Perform administrative duties, such as preparing operational reports, distributing rehearsal call sheets and script copies, and arranging for rehearsal quarters.",WhiteHorse,2025-04-08,3.0,2.0,3.0,3.0,4.0,4.0
19051,Judicial Law Clerks,"Research laws, court decisions, documents, opinions, briefs, or other information related to cases before the court.",WhiteHorse,2025-04-08,2.0,1.0,4.0,5.0,3.0,4.0
9241,"Title Examiners, Abstractors, and Searchers","Prepare and issue title commitments and title insurance policies, based on information compiled from title searches.",WhiteHorse,2025-04-08,3.0,1.0,3.0,5.0,2.0,4.0
20523,Urban and Regional Planners,Determine the effects of regulatory limitations on land use projects.,WhiteHorse,2025-04-08,2.0,1.0,4.0,5.0,4.0,3.0
22430,Librarians and Media Collections Specialists,Arrange for interlibrary loans of materials not available in a particular library.,WhiteHorse,2025-04-08,3.0,2.0,2.0,4.0,4.0,4.0
18518,Library Technicians,Compile data and create statistical reports on library usage.,WhiteHorse,2025-04-08,4.0,2.0,1.0,2.0,2.0,3.0
20010,Logistics Analysts,"Reorganize shipping schedules to consolidate loads, maximize vehicle usage, or limit the movement of empty vehicles or containers.",RedTiger,2025-04-09,3.0,3.0,4.0,4.0,3.0,3.0
15691,Supply Chain Managers,"Document physical supply chain processes, such as workflows, cycle times, position responsibilities, or system flows.",RedTiger,2025-04-09,2.0,4.0,3.0,3.0,4.0,4.0
15474,Biomass Power Plant Managers,"Plan and schedule plant activities, such as wood, waste, or refuse fuel deliveries, ash removal, and regular maintenance.",RedTiger,2025-04-09,2.0,4.0,4.0,4.0,4.0,4.0
11368,"Production, Planning, and Expediting Clerks",Requisition and maintain inventories of materials or supplies necessary to meet production demands.,TealGiraffe,2025-04-09,3.0,2.0,1.0,3.0,1.0,2.0
2776,Executive Secretaries and Executive Administrative Assistants,Prepare responses to correspondence containing routine inquiries.,TealGiraffe,2025-04-09,4.0,1.0,2.0,2.0,1.0,2.0
2732,"Dispatchers, Except Police, Fire, and Ambulance","Determine types or amounts of equipment, vehicles, materials, or personnel required, according to work orders or specifications.",TealGiraffe,2025-04-09,2.0,2.0,2.0,3.0,2.0,3.0
2773,Executive Secretaries and Executive Administrative Assistants,"Open, sort, and distribute incoming correspondence, including faxes and email.",TealGiraffe,2025-04-09,3.0,2.0,2.0,2.0,2.0,2.0
11371,"Production, Planning, and Expediting Clerks","Compile information, such as production rates and progress, materials inventories, materials used, or customer information, so that status reports can be completed.",TealGiraffe,2025-04-09,2.0,2.0,2.0,3.0,3.0,3.0
2710,Public Safety Telecommunicators,"Relay information and messages to and from emergency sites, to law enforcement agencies, and to all other individuals or groups requiring notification.",TealGiraffe,2025-04-09,2.0,2.0,4.0,3.0,3.0,3.0
11380,"Weighers, Measurers, Checkers, and Samplers, Recordkeeping","Document quantity, quality, type, weight, test result data, and value of materials or products to maintain shipping, receiving, and production records and files.",TealGiraffe,2025-04-09,3.0,2.0,1.0,3.0,2.0,2.0
11381,"Weighers, Measurers, Checkers, and Samplers, Recordkeeping","Compare product labels, tags, or tickets, shipping manifests, purchase orders, and bills of lading to verify accuracy of shipment contents, quality specifications, or weights.",TealGiraffe,2025-04-09,3.0,3.0,2.0,3.0,2.0,3.0
2771,Executive Secretaries and Executive Administrative Assistants,"Prepare invoices, reports, memos, letters, financial statements, and other documents, using word processing, spreadsheet, database, or presentation software.",TealGiraffe,2025-04-09,4.0,1.0,1.0,2.0,1.0,2.0
2772,Executive Secretaries and Executive Administrative Assistants,"Read and analyze incoming memos, submissions, and reports to determine their significance and plan their distribution.",TealGiraffe,2025-04-09,2.0,2.0,2.0,3.0,2.0,3.0
2774,Executive Secretaries and Executive Administrative Assistants,"File and retrieve corporate documents, records, and reports.",TealGiraffe,2025-04-09,3.0,1.0,2.0,3.0,2.0,3.0
2713,Public Safety Telecommunicators,Observe alarm registers and scan maps to determine whether a specific emergency is in the dispatch service area.,TealGiraffe,2025-04-09,2.0,2.0,5.0,4.0,4.0,4.0
18577,Executive Secretaries and Executive Administrative Assistants,Provide clerical support to other departments.,TealGiraffe,2025-04-09,2.0,3.0,3.0,3.0,3.0,3.0
2720,Public Safety Telecommunicators,"Monitor alarm systems to detect emergencies, such as fires and illegal entry into establishments.",TealGiraffe,2025-04-09,2.0,2.0,5.0,4.0,4.0,3.0
2730,"Dispatchers, Except Police, Fire, and Ambulance",Monitor personnel or equipment locations and utilization to coordinate service and schedules.,TealGiraffe,2025-04-09,2.0,2.0,3.0,3.0,2.0,3.0
2718,Public Safety Telecommunicators,"Answer routine inquiries, and refer calls not requiring dispatches to appropriate departments and agencies.",TealGiraffe,2025-04-09,2.0,2.0,2.0,3.0,3.0,3.0
2715,Public Safety Telecommunicators,"Monitor various radio frequencies, such as those used by public works departments, school security, and civil defense, to stay apprised of developing situations.",TealGiraffe,2025-04-09,2.0,4.0,3.0,4.0,3.0,4.0
19601,Aerospace Engineers,"Design new or modify existing aerospace systems to reduce polluting emissions, such as nitrogen oxide, carbon monoxide, or smoke emissions.",PurpleBear,2025-04-10,2.0,4.0,3.0,4.0,3.0,5.0
19607,Civil Engineers,Design energy-efficient or environmentally sound civil structures.,PurpleBear,2025-04-10,4.0,1.0,3.0,4.0,2.0,3.0
20854,"Energy Engineers, Except Wind and Solar",Identify and recommend energy savings strategies to achieve more energy-efficient operation.,PurpleBear,2025-04-11,3.0,2.0,3.0,3.0,2.0,3.0
21985,Electrical and Electronic Engineering Technologists and Technicians,"Select electronics equipment, components, or systems to meet functional specifications.",PurpleBear,2025-04-11,3.0,2.0,3.0,3.0,3.0,3.0
21937,Architectural and Civil Drafters,Prepare colored drawings of landscape and interior designs for presentation to client.,PurpleBear,2025-04-11,4.0,1.0,2.0,3.0,3.0,2.0
16517,Robotics Engineers,Process or interpret signals or sensor data.,PurpleBear,2025-04-11,4.0,2.0,2.0,3.0,1.0,2.0
21968,Electrical and Electronics Drafters,Plot electrical test points on layout sheets and draw schematics for wiring test fixture heads to frames.,PurpleBear,2025-04-11,4.0,1.0,2.0,3.0,2.0,2.0
1460,Mechanical Drafters,"Shade or color drawings to clarify and emphasize details and dimensions or eliminate background, using ink, crayon, airbrush, and overlays.",PurpleBear,2025-04-11,4.0,3.0,1.0,2.0,1.0,3.0
21918,Architectural and Civil Drafters,"Draft plans and detailed drawings for structures, installations, and construction projects, such as highways, sewage disposal systems, and dikes, working from sketches or notes.",PurpleBear,2025-04-11,3.0,2.0,3.0,3.0,2.0,3.0
16407,Fuel Cell Engineers,Provide technical consultation or direction related to the development or production of fuel cell systems.,PurpleBear,2025-04-11,3.0,1.0,2.0,4.0,5.0,3.0
1476,Mechanical Engineering Technologists and Technicians,"Review project instructions and blueprints to ascertain test specifications, procedures, and objectives, and test nature of technical problems such as redesign.",PurpleBear,2025-04-11,4.0,2.0,2.0,3.0,4.0,2.0
16481,Mechatronics Engineers,"Design mechatronics components for computer-controlled products, such as cameras, video recorders, automobiles, or airplanes.",PurpleBear,2025-04-11,3.0,4.0,3.0,4.0,4.0,4.0
22083,Mechanical Engineering Technologists and Technicians,"Prepare equipment inspection schedules, reliability schedules, work plans, or other records.",PurpleBear,2025-04-11,3.0,1.0,2.0,2.0,5.0,2.0
16514,Robotics Engineers,"Document robotic application development, maintenance, or changes.",PurpleBear,2025-04-11,3.0,2.0,1.0,2.0,2.0,2.0
18139,Validation Engineers,Resolve testing problems by modifying testing methods or revising test objectives and standards.,PurpleBear,2025-04-11,3.0,2.0,3.0,3.0,3.0,4.0
21961,Electrical and Electronics Drafters,Key and program specified commands and engineering specifications into computer system to change functions and test final layout.,PurpleBear,2025-04-11,3.0,3.0,2.0,2.0,1.0,3.0
2520,Payroll and Timekeeping Clerks,"Record employee information, such as exemptions, transfers, and resignations, to maintain and update payroll records.",BrownFox,2025-04-15,4.0,2.0,2.0,3.0,5.0,2.0
2578,Customer Service Representatives,"Keep records of customer interactions or transactions, recording details of inquiries, complaints, or comments, as well as actions taken.",BrownFox,2025-04-15,5.0,1.0,1.0,1.0,3.0,1.0
2491,"Bookkeeping, Accounting, and Auditing Clerks","Calculate, prepare, and issue bills, invoices, account statements, and other financial statements according to established procedures.",BrownFox,2025-04-15,4.0,2.0,2.0,3.0,4.0,2.0
8153,Brokerage Clerks,"Verify ownership and transaction information and dividend distribution instructions to ensure conformance with governmental regulations, using stock records and reports.",BrownFox,2025-04-15,4.0,3.0,3.0,5.0,5.0,3.0
9741,"Eligibility Interviewers, Government Programs","Prepare applications and forms for applicants for such purposes as school enrollment, employment, and medical services.",BrownFox,2025-04-15,4.0,2.0,2.0,4.0,3.0,2.0
4059,Film and Video Editors,Program computerized graphic effects.,BrownFox,2025-04-15,5.0,1.0,1.0,3.0,4.0,2.0
741,Travel Agents,"Plan, describe, arrange, and sell itinerary tour packages and promotional travel incentives offered by various travel carriers.",BrownFox,2025-04-15,5.0,1.0,1.0,1.0,5.0,1.0
2579,Customer Service Representatives,"Resolve customers' service or billing complaints by performing activities such as exchanging merchandise, refunding money, or adjusting bills.",BrownFox,2025-04-15,5.0,1.0,1.0,2.0,5.0,1.0
4626,Telemarketers,Telephone or write letters to respond to correspondence from customers or to follow up initial sales contacts.,BrownFox,2025-04-15,4.0,2.0,2.0,3.0,5.0,2.0
23209,"Securities, Commodities, and Financial Services Sales Agents","Inform other traders, managers, or customers of market conditions, including volume, price, competition, or dynamics.",BrownFox,2025-04-15,5.0,1.0,1.0,4.0,3.0,1.0
2579,Customer Service Representatives,"Resolve customers' service or billing complaints by performing activities such as exchanging merchandise, refunding money, or adjusting bills.",550_b,2025-04-29,1.0,1.0,2.0,3.0,5.0,2.0
9755,Reservation and Transportation Ticket Agents and Travel Clerks,"Inform clients of essential travel information, such as travel times, transportation connections, or medical and visa requirements.",550_b,2025-04-29,5.0,1.0,1.0,2.0,3.0,1.0
12958,Social Science Research Assistants,Edit and submit protocols and other required research documentation.,300,2025-04-29,4.0,2.0,4.0,5.0,3.0,3.0
22420,Librarians and Media Collections Specialists,Locate unusual or unique information in response to specific requests.,300,2025-04-29,3.0,3.0,2.0,4.0,2.0,4.0
19054,Judicial Law Clerks,"Verify that all files, complaints, or other papers are available and in the proper order.",300,2025-04-29,3.0,2.0,4.0,4.0,3.0,5.0
12952,Social Science Research Assistants,"Prepare, manipulate, and manage extensive databases.",300,2025-04-29,3.0,1.0,3.0,4.0,1.0,4.0
2589,Customer Service Representatives,Compare disputed merchandise with original requisitions and information from invoices and prepare invoices for returned goods.,550_b,2025-04-29,5.0,1.0,1.0,2.0,2.0,1.0
2712,Public Safety Telecommunicators,"Maintain access to, and security of, highly sensitive materials.",550_b,2025-04-29,4.0,1.0,2.0,2.0,1.0,2.0
2702,"Human Resources Assistants, Except Payroll and Timekeeping",Provide assistance in administering employee benefit programs and worker's compensation plans.,550_b,2025-04-29,4.0,1.0,2.0,4.0,4.0,1.0
9240,"Title Examiners, Abstractors, and Searchers","Obtain maps or drawings delineating properties from company title plants, county surveyors, or assessors' offices.",300,2025-04-29,2.0,4.0,3.0,3.0,5.0,5.0
9242,"Title Examiners, Abstractors, and Searchers","Summarize pertinent legal or insurance details, or sections of statutes or case law from reference books for use in examinations or as proofs or ready reference.",300,2025-04-29,4.0,1.0,4.0,4.0,1.0,2.0
12972,Social Science Research Assistants,Track laboratory supplies and expenses such as participant reimbursement.,300,2025-04-29,4.0,2.0,3.0,2.0,3.0,3.0
16991,Remote Sensing Technicians,Integrate remotely sensed data with other geospatial data.,300,2025-04-29,2.0,1.0,5.0,5.0,1.0,5.0
22409,Librarians and Media Collections Specialists,"Review and evaluate materials, using book reviews, catalogs, faculty recommendations, and current holdings to select and order print, audio-visual, and electronic resources.",300,2025-04-29,2.0,2.0,3.0,3.0,3.0,3.0
2693,"Human Resources Assistants, Except Payroll and Timekeeping",Gather personnel records from other departments or employees.,550_b,2025-04-29,5.0,1.0,1.0,2.0,1.0,1.0
9758,Reservation and Transportation Ticket Agents and Travel Clerks,Examine passenger documentation to determine destinations and to assign boarding passes.,550_b,2025-04-29,5.0,1.0,2.0,2.0,2.0,1.0
16974,Quality Control Analysts,"Interpret test results, compare them to established specifications and control limits, and make recommendations on appropriateness of data for release.",300,2025-04-29,4.0,1.0,3.0,3.0,2.0,2.0
16993,Remote Sensing Technicians,Develop or maintain geospatial information databases.,300,2025-04-29,2.0,3.0,4.0,4.0,1.0,5.0
1688,Library Technicians,"Reserve, circulate, renew, and discharge books and other materials.",300,2025-04-29,3.0,4.0,2.0,2.0,3.0,2.0
22427,Librarians and Media Collections Specialists,"Compile lists of books, periodicals, articles, and audio-visual materials on particular subjects.",300,2025-04-29,3.0,1.0,2.0,2.0,1.0,3.0
1689,Library Technicians,Enter and update patrons' records on computers.,300,2025-04-29,4.0,2.0,2.0,1.0,3.0,2.0
2643,"Library Assistants, Clerical",Enter and update patrons' records on computers.,300,2025-04-29,4.0,2.0,2.0,1.0,3.0,2.0
22416,Librarians and Media Collections Specialists,"Code, classify, and catalog books, publications, films, audio-visual aids, and other library materials, based on subject matter or standard library classification systems.",300,2025-04-29,3.0,2.0,2.0,2.0,1.0,2.0
9234,"Title Examiners, Abstractors, and Searchers","Examine individual titles to determine if restrictions, such as delinquent taxes, will affect titles and limit property use.",300,2025-04-29,4.0,1.0,3.0,5.0,1.0,2.0
12962,Social Science Research Assistants,Perform data entry and other clerical work as required for project completion.,300,2025-04-29,4.0,3.0,2.0,1.0,1.0,3.0
3641,Environmental Engineering Technologists and Technicians,Maintain project logbook records or computer program files.,400_b,2025-04-29,4.0,4.0,4.0,3.0,1.0,2.0
21981,Electrical and Electronic Engineering Technologists and Technicians,Review electrical engineering plans to ensure adherence to design specifications and compliance with applicable electrical codes and standards.,400_b,2025-04-29,4.0,2.0,3.0,3.0,3.0,2.0
151,Civil Engineers,"Estimate quantities and cost of materials, equipment, or labor to determine project feasibility.",400_b,2025-04-29,3.0,3.0,5.0,4.0,3.0,4.0
2797,"Secretaries and Administrative Assistants, Except Legal, Medical, and Executive","Review work done by others to check for correct spelling and grammar, ensure that company format policies are followed, and recommend revisions.",BlackDeer,2025-04-15,5.0,4.0,5.0,5.0,4.0,5.0
23316,Insurance Claims and Policy Processing Clerks,Transmit claims for payment or further investigation.,BlackDeer,2025-04-15,4.0,5.0,4.0,4.0,3.0,4.0
16516,Robotics Engineers,Create back-ups of robot programs or parameters.,PurpleBear,2025-04-17,3.0,2.0,1.0,2.0,1.0,3.0
21922,Architectural and Civil Drafters,"Lay out and plan interior room arrangements for commercial buildings, using computer-assisted drafting (CAD) equipment and software.",PurpleBear,2025-04-17,3.0,1.0,2.0,2.0,3.0,3.0
1393,Industrial Engineers,"Recommend methods for improving utilization of personnel, material, and utilities.",PurpleBear,2025-04-17,3.0,2.0,3.0,3.0,3.0,3.0
3658,Environmental Engineering Technologists and Technicians,"Develop work plans, including writing specifications or establishing material, manpower, or facilities needs.",PurpleBear,2025-04-17,3.0,1.0,2.0,2.0,3.0,3.0
16439,Automotive Engineers,"Design control systems or algorithms for purposes such as automotive energy management, emissions management, or increased operational safety or performance.",PurpleBear,2025-04-17,2.0,2.0,4.0,4.0,2.0,4.0
1395,Industrial Engineers,"Apply statistical methods and perform mathematical calculations to determine manufacturing processes, staff requirements, and production standards.",PurpleBear,2025-04-17,3.0,1.0,3.0,2.0,2.0,2.0
21051,Validation Engineers,Study product characteristics or customer requirements to determine validation objectives and standards.,PurpleBear,2025-04-17,3.0,1.0,2.0,2.0,2.0,3.0
151,Civil Engineers,"Estimate quantities and cost of materials, equipment, or labor to determine project feasibility.",PurpleBear,2025-04-17,4.0,1.0,2.0,2.0,2.0,2.0
21960,Electrical and Electronics Drafters,Generate computer tapes of final layout design to produce layered photo masks or photo plotting design onto film.,PurpleBear,2025-04-17,4.0,1.0,1.0,3.0,1.0,2.0
3588,Petroleum Engineers,Write technical reports for engineering and management personnel.,PurpleBear,2025-04-17,4.0,1.0,2.0,3.0,3.0,2.0
16433,Automotive Engineers,Conduct automotive design reviews.,PurpleBear,2025-04-17,2.0,2.0,4.0,4.0,3.0,4.0
7391,Computer Hardware Engineers,Update knowledge and skills to keep up with rapid advancements in computer technology.,PurpleBear,2025-04-17,3.0,2.0,2.0,3.0,3.0,3.0
1477,Mechanical Engineering Technologists and Technicians,"Review project instructions and specifications to identify, modify and plan requirements fabrication, assembly and testing.",PurpleBear,2025-04-17,2.0,1.0,2.0,3.0,4.0,3.0
16436,Automotive Engineers,Alter or modify designs to obtain specified functional or operational performance.,PurpleBear,2025-04-17,3.0,2.0,3.0,4.0,3.0,3.0
22078,Mechanical Engineering Technologists and Technicians,"Design specialized or customized equipment, machines, or structures.",PurpleBear,2025-04-17,2.0,4.0,2.0,3.0,2.0,5.0
21981,Electrical and Electronic Engineering Technologists and Technicians,Review electrical engineering plans to ensure adherence to design specifications and compliance with applicable electrical codes and standards.,PurpleBear,2025-04-17,3.0,1.0,4.0,3.0,2.0,2.0
16468,Mechatronics Engineers,Maintain technical project files.,PurpleBear,2025-04-17,3.0,1.0,2.0,2.0,3.0,2.0
1455,Mechanical Drafters,"Lay out and draw schematic, orthographic, or angle views to depict functional relationships of components, assemblies, systems, and machines.",PurpleBear,2025-04-17,2.0,1.0,1.0,2.0,1.0,2.0
18182,Manufacturing Engineers,Prepare reports summarizing information or trends related to manufacturing performance.,PurpleBear,2025-04-17,4.0,2.0,2.0,2.0,3.0,2.0
16353,Radio Frequency Identification Device Specialists,Provide technical support for radio frequency identification device (RFID) technology.,PurpleBear,2025-04-17,3.0,3.0,3.0,3.0,5.0,3.0
16469,Mechatronics Engineers,Analyze existing development or manufacturing procedures and suggest improvements.,PurpleBear,2025-04-17,3.0,2.0,3.0,3.0,5.0,3.0
20735,Mechanical Engineers,"Develop or test models of alternate designs or processing methods to assess feasibility, sustainability, operating condition effects, potential new applications, or necessity of modification.",PurpleBear,2025-04-17,3.0,4.0,2.0,3.0,2.0,3.0
1447,Mechanical Drafters,"Develop detailed design drawings and specifications for mechanical equipment, dies, tools, and controls, using computer-assisted drafting (CAD) equipment.",PurpleBear,2025-04-17,3.0,1.0,1.0,3.0,2.0,2.0
2829,Desktop Publishers,Select number of colors and determine color separations.,650_a,2025-04-18,4.0,1.0,1.0,3.0,3.0,3.0
11280,Correspondence Clerks,"Compose letters in reply to correspondence concerning such items as requests for merchandise, damage claims, credit information requests, delinquent accounts, incorrect billing, or unsatisfactory service.",BrownFox,2025-04-18,4.0,2.0,2.0,4.0,5.0,2.0
8149,Brokerage Clerks,"File, type, or operate standard office machines.",BrownFox,2025-04-18,5.0,1.0,1.0,2.0,2.0,1.0
23258,Billing and Posting Clerks,"Compute credit terms, discounts, shipment charges, or rates for goods or services to complete billing documents.",BrownFox,2025-04-18,5.0,2.0,2.0,2.0,2.0,2.0
9423,Medical Transcriptionists,"Set up and maintain medical files and databases, including records such as x-ray, lab, and procedure reports, medical histories, diagnostic workups, admission and discharge summaries, and clinical resumes.",BrownFox,2025-04-18,5.0,2.0,2.0,5.0,3.0,2.0
23215,"Securities, Commodities, and Financial Services Sales Agents","Supply the latest price quotes on any security, as well as information on the activities or financial positions of the corporations issuing these securities.",BrownFox,2025-04-18,4.0,2.0,2.0,5.0,5.0,2.0
22802,Radiologic Technologists and Technicians,"Review and evaluate developed x-rays, video tape, or computer-generated information to determine if images are satisfactory for diagnostic purposes.",BrownFox,2025-04-18,5.0,2.0,2.0,4.0,2.0,2.0
2489,"Bookkeeping, Accounting, and Auditing Clerks","Debit, credit, and total accounts on computer spreadsheets and databases, using specialized accounting software.",BrownFox,2025-04-18,5.0,2.0,2.0,4.0,4.0,2.0
742,Travel Agents,"Provide customer with brochures and publications containing travel information, such as local customs, points of interest, or foreign country regulations.",BrownFox,2025-04-18,5.0,2.0,2.0,4.0,4.0,2.0
2480,Bill and Account Collectors,"Perform various administrative functions for assigned accounts, such as recording address changes and purging the records of deceased customers.",BrownFox,2025-04-18,5.0,2.0,2.0,4.0,3.0,2.0
4090,Radiation Therapists,"Review prescription, diagnosis, patient chart, and identification.",BrownFox,2025-04-18,5.0,3.0,4.0,5.0,5.0,3.0
11291,Loan Interviewers and Clerks,Verify and examine information and accuracy of loan application and closing documents.,BrownFox,2025-04-18,5.0,1.0,1.0,3.0,2.0,1.0
23305,"Credit Authorizers, Checkers, and Clerks","Examine city directories and public records to verify residence property ownership, bankruptcies, liens, arrest record, or unpaid taxes of applicants.",BrownFox,2025-04-18,5.0,2.0,2.0,4.0,4.0,2.0
2518,Payroll and Timekeeping Clerks,"Review time sheets, work charts, wage computation, and other information to detect and reconcile payroll discrepancies.",BrownFox,2025-04-18,5.0,1.0,1.0,2.0,1.0,1.0
8151,Brokerage Clerks,"Compute total holdings, dividends, interest, transfer taxes, brokerage fees, or commissions and allocate appropriate payments to customers.",BrownFox,2025-04-18,5.0,1.0,1.0,5.0,3.0,1.0
2523,Payroll and Timekeeping Clerks,"Provide information to employees and managers on payroll matters, tax issues, benefit plans, and collective agreement provisions.",BrownFox,2025-04-18,5.0,2.0,2.0,5.0,3.0,2.0
2548,Procurement Clerks,"Prepare invitation-of-bid forms, and mail forms to supplier firms or distribute forms for public posting.",BrownFox,2025-04-18,5.0,2.0,2.0,4.0,4.0,2.0
4068,Film and Video Editors,Piece sounds together to develop film soundtracks.,BrownFox,2025-04-18,5.0,3.0,3.0,5.0,5.0,3.0
20566,Cytogenetic Technologists,"Describe chromosome, FISH and aCGH analysis results in International System of Cytogenetic Nomenclature (ISCN) language.",BrownFox,2025-04-18,5.0,2.0,2.0,5.0,3.0,2.0
4058,Film and Video Editors,Review assembled films or edited videotapes on screens or monitors to determine if corrections are necessary.,BrownFox,2025-04-18,5.0,2.0,2.0,5.0,5.0,3.0
23275,"Court, Municipal, and License Clerks","Prepare and issue orders of the court, such as probation orders, release documentation, sentencing information, or summonses.",BrownFox,2025-04-18,4.0,2.0,2.0,5.0,3.0,2.0
11290,Correspondence Clerks,Compile data pertinent to manufacture of special products for customers.,BrownFox,2025-04-18,5.0,2.0,2.0,4.0,5.0,2.0
23298,"Credit Authorizers, Checkers, and Clerks",Compile and analyze credit information gathered by investigation.,BrownFox,2025-04-18,5.0,2.0,2.0,3.0,2.0,2.0
23243,Billing and Posting Clerks,Resolve discrepancies in accounting records.,BrownFox,2025-04-18,5.0,1.0,1.0,3.0,2.0,1.0
20608,"Sales Representatives, Wholesale and Manufacturing, Technical and Scientific Products",Prepare and submit sales contracts for orders.,BrownFox,2025-04-18,5.0,2.0,2.0,3.0,3.0,2.0
23274,"Court, Municipal, and License Clerks",Prepare meeting agendas or packets of related information.,BrownFox,2025-04-18,5.0,1.0,1.0,3.0,3.0,1.0
17376,Cytogenetic Technologists,Summarize test results and report to appropriate authorities.,BrownFox,2025-04-18,5.0,2.0,2.0,5.0,5.0,3.0
23238,Billing and Posting Clerks,Verify accuracy of billing data and revise any errors.,BrownFox,2025-04-18,5.0,2.0,2.0,5.0,5.0,2.0
2533,Procurement Clerks,"Respond to customer and supplier inquiries about order status, changes, or cancellations.",BrownFox,2025-04-18,5.0,2.0,2.0,4.0,5.0,2.0
11252,"Sales Representatives, Wholesale and Manufacturing, Technical and Scientific Products","Complete expense reports, sales reports, or other paperwork.",BrownFox,2025-04-18,5.0,2.0,2.0,4.0,4.0,2.0
3242,Advertising and Promotions Managers,Coordinate with the media to disseminate advertising.,50_a,2025-04-22,4.0,1.0,3.0,3.0,5.0,3.0
15691,Supply Chain Managers,"Document physical supply chain processes, such as workflows, cycle times, position responsibilities, or system flows.",50_a,2025-04-22,4.0,1.0,4.0,3.0,3.0,3.0
20942,Supply Chain Managers,"Determine appropriate equipment and staffing levels to load, unload, move, or store materials.",50_a,2025-04-22,3.0,1.0,3.0,2.0,2.0,3.0
1020,Purchasing Managers,Maintain records of goods ordered and received.,50_a,2025-04-22,2.0,2.0,3.0,4.0,2.0,3.0
15427,Quality Control Systems Managers,"Communicate quality control information to all relevant organizational departments, outside vendors, or contractors.",50_a,2025-04-22,2.0,3.0,3.0,3.0,2.0,3.0
20946,Supply Chain Managers,Monitor forecasts and quotas to identify changes and predict effects on supply chain activities.,50_a,2025-04-22,3.0,1.0,3.0,3.0,3.0,3.0
20945,Supply Chain Managers,Monitor suppliers' activities to assess performance in meeting quality or delivery requirements.,50_a,2025-04-22,4.0,1.0,3.0,3.0,3.0,2.0
1021,Purchasing Managers,"Locate vendors of materials, equipment or supplies, and interview them to determine product availability and terms of sales.",50_a,2025-04-22,3.0,4.0,4.0,3.0,5.0,4.0
1022,Purchasing Managers,Prepare and process requisitions and purchase orders for supplies and equipment.,50_a,2025-04-22,2.0,2.0,3.0,2.0,3.0,4.0
8873,Treasurers and Controllers,"Compute, withhold, and account for all payroll deductions.",50_a,2025-04-22,5.0,1.0,2.0,2.0,2.0,1.0
15425,Quality Control Systems Managers,Create and implement inspection and testing criteria or procedures.,50_a,2025-04-22,2.0,3.0,3.0,3.0,3.0,4.0
7393,Computer Hardware Engineers,"Test and verify hardware and support peripherals to ensure that they meet specifications and requirements, by recording and analyzing test data.",400_a,2025-04-22,2.0,4.0,4.0,5.0,2.0,5.0
22082,Mechanical Engineering Technologists and Technicians,"Interpret engineering sketches, specifications, or drawings.",400_a,2025-04-22,3.0,5.0,4.0,4.0,2.0,4.0
16513,Robotics Engineers,Make system device lists or event timing charts.,400_a,2025-04-22,3.0,3.0,3.0,4.0,2.0,4.0
21937,Architectural and Civil Drafters,Prepare colored drawings of landscape and interior designs for presentation to client.,400_a,2025-04-22,3.0,1.0,2.0,4.0,3.0,4.0
19607,Civil Engineers,Design energy-efficient or environmentally sound civil structures.,400_a,2025-04-22,2.0,3.0,4.0,4.0,3.0,3.0
16518,Robotics Engineers,Plan mobile robot paths and teach path plans to robots.,400_a,2025-04-22,3.0,4.0,2.0,5.0,2.0,4.0
3658,Environmental Engineering Technologists and Technicians,"Develop work plans, including writing specifications or establishing material, manpower, or facilities needs.",400_a,2025-04-22,2.0,4.0,3.0,4.0,2.0,4.0
20737,Mechanical Engineers,"Assist drafters in developing the structural design of products, using drafting tools or computer-assisted drafting equipment or software.",400_a,2025-04-22,3.0,2.0,4.0,5.0,4.0,4.0
21985,Electrical and Electronic Engineering Technologists and Technicians,"Select electronics equipment, components, or systems to meet functional specifications.",400_a,2025-04-22,3.0,4.0,4.0,4.0,3.0,4.0
3586,Petroleum Engineers,Maintain records of drilling and production operations.,400_a,2025-04-22,3.0,3.0,3.0,3.0,2.0,4.0
3654,Environmental Engineering Technologists and Technicians,"Produce environmental assessment reports, tabulating data and preparing charts, graphs, or sketches.",400_a,2025-04-22,3.0,1.0,2.0,3.0,2.0,3.0
16514,Robotics Engineers,"Document robotic application development, maintenance, or changes.",400_a,2025-04-22,3.0,2.0,2.0,3.0,2.0,3.0
3646,Environmental Engineering Technologists and Technicians,Review work plans to schedule activities.,400_a,2025-04-22,2.0,1.0,2.0,4.0,3.0,5.0
20736,Mechanical Engineers,"Specify system components or direct modification of products to ensure conformance with engineering design, performance specifications, or environmental regulations.",400_a,2025-04-22,2.0,3.0,3.0,5.0,2.0,4.0
21981,Electrical and Electronic Engineering Technologists and Technicians,Review electrical engineering plans to ensure adherence to design specifications and compliance with applicable electrical codes and standards.,400_a,2025-04-22,4.0,2.0,3.0,4.0,2.0,2.0
147,Civil Engineers,"Compute load and grade requirements, water flow rates, or material stress factors to determine design specifications.",400_a,2025-04-22,3.0,1.0,4.0,4.0,1.0,2.0
3581,Petroleum Engineers,Analyze data to recommend placement of wells and supplementary processes to enhance production.,400_a,2025-04-22,2.0,1.0,2.0,4.0,1.0,3.0
21927,Architectural and Civil Drafters,"Correlate, interpret, and modify data obtained from topographical surveys, well logs, and geophysical prospecting reports.",400_a,2025-04-22,3.0,1.0,2.0,4.0,2.0,3.0
20726,Aerospace Engineers,"Develop design criteria for aeronautical or aerospace products or systems, including testing methods, production costs, quality standards, environmental standards, or completion dates.",400_a,2025-04-22,2.0,2.0,2.0,5.0,2.0,4.0
21997,Electrical and Electronic Engineering Technologists and Technicians,"Produce electronics drawings or other graphics representing industrial control, instrumentation, sensors, or analog or digital telecommunications networks, using computer-aided design (CAD) software.",400_a,2025-04-22,3.0,1.0,2.0,4.0,1.0,3.0
1476,Mechanical Engineering Technologists and Technicians,"Review project instructions and blueprints to ascertain test specifications, procedures, and objectives, and test nature of technical problems such as redesign.",400_a,2025-04-22,2.0,1.0,3.0,5.0,1.0,3.0
7397,Computer Hardware Engineers,Analyze user needs and recommend appropriate hardware.,400_a,2025-04-22,3.0,1.0,2.0,4.0,3.0,3.0
20735,Mechanical Engineers,"Develop or test models of alternate designs or processing methods to assess feasibility, sustainability, operating condition effects, potential new applications, or necessity of modification.",400_a,2025-04-22,2.0,2.0,2.0,3.0,2.0,3.0
21999,Electrical and Electronic Engineering Technologists and Technicians,"Design or modify engineering schematics for electrical transmission and distribution systems or for electrical installation in residential, commercial, or industrial buildings, using computer-aided design (CAD) software.",400_a,2025-04-22,3.0,1.0,2.0,4.0,2.0,3.0
21922,Architectural and Civil Drafters,"Lay out and plan interior room arrangements for commercial buildings, using computer-assisted drafting (CAD) equipment and software.",400_a,2025-04-22,3.0,1.0,2.0,4.0,2.0,2.0
3641,Environmental Engineering Technologists and Technicians,Maintain project logbook records or computer program files.,400_a,2025-04-22,3.0,1.0,2.0,3.0,2.0,2.0
1349,Electrical Engineers,Operate computer-assisted engineering or design software or equipment to perform engineering tasks.,400_a,2025-04-22,2.0,1.0,1.0,4.0,2.0,4.0
7399,Computer Hardware Engineers,Confer with engineering staff and consult specifications to evaluate interface between hardware and software and operational and performance requirements of overall system.,400_a,2025-04-22,2.0,3.0,2.0,3.0,4.0,3.0
3657,Environmental Engineering Technologists and Technicians,Perform statistical analysis and correction of air or water pollution data submitted by industry or other agencies.,400_a,2025-04-22,3.0,1.0,2.0,4.0,2.0,3.0
16516,Robotics Engineers,Create back-ups of robot programs or parameters.,400_a,2025-04-22,2.0,1.0,2.0,2.0,1.0,3.0
16515,Robotics Engineers,Write algorithms or programming code for ad hoc robotic applications.,400_a,2025-04-22,2.0,1.0,2.0,3.0,2.0,3.0
3588,Petroleum Engineers,Write technical reports for engineering and management personnel.,400_a,2025-04-22,4.0,1.0,2.0,3.0,2.0,2.0
3580,Petroleum Engineers,"Monitor production rates, and plan rework processes to improve production.",400_a,2025-04-22,2.0,1.0,2.0,4.0,2.0,3.0
1411,Mechanical Engineers,"Read and interpret blueprints, technical drawings, schematics, or computer-generated reports.",400_a,2025-04-22,3.0,1.0,2.0,3.0,1.0,3.0
7406,Computer Hardware Engineers,"Evaluate factors such as reporting formats required, cost constraints, and need for security restrictions to determine hardware configuration.",400_a,2025-04-22,2.0,2.0,2.0,4.0,2.0,4.0
19601,Aerospace Engineers,"Design new or modify existing aerospace systems to reduce polluting emissions, such as nitrogen oxide, carbon monoxide, or smoke emissions.",400_a,2025-04-22,2.0,3.0,2.0,5.0,2.0,4.0
1358,Electrical Engineers,"Prepare technical drawings, specifications of electrical systems, or topographical maps to ensure that installation and operations conform to standards and customer requirements.",400_a,2025-04-22,2.0,1.0,2.0,4.0,1.0,4.0
1485,Mechanical Engineering Technologists and Technicians,Calculate required capacities for equipment of proposed system to obtain specified performance and submit data to engineering personnel for approval.,400_a,2025-04-22,2.0,1.0,1.0,3.0,2.0,2.0
1475,Mechanical Engineering Technologists and Technicians,"Draft detail drawing or sketch for drafting room completion or to request parts fabrication by machine, sheet or wood shops.",400_a,2025-04-22,3.0,1.0,2.0,4.0,2.0,2.0
21995,Electrical and Electronic Engineering Technologists and Technicians,"Provide user applications or engineering support or recommendations for new or existing equipment with regard to installation, upgrades, or enhancements.",400_a,2025-04-22,2.0,2.0,2.0,4.0,4.0,2.0
21918,Architectural and Civil Drafters,"Draft plans and detailed drawings for structures, installations, and construction projects, such as highways, sewage disposal systems, and dikes, working from sketches or notes.",400_a,2025-04-22,3.0,1.0,4.0,4.0,2.0,3.0
1418,Mechanical Engineers,Provide feedback to design engineers on customer problems or needs.,400_a,2025-04-22,3.0,1.0,2.0,5.0,4.0,3.0
20620,"Sales Representatives, Wholesale and Manufacturing, Technical and Scientific Products",Verify customer credit ratings.,450_b,2025-04-22,5.0,1.0,4.0,3.0,1.0,1.0
7391,Computer Hardware Engineers,Update knowledge and skills to keep up with rapid advancements in computer technology.,400_a,2025-04-22,2.0,2.0,2.0,3.0,2.0,3.0
3589,Petroleum Engineers,"Evaluate findings to develop, design, or test equipment or processes.",400_a,2025-04-22,2.0,2.0,2.0,4.0,1.0,4.0
151,Civil Engineers,"Estimate quantities and cost of materials, equipment, or labor to determine project feasibility.",400_a,2025-04-22,2.0,1.0,4.0,5.0,2.0,3.0
20491,Civil Engineers,"Plan and design transportation or hydraulic systems or structures, using computer-assisted design or drawing tools.",400_a,2025-04-22,3.0,1.0,4.0,4.0,2.0,3.0
21565,Appraisers and Assessors of Real Estate,"Search public records for transactions such as sales, leases, and assessments.",250_b,2025-04-22,2.0,1.0,3.0,4.0,1.0,3.0
20950,Computer Systems Analysts,Troubleshoot program and system malfunctions to restore normal functioning.,250_b,2025-04-22,4.0,2.0,2.0,2.0,3.0,2.0
3401,Budget Analysts,Review operating budgets to analyze trends affecting budget needs.,250_b,2025-04-22,4.0,1.0,4.0,2.0,1.0,2.0
7317,Financial Examiners,"Recommend actions to ensure compliance with laws and regulations, or to protect solvency of institutions.",250_b,2025-04-22,3.0,2.0,3.0,2.0,3.0,2.0
12904,Personal Financial Advisors,Analyze financial information obtained from clients to determine strategies for meeting clients' financial objectives.,250_b,2025-04-22,3.0,4.0,3.0,3.0,4.0,3.0
7364,Tax Preparers,Consult tax law handbooks or bulletins to determine procedures for preparation of atypical returns.,250_b,2025-04-22,5.0,1.0,2.0,1.0,1.0,1.0
3395,Budget Analysts,Direct the preparation of regular and special budget reports.,250_b,2025-04-22,4.0,1.0,3.0,1.0,2.0,2.0
18935,Credit Counselors,Calculate clients' available monthly income to meet debt obligations.,250_b,2025-04-22,3.0,2.0,2.0,2.0,3.0,2.0
7362,Tax Preparers,"Review financial records, such as income statements and documentation of expenditures to determine forms needed to prepare tax returns.",250_b,2025-04-22,5.0,1.0,2.0,2.0,1.0,2.0
7359,Tax Preparers,Prepare or assist in preparing simple to complex tax returns for individuals or small businesses.,250_b,2025-04-22,5.0,1.0,2.0,1.0,1.0,2.0
21552,Appraisers and Assessors of Real Estate,Collect and analyze relevant data to identify real estate market trends.,250_b,2025-04-22,2.0,3.0,4.0,3.0,3.0,3.0
18092,Health Informatics Specialists,Use informatics science to design or implement health information technology applications for resolution of clinical or health care administrative problems.,250_b,2025-04-22,3.0,2.0,3.0,3.0,4.0,3.0
21577,Appraisers and Assessors of Real Estate,"Analyze trends in sales prices, construction costs, and rents, to assess property values or determine the accuracy of assessments.",250_b,2025-04-22,3.0,2.0,3.0,2.0,2.0,2.0
3413,Loan Officers,Review loan agreements to ensure that they are complete and accurate according to policy.,250_b,2025-04-22,4.0,2.0,3.0,1.0,2.0,2.0
21566,Appraisers and Assessors of Real Estate,Check building codes and zoning bylaws to determine any effects on the properties being appraised.,250_b,2025-04-22,3.0,2.0,3.0,2.0,2.0,2.0
20188,Personal Financial Advisors,Monitor financial market trends to ensure that client plans are responsive.,250_b,2025-04-22,4.0,2.0,3.0,2.0,3.0,2.0
3466,Computer Systems Analysts,"Use object-oriented programming languages, as well as client and server applications development processes and multimedia and Internet technology.",250_b,2025-04-22,3.0,1.0,2.0,3.0,2.0,3.0
21558,Appraisers and Assessors of Real Estate,"Review information about transfers of property to ensure its accuracy, checking basic information on buyers, sellers, and sales prices and making corrections as necessary.",250_b,2025-04-22,3.0,2.0,3.0,2.0,2.0,2.0
15997,Financial Quantitative Analysts,"Apply mathematical or statistical techniques to address practical issues in finance, such as derivative valuation, securities trading, risk management, or financial market regulation.",250_b,2025-04-22,3.0,1.0,4.0,3.0,1.0,3.0
3465,Computer Systems Analysts,"Test, maintain, and monitor computer programs and systems, including coordinating the installation of computer programs and systems.",250_b,2025-04-22,3.0,2.0,2.0,2.0,3.0,3.0
18101,Health Informatics Specialists,"Identify, collect, record, or analyze data relevant to the nursing care of patients.",250_b,2025-04-22,4.0,2.0,2.0,1.0,2.0,2.0
7321,Financial Examiners,Review audit reports of internal and external auditors to monitor adequacy of scope of reports or to discover specific weaknesses in internal routines.,250_b,2025-04-22,3.0,3.0,2.0,2.0,3.0,3.0
18093,Health Informatics Specialists,"Develop, implement, or evaluate health information technology applications, tools, processes, or structures to assist nurses with data management.",250_b,2025-04-22,3.0,2.0,2.0,1.0,3.0,2.0
3394,Budget Analysts,Analyze monthly department budgeting and accounting reports to maintain expenditure controls.,250_b,2025-04-22,4.0,1.0,2.0,1.0,2.0,1.0
18090,Health Informatics Specialists,"Translate nursing practice information between nurses and systems engineers, analysts, or designers, using object-oriented models or other techniques.",250_b,2025-04-22,3.0,2.0,2.0,1.0,2.0,3.0
18933,Credit Counselors,"Advise clients or respond to inquiries about financial matters in person or via phone, email, Web site, or Internet chat.",250_b,2025-04-22,4.0,2.0,2.0,1.0,2.0,2.0
21553,Appraisers and Assessors of Real Estate,"Prepare and maintain current data on each parcel assessed, including maps of boundaries, inventories of land and structures, property characteristics, and any applicable exemptions.",250_b,2025-04-22,4.0,1.0,2.0,2.0,1.0,2.0
20189,Personal Financial Advisors,"Recommend financial products, such as stocks, bonds, mutual funds, or insurance.",250_b,2025-04-22,3.0,3.0,2.0,2.0,3.0,3.0
18934,Credit Counselors,"Assess clients' overall financial situations by reviewing income, assets, debts, expenses, credit reports, or other financial information.",250_b,2025-04-22,4.0,1.0,2.0,1.0,2.0,2.0
18947,Credit Counselors,"Review changes to financial, family, or employment situations to determine whether changes to existing debt management plans, spending plans, or budgets are needed.",250_b,2025-04-22,4.0,2.0,2.0,1.0,2.0,2.0
21165,Tax Preparers,Schedule appointments with clients.,250_b,2025-04-22,5.0,1.0,2.0,1.0,1.0,1.0
21550,Appraisers and Assessors of Real Estate,"Prepare written reports that estimate property values, outline methods by which the estimations were made, and meet appraisal standards.",250_b,2025-04-22,3.0,1.0,3.0,2.0,3.0,3.0
1259,Credit Analysts,"Analyze financial data, such as income growth, quality of management, and market share to determine expected profitability of loans.",250_b,2025-04-22,3.0,1.0,3.0,2.0,1.0,3.0
18103,Health Informatics Specialists,Provide consultation to nurses regarding hardware or software configuration.,250_b,2025-04-22,4.0,2.0,2.0,1.0,2.0,2.0
3484,Computer Systems Analysts,Specify inputs accessed by the system and plan the distribution and use of the results.,250_b,2025-04-22,3.0,1.0,2.0,2.0,2.0,3.0
18094,Health Informatics Specialists,"Analyze and interpret patient, nursing, or information systems data to improve nursing services.",250_b,2025-04-22,3.0,2.0,2.0,1.0,2.0,3.0
1257,Credit Analysts,"Compare liquidity, profitability, and credit histories of establishments being evaluated with those of similar establishments in the same industries and geographic locations.",250_b,2025-04-22,4.0,1.0,2.0,1.0,1.0,2.0
18937,Credit Counselors,"Estimate time for debt repayment, given amount of debt, interest rates, and available funds.",250_b,2025-04-22,4.0,1.0,2.0,1.0,2.0,2.0
3482,Computer Systems Analysts,"Use the computer in the analysis and solution of business problems, such as development of integrated production and inventory control and cost analysis systems.",250_b,2025-04-22,3.0,2.0,2.0,1.0,2.0,3.0
18088,Health Informatics Specialists,"Design, develop, select, test, implement, and evaluate new or modified informatics solutions, data structures, and decision-support mechanisms to support patients, health care professionals, and their information management and human-computer and human-technology interactions within health care contexts.",250_b,2025-04-22,3.0,2.0,2.0,1.0,2.0,3.0
21562,Appraisers and Assessors of Real Estate,Examine income records and operating costs of income properties.,250_b,2025-04-22,3.0,1.0,2.0,1.0,2.0,2.0
21555,Appraisers and Assessors of Real Estate,Identify the ownership of each piece of taxable property.,250_b,2025-04-22,3.0,1.0,2.0,1.0,2.0,2.0
21570,Appraisers and Assessors of Real Estate,Obtain county land values and sales information about nearby properties to aid in establishment of property values.,250_b,2025-04-22,3.0,1.0,2.0,1.0,2.0,2.0
3412,Loan Officers,Review and update credit and loan files.,250_b,2025-04-22,4.0,1.0,3.0,1.0,1.0,2.0
7360,Tax Preparers,"Use all appropriate adjustments, deductions, and credits to keep clients' taxes to a minimum.",250_b,2025-04-22,5.0,1.0,2.0,1.0,1.0,1.0
21557,Appraisers and Assessors of Real Estate,Complete and maintain assessment rolls that show the assessed values and status of all property in a municipality.,250_b,2025-04-22,3.0,1.0,2.0,1.0,2.0,2.0
7318,Financial Examiners,"Examine the minutes of meetings of directors, stockholders, and committees to investigate the specific authority extended at various levels of management.",250_b,2025-04-22,3.0,1.0,2.0,1.0,2.0,3.0
739,Travel Agents,"Compute cost of travel and accommodations, using calculator, computer, carrier tariff books, and hotel rate books, or quote package tour's costs.",450_b,2025-04-22,1.0,1.0,2.0,1.0,1.0,2.0
11246,"Sales Representatives, Wholesale and Manufacturing, Technical and Scientific Products",Prepare sales presentations or proposals to explain product specifications or applications.,450_b,2025-04-22,1.0,1.0,3.0,3.0,1.0,3.0
11252,"Sales Representatives, Wholesale and Manufacturing, Technical and Scientific Products","Complete expense reports, sales reports, or other paperwork.",450_b,2025-04-22,3.0,1.0,4.0,3.0,2.0,2.0
17249,Radiologists,Develop or monitor procedures to ensure adequate quality control of images.,450_b,2025-04-22,1.0,4.0,5.0,5.0,4.0,5.0
9413,Medical Transcriptionists,"Transcribe dictation for a variety of medical reports, such as patient histories, physical examinations, emergency room visits, operations, chart reviews, consultation, or discharge summaries.",450_b,2025-04-22,5.0,1.0,4.0,4.0,1.0,1.0
9420,Medical Transcriptionists,"Perform data entry and data retrieval services, providing data for inclusion in medical records and for transmission to physicians.",450_b,2025-04-22,5.0,1.0,4.0,4.0,1.0,1.0
23205,"Securities, Commodities, and Financial Services Sales Agents",Review all securities transactions to ensure accuracy of information and conformance to governing agency regulations.,450_b,2025-04-22,4.0,1.0,5.0,5.0,1.0,1.0
23214,"Securities, Commodities, and Financial Services Sales Agents",Prepare financial reports to monitor client or corporate finances.,450_b,2025-04-22,4.0,1.0,4.0,4.0,1.0,1.0
9415,Medical Transcriptionists,"Distinguish between homonyms and recognize inconsistencies and mistakes in medical terms, referring to dictionaries, drug references, and other sources on anatomy, physiology, and medicine.",450_b,2025-04-22,4.0,1.0,5.0,3.0,1.0,1.0
738,Travel Agents,"Converse with customer to determine destination, mode of transportation, travel dates, financial considerations, and accommodations required.",450_b,2025-04-22,2.0,5.0,2.0,2.0,3.0,3.0
4059,Film and Video Editors,Program computerized graphic effects.,450_b,2025-04-22,2.0,3.0,3.0,5.0,4.0,2.0
17242,Radiologists,Prepare comprehensive interpretive reports of findings.,450_b,2025-04-22,2.0,3.0,5.0,5.0,4.0,1.0
11261,"Sales Representatives, Wholesale and Manufacturing, Technical and Scientific Products","Compute customer's installation or production costs and estimate savings from new services, products, or equipment.",450_b,2025-04-22,1.0,4.0,3.0,3.0,3.0,1.0
22083,Mechanical Engineering Technologists and Technicians,"Prepare equipment inspection schedules, reliability schedules, work plans, or other records.",450_b,2025-04-22,1.0,4.0,4.0,4.0,3.0,1.0
9417,Medical Transcriptionists,Translate medical jargon and abbreviations into their expanded forms to ensure the accuracy of patient and health care facility records.,450_b,2025-04-22,5.0,1.0,4.0,4.0,1.0,1.0
11237,"Sales Representatives, Wholesale and Manufacturing, Technical and Scientific Products","Answer customers' questions about products, prices, availability, or credit terms.",450_b,2025-04-22,1.0,3.0,2.0,2.0,3.0,1.0
23195,"Securities, Commodities, and Financial Services Sales Agents",Keep accurate records of transactions.,450_b,2025-04-22,3.0,1.0,4.0,4.0,1.0,1.0
17231,Radiologists,Participate in quality improvement activities including discussions of areas where risk of error is high.,450_b,2025-04-22,1.0,4.0,5.0,5.0,4.0,1.0
17248,Radiologists,"Document the performance, interpretation, or outcomes of all procedures performed.",450_b,2025-04-22,2.0,4.0,5.0,5.0,4.0,2.0
9423,Medical Transcriptionists,"Set up and maintain medical files and databases, including records such as x-ray, lab, and procedure reports, medical histories, diagnostic workups, admission and discharge summaries, and clinical resumes.",450_b,2025-04-22,5.0,1.0,4.0,4.0,1.0,1.0
17254,Radiologists,"Perform or interpret the outcomes of diagnostic imaging procedures including magnetic resonance imaging (MRI), computer tomography (CT), positron emission tomography (PET), nuclear cardiology treadmill studies, mammography, or ultrasound.",450_b,2025-04-22,3.0,3.0,5.0,5.0,3.0,2.0
737,Travel Agents,Collect payment for transportation and accommodations from customer.,450_b,2025-04-22,1.0,3.0,3.0,2.0,3.0,3.0
11249,"Sales Representatives, Wholesale and Manufacturing, Technical and Scientific Products","Inform customers of estimated delivery schedules, service contracts, warranties, or other information pertaining to purchased products.",450_b,2025-04-22,1.0,4.0,3.0,3.0,4.0,1.0
2690,"Human Resources Assistants, Except Payroll and Timekeeping",Process and review employment applications to evaluate qualifications or eligibility of applicants.,550_b,2025-04-29,3.0,1.0,5.0,5.0,1.0,4.0
22410,Librarians and Media Collections Specialists,"Keep up-to-date records of circulation and materials, maintain inventory, and correct cataloging errors.",300,2025-04-29,3.0,4.0,1.0,1.0,1.0,3.0
16992,Remote Sensing Technicians,"Evaluate remote sensing project requirements to determine the types of equipment or computer software necessary to meet project requirements, such as specific image types or output resolutions.",300,2025-04-29,4.0,1.0,5.0,5.0,3.0,3.0
19056,Judicial Law Clerks,Coordinate judges' meeting and appointment schedules.,300,2025-04-29,3.0,2.0,3.0,4.0,3.0,2.0
5669,"Business Teachers, Postsecondary",Maintain regularly scheduled office hours to advise and assist students.,300,2025-04-29,3.0,1.0,2.0,5.0,3.0,4.0
5694,"Computer Science Teachers, Postsecondary",Maintain regularly scheduled office hours to advise and assist students.,300,2025-04-29,3.0,1.0,2.0,5.0,3.0,4.0
5714,"Mathematical Science Teachers, Postsecondary",Maintain regularly scheduled office hours to advise and assist students.,300,2025-04-29,3.0,1.0,2.0,5.0,3.0,4.0
5738,"Architecture Teachers, Postsecondary",Maintain regularly scheduled office hours to advise and assist students.,300,2025-04-29,3.0,1.0,2.0,5.0,3.0,4.0
5921,"Physics Teachers, Postsecondary",Maintain regularly scheduled office hours to advise and assist students.,300,2025-04-29,3.0,1.0,2.0,5.0,3.0,4.0
5991,"Economics Teachers, Postsecondary",Maintain regularly scheduled office hours to advise and assist students.,300,2025-04-29,3.0,1.0,2.0,5.0,3.0,4.0
6015,"Geography Teachers, Postsecondary",Maintain regularly scheduled office hours to advise and assist students.,300,2025-04-29,3.0,1.0,2.0,5.0,3.0,4.0
6039,"Political Science Teachers, Postsecondary",Maintain regularly scheduled office hours to advise and assist students.,300,2025-04-29,3.0,1.0,2.0,5.0,3.0,4.0
6156,"Education Teachers, Postsecondary",Maintain regularly scheduled office hours to advise and assist students.,300,2025-04-29,3.0,1.0,2.0,5.0,3.0,4.0
6183,"Library Science Teachers, Postsecondary",Maintain regularly scheduled office hours to advise and assist students.,300,2025-04-29,3.0,1.0,2.0,5.0,3.0,4.0
6222,"Law Teachers, Postsecondary",Maintain regularly scheduled office hours to advise and assist students.,300,2025-04-29,3.0,1.0,2.0,5.0,3.0,4.0
6295,"Communications Teachers, Postsecondary",Maintain regularly scheduled office hours to advise and assist students.,300,2025-04-29,3.0,1.0,2.0,5.0,3.0,4.0
9754,Reservation and Transportation Ticket Agents and Travel Clerks,"Determine whether space is available on travel dates requested by customers, assigning requested spaces when available.",550_b,2025-04-29,4.0,1.0,2.0,2.0,3.0,1.0
9752,Reservation and Transportation Ticket Agents and Travel Clerks,"Answer inquiries regarding information, such as schedules, accommodations, procedures, or policies.",550_b,2025-04-29,1.0,1.0,2.0,2.0,3.0,1.0
16966,Quality Control Analysts,Supply quality control data necessary for regulatory submissions.,300,2025-04-29,3.0,2.0,3.0,5.0,3.0,4.0
19053,Judicial Law Clerks,Review dockets of pending litigation to ensure adequate progress.,300,2025-04-29,2.0,3.0,4.0,4.0,5.0,5.0
2697,"Human Resources Assistants, Except Payroll and Timekeeping",Compile and prepare reports and documents pertaining to personnel activities.,550_b,2025-04-29,4.0,1.0,2.0,4.0,1.0,1.0
9751,Reservation and Transportation Ticket Agents and Travel Clerks,Prepare customer invoices and accept payment.,550_b,2025-04-29,5.0,1.0,1.0,1.0,1.0,1.0
22411,Librarians and Media Collections Specialists,"Search standard reference materials, including online sources and the Internet, to answer patrons' reference questions.",300,2025-04-29,5.0,1.0,1.0,3.0,2.0,1.0
12956,Social Science Research Assistants,"Verify the accuracy and validity of data entered in databases, correcting any errors.",300,2025-04-29,4.0,1.0,1.0,3.0,1.0,2.0
17686,Freight Forwarders,"Calculate weight, volume, or cost of goods to be moved.",550_b,2025-04-29,5.0,1.0,2.0,2.0,1.0,1.0
19047,Judicial Law Clerks,"Draft or proofread judicial opinions, decisions, or citations.",300,2025-04-29,3.0,1.0,2.0,4.0,2.0,4.0
5664,"Business Teachers, Postsecondary","Compile, administer, and grade examinations, or assign this work to others.",300,2025-04-29,2.0,1.0,3.0,5.0,3.0,4.0
5710,"Mathematical Science Teachers, Postsecondary","Compile, administer, and grade examinations, or assign this work to others.",300,2025-04-29,2.0,1.0,3.0,5.0,3.0,4.0
5739,"Architecture Teachers, Postsecondary","Compile, administer, and grade examinations, or assign this work to others.",300,2025-04-29,2.0,1.0,3.0,5.0,3.0,4.0
5759,"Engineering Teachers, Postsecondary","Compile, administer, and grade examinations, or assign this work to others.",300,2025-04-29,2.0,1.0,3.0,5.0,3.0,4.0
5854,"Atmospheric, Earth, Marine, and Space Sciences Teachers, Postsecondary","Compile, administer, and grade examinations, or assign this work to others.",300,2025-04-29,2.0,1.0,3.0,5.0,3.0,4.0
5901,"Environmental Science Teachers, Postsecondary","Compile, administer, and grade examinations, or assign this work to others.",300,2025-04-29,2.0,1.0,3.0,5.0,3.0,4.0
5917,"Physics Teachers, Postsecondary","Compile, administer, and grade examinations, or assign this work to others.",300,2025-04-29,2.0,1.0,3.0,5.0,3.0,4.0
5987,"Economics Teachers, Postsecondary","Compile, administer, and grade examinations, or assign this work to others.",300,2025-04-29,2.0,1.0,3.0,5.0,3.0,4.0
6008,"Geography Teachers, Postsecondary","Compile, administer, and grade examinations, or assign this work to others.",300,2025-04-29,2.0,1.0,3.0,5.0,3.0,4.0
6034,"Political Science Teachers, Postsecondary","Compile, administer, and grade examinations, or assign this work to others.",300,2025-04-29,2.0,1.0,3.0,5.0,3.0,4.0
6159,"Education Teachers, Postsecondary","Compile, administer, and grade examinations, or assign this work to others.",300,2025-04-29,2.0,1.0,3.0,5.0,3.0,4.0
6181,"Library Science Teachers, Postsecondary","Compile, administer, and grade examinations, or assign this work to others.",300,2025-04-29,2.0,1.0,3.0,5.0,3.0,4.0
6292,"Communications Teachers, Postsecondary","Compile, administer, and grade examinations, or assign this work to others.",300,2025-04-29,2.0,1.0,3.0,5.0,3.0,4.0
9235,"Title Examiners, Abstractors, and Searchers",Prepare reports describing any title encumbrances encountered during searching activities and outlining actions needed to clear titles.,300,2025-04-29,2.0,1.0,4.0,4.0,4.0,4.0
16998,Remote Sensing Technicians,"Manipulate raw data to enhance interpretation, either on the ground or during remote sensing flights.",300,2025-04-29,2.0,1.0,4.0,5.0,1.0,5.0
12964,Social Science Research Assistants,Code data in preparation for computer entry.,300,2025-04-29,2.0,2.0,2.0,3.0,1.0,5.0
5666,"Business Teachers, Postsecondary","Maintain student attendance records, grades, and other required records.",300,2025-04-29,4.0,2.0,1.0,1.0,2.0,2.0
5686,"Computer Science Teachers, Postsecondary","Maintain student attendance records, grades, and other required records.",300,2025-04-29,4.0,2.0,1.0,1.0,2.0,2.0
5713,"Mathematical Science Teachers, Postsecondary","Maintain student attendance records, grades, and other required records.",300,2025-04-29,4.0,2.0,1.0,1.0,2.0,2.0
5737,"Architecture Teachers, Postsecondary","Maintain student attendance records, grades, and other required records.",300,2025-04-29,4.0,2.0,1.0,1.0,2.0,2.0
5766,"Engineering Teachers, Postsecondary","Maintain student attendance records, grades, and other required records.",300,2025-04-29,4.0,2.0,1.0,1.0,2.0,2.0
5859,"Atmospheric, Earth, Marine, and Space Sciences Teachers, Postsecondary","Maintain student attendance records, grades, and other required records.",300,2025-04-29,4.0,2.0,1.0,1.0,2.0,2.0
5904,"Environmental Science Teachers, Postsecondary","Maintain student attendance records, grades, and other required records.",300,2025-04-29,4.0,2.0,1.0,1.0,2.0,2.0
5918,"Physics Teachers, Postsecondary","Maintain student attendance records, grades, and other required records.",300,2025-04-29,4.0,2.0,1.0,1.0,2.0,2.0
5989,"Economics Teachers, Postsecondary","Maintain student attendance records, grades, and other required records.",300,2025-04-29,4.0,2.0,1.0,1.0,2.0,2.0
6010,"Geography Teachers, Postsecondary","Maintain student attendance records, grades, and other required records.",300,2025-04-29,4.0,2.0,1.0,1.0,2.0,2.0
6038,"Political Science Teachers, Postsecondary","Maintain student attendance records, grades, and other required records.",300,2025-04-29,4.0,2.0,1.0,1.0,2.0,2.0
6157,"Education Teachers, Postsecondary","Maintain student attendance records, grades, and other required records.",300,2025-04-29,4.0,2.0,1.0,1.0,2.0,2.0
6178,"Library Science Teachers, Postsecondary","Maintain student attendance records, grades, and other required records.",300,2025-04-29,4.0,2.0,1.0,1.0,2.0,2.0
6227,"Law Teachers, Postsecondary","Maintain student attendance records, grades, and other required records.",300,2025-04-29,4.0,2.0,1.0,1.0,2.0,2.0
6293,"Communications Teachers, Postsecondary","Maintain student attendance records, grades, and other required records.",300,2025-04-29,4.0,2.0,1.0,1.0,2.0,2.0
5663,"Business Teachers, Postsecondary","Evaluate and grade students' class work, assignments, and papers.",300,2025-04-29,3.0,1.0,4.0,4.0,3.0,3.0
5709,"Mathematical Science Teachers, Postsecondary","Evaluate and grade students' class work, assignments, and papers.",300,2025-04-29,3.0,1.0,4.0,4.0,3.0,3.0
5851,"Atmospheric, Earth, Marine, and Space Sciences Teachers, Postsecondary","Evaluate and grade students' class work, assignments, and papers.",300,2025-04-29,3.0,1.0,4.0,4.0,3.0,3.0
5986,"Economics Teachers, Postsecondary","Evaluate and grade students' class work, assignments, and papers.",300,2025-04-29,3.0,1.0,4.0,4.0,3.0,3.0
6007,"Geography Teachers, Postsecondary","Evaluate and grade students' class work, assignments, and papers.",300,2025-04-29,3.0,1.0,4.0,4.0,3.0,3.0
6033,"Political Science Teachers, Postsecondary","Evaluate and grade students' class work, assignments, and papers.",300,2025-04-29,3.0,1.0,4.0,4.0,3.0,3.0
6151,"Education Teachers, Postsecondary","Evaluate and grade students' class work, assignments, and papers.",300,2025-04-29,3.0,1.0,4.0,4.0,3.0,3.0
6173,"Library Science Teachers, Postsecondary","Evaluate and grade students' class work, assignments, and papers.",300,2025-04-29,3.0,1.0,4.0,4.0,3.0,3.0
6288,"Communications Teachers, Postsecondary","Evaluate and grade students' class work, assignments, and papers.",300,2025-04-29,3.0,1.0,4.0,4.0,3.0,3.0
20058,"Business Teachers, Postsecondary",Develop and maintain course Web sites.,300,2025-04-29,4.0,1.0,2.0,3.0,1.0,2.0
3580,Petroleum Engineers,"Monitor production rates, and plan rework processes to improve production.",400_b,2025-04-29,3.0,4.0,3.0,1.0,3.0,2.0
19601,Aerospace Engineers,"Design new or modify existing aerospace systems to reduce polluting emissions, such as nitrogen oxide, carbon monoxide, or smoke emissions.",400_b,2025-04-29,2.0,2.0,5.0,5.0,5.0,5.0
3658,Environmental Engineering Technologists and Technicians,"Develop work plans, including writing specifications or establishing material, manpower, or facilities needs.",400_b,2025-04-29,2.0,4.0,5.0,5.0,4.0,4.0
1485,Mechanical Engineering Technologists and Technicians,Calculate required capacities for equipment of proposed system to obtain specified performance and submit data to engineering personnel for approval.,400_b,2025-04-29,3.0,3.0,3.0,3.0,3.0,3.0
3654,Environmental Engineering Technologists and Technicians,"Produce environmental assessment reports, tabulating data and preparing charts, graphs, or sketches.",400_b,2025-04-29,4.0,2.0,2.0,4.0,1.0,1.0
7391,Computer Hardware Engineers,Update knowledge and skills to keep up with rapid advancements in computer technology.,400_b,2025-04-29,3.0,3.0,2.0,3.0,3.0,3.0
20491,Civil Engineers,"Plan and design transportation or hydraulic systems or structures, using computer-assisted design or drawing tools.",400_b,2025-04-29,3.0,3.0,5.0,4.0,4.0,4.0
16516,Robotics Engineers,Create back-ups of robot programs or parameters.,400_b,2025-04-29,5.0,1.0,2.0,2.0,1.0,1.0
21918,Architectural and Civil Drafters,"Draft plans and detailed drawings for structures, installations, and construction projects, such as highways, sewage disposal systems, and dikes, working from sketches or notes.",400_b,2025-04-29,3.0,4.0,3.0,2.0,4.0,3.0
20736,Mechanical Engineers,"Specify system components or direct modification of products to ensure conformance with engineering design, performance specifications, or environmental regulations.",400_b,2025-04-29,4.0,2.0,3.0,3.0,2.0,3.0
16514,Robotics Engineers,"Document robotic application development, maintenance, or changes.",400_b,2025-04-29,5.0,1.0,1.0,2.0,1.0,1.0
3588,Petroleum Engineers,Write technical reports for engineering and management personnel.,400_b,2025-04-29,5.0,1.0,1.0,2.0,1.0,1.0
23208,"Securities, Commodities, and Financial Services Sales Agents","Track and analyze factors that affect price movement, such as trade policies, weather conditions, political developments, or supply and demand changes.",450_b,2025-04-22,5.0,1.0,5.0,5.0,1.0,1.0
11238,"Sales Representatives, Wholesale and Manufacturing, Technical and Scientific Products","Quote prices, credit terms, or other bid specifications.",450_b,2025-04-22,1.0,3.0,3.0,3.0,4.0,1.0
22078,Mechanical Engineering Technologists and Technicians,"Design specialized or customized equipment, machines, or structures.",450_b,2025-04-22,3.0,3.0,4.0,4.0,1.0,2.0
1482,Mechanical Engineering Technologists and Technicians,"Analyze test results in relation to design or rated specifications and test objectives, and modify or adjust equipment to meet specifications.",450_b,2025-04-23,1.0,4.0,4.0,4.0,4.0,1.0
23215,"Securities, Commodities, and Financial Services Sales Agents","Supply the latest price quotes on any security, as well as information on the activities or financial positions of the corporations issuing these securities.",450_b,2025-04-23,2.0,3.0,4.0,4.0,4.0,1.0
740,Travel Agents,"Book transportation and hotel reservations, using computer or telephone.",450_b,2025-04-23,1.0,4.0,3.0,2.0,4.0,1.0
9414,Medical Transcriptionists,"Review and edit transcribed reports or dictated material for spelling, grammar, clarity, consistency, and proper medical terminology.",450_b,2025-04-23,5.0,1.0,4.0,4.0,1.0,1.0
1486,Mechanical Engineering Technologists and Technicians,"Record test procedures and results, numerical and graphical data, and recommendations for changes in product or test methods.",450_b,2025-04-23,2.0,3.0,4.0,4.0,3.0,1.0
4068,Film and Video Editors,Piece sounds together to develop film soundtracks.,450_b,2025-04-23,3.0,1.0,3.0,4.0,1.0,2.0
4058,Film and Video Editors,Review assembled films or edited videotapes on screens or monitors to determine if corrections are necessary.,450_b,2025-04-23,3.0,1.0,3.0,4.0,1.0,1.0
23211,"Securities, Commodities, and Financial Services Sales Agents",Evaluate costs and revenue of agreements to determine continued profitability.,450_b,2025-04-23,4.0,1.0,4.0,4.0,1.0,1.0
742,Travel Agents,"Provide customer with brochures and publications containing travel information, such as local customs, points of interest, or foreign country regulations.",450_b,2025-04-23,1.0,3.0,3.0,2.0,3.0,1.0
20900,Travel Agents,"Record and maintain information on clients, vendors, and travel packages.",450_b,2025-04-23,2.0,1.0,2.0,2.0,1.0,1.0
1477,Mechanical Engineering Technologists and Technicians,"Review project instructions and specifications to identify, modify and plan requirements fabrication, assembly and testing.",450_b,2025-04-23,1.0,4.0,4.0,4.0,4.0,1.0
743,Travel Agents,"Print or request transportation carrier tickets, using computer printer system or system link to travel carrier.",450_b,2025-04-23,1.0,3.0,2.0,2.0,2.0,1.0
17239,Radiologists,Review or transmit images and information using picture archiving or communications systems.,450_b,2025-04-23,2.0,3.0,4.0,4.0,3.0,1.0
11245,"Sales Representatives, Wholesale and Manufacturing, Technical and Scientific Products","Collaborate with colleagues to exchange information, such as selling strategies or marketing information.",450_b,2025-04-23,1.0,3.0,3.0,3.0,3.0,1.0
23213,"Securities, Commodities, and Financial Services Sales Agents",Calculate costs for billings or commissions.,450_b,2025-04-23,3.0,1.0,4.0,4.0,1.0,1.0
20608,"Sales Representatives, Wholesale and Manufacturing, Technical and Scientific Products",Prepare and submit sales contracts for orders.,450_b,2025-04-23,1.0,4.0,3.0,3.0,3.0,1.0
22077,Mechanical Engineering Technologists and Technicians,"Design molds, tools, dies, jigs, or fixtures for use in manufacturing processes.",450_b,2025-04-23,2.0,2.0,4.0,4.0,3.0,1.0
741,Travel Agents,"Plan, describe, arrange, and sell itinerary tour packages and promotional travel incentives offered by various travel carriers.",450_b,2025-04-23,1.0,3.0,2.0,2.0,3.0,1.0
20619,"Sales Representatives, Wholesale and Manufacturing, Technical and Scientific Products",Verify accuracy of materials lists.,450_b,2025-04-23,3.0,1.0,3.0,3.0,1.0,1.0
4054,Film and Video Editors,Mark frames where a particular shot or piece of sound is to begin or end.,450_b,2025-04-23,2.0,3.0,3.0,4.0,1.0,1.0
23209,"Securities, Commodities, and Financial Services Sales Agents","Inform other traders, managers, or customers of market conditions, including volume, price, competition, or dynamics.",450_b,2025-04-23,1.0,2.0,4.0,4.0,2.0,1.0
15730,Online Merchants,"Calculate purchase subtotals, taxes, and shipping costs for submission to customers.",200_b,2025-04-24,5.0,1.0,1.0,1.0,1.0,1.0
16191,Search Marketing Strategists,"Conduct online marketing initiatives, such as paid ad placement, affiliate programs, sponsorship programs, email promotions, or viral marketing campaigns on social media Web sites.",200_b,2025-04-24,3.0,1.0,4.0,4.0,4.0,3.0
22658,Writers and Authors,Conduct research and interviews to determine which of a product's selling features should be promoted.,450,2025-04-26,3.0,3.0,3.0,3.0,3.0,2.0
3990,Audio and Video Technicians,"Compress, digitize, duplicate, and store audio and video data.",450,2025-04-26,1.0,5.0,2.0,4.0,1.0,5.0
4012,Broadcast Technicians,Preview scheduled programs to ensure that signals are functioning and programs are ready for transmission.,450,2025-04-26,3.0,3.0,2.0,3.0,2.0,2.0
4007,Broadcast Technicians,Maintain programming logs as required by station management and the Federal Communications Commission.,450,2025-04-26,4.0,1.0,1.0,5.0,1.0,2.0
3992,Audio and Video Technicians,Edit videotapes by erasing and removing portions of programs and adding video or sound as required.,450,2025-04-26,4.0,2.0,2.0,3.0,2.0,2.0
4001,Audio and Video Technicians,"Locate and secure settings, properties, effects, and other production necessities.",450,2025-04-26,1.0,5.0,4.0,5.0,5.0,5.0
4021,Broadcast Technicians,Schedule programming or read television programming logs to determine which programs are to be recorded or aired.,450,2025-04-26,1.0,4.0,4.0,4.0,5.0,5.0
4009,Broadcast Technicians,"Monitor strength, clarity, and reliability of incoming and outgoing signals, and adjust equipment as necessary to maintain quality broadcasts.",450,2025-04-26,4.0,4.0,2.0,4.0,1.0,2.0
3981,Audio and Video Technicians,Monitor incoming and outgoing pictures and sound feeds to ensure quality and notify directors of any possible problems.,450,2025-04-26,4.0,2.0,2.0,3.0,3.0,2.0
9350,Photographers,Review sets of photographs to select the best work.,450,2025-04-26,4.0,1.0,2.0,5.0,3.0,3.0
4052,Film and Video Editors,"Edit films and videotapes to insert music, dialogue, and sound effects, to arrange films into sequences, and to correct errors, using editing equipment.",450,2025-04-26,3.0,1.0,4.0,5.0,1.0,4.0
7726,Sound Engineering Technicians,"Synchronize and equalize prerecorded dialogue, music, and sound effects with visual action of motion pictures or television productions, using control consoles.",450,2025-04-26,4.0,1.0,3.0,5.0,1.0,2.0
7731,Sound Engineering Technicians,"Create musical instrument digital interface programs for music projects, commercials, or film postproduction.",450,2025-04-26,2.0,1.0,3.0,4.0,4.0,5.0
22655,Writers and Authors,Vary language and tone of messages based on product and medium.,450,2025-04-26,5.0,1.0,2.0,3.0,1.0,1.0
3977,Technical Writers,Analyze developments in specific field to determine need for revisions in previously published materials and development of new material.,450,2025-04-26,4.0,1.0,3.0,4.0,3.0,2.0
9354,Photographers,"Perform general office duties, such as scheduling appointments, keeping books, and ordering supplies.",450,2025-04-26,3.0,1.0,2.0,1.0,3.0,2.0
20558,Photographers,"Transfer photographs to computers for editing, archiving, and electronic transmission.",450,2025-04-26,3.0,4.0,2.0,3.0,1.0,2.0
3978,Technical Writers,"Review manufacturer's and trade catalogs, drawings and other data relative to operation, maintenance, and service of equipment.",450,2025-04-26,3.0,1.0,4.0,5.0,4.0,4.0
4061,Film and Video Editors,"Set up and operate computer editing systems, electronic titling systems, video switching equipment, and digital video effects units to produce a final product.",450,2025-04-26,2.0,4.0,1.0,2.0,1.0,3.0
22654,Writers and Authors,Present drafts and ideas to clients.,450,2025-04-26,3.0,4.0,2.0,5.0,5.0,4.0
3987,Audio and Video Technicians,"Switch sources of video input from one camera or studio to another, from film to live programming, or from network to local programming.",450,2025-04-26,1.0,5.0,2.0,3.0,4.0,5.0
4013,Broadcast Technicians,Select sources from which programming will be received or through which programming will be transmitted.,450,2025-04-26,1.0,3.0,4.0,5.0,2.0,5.0
9421,Medical Transcriptionists,"Produce medical reports, correspondence, records, patient-care information, statistics, medical research, and administrative material.",450,2025-04-26,4.0,1.0,3.0,5.0,1.0,2.0
4057,Film and Video Editors,Organize and string together raw footage into a continuous whole according to scripts or the instructions of directors and producers.,450,2025-04-26,2.0,1.0,3.0,5.0,4.0,4.0
9357,Photographers,"Enhance, retouch, and resize photographs and negatives, using airbrushing and other techniques.",450,2025-04-26,5.0,1.0,1.0,3.0,1.0,1.0
3996,Audio and Video Technicians,"Determine formats, approaches, content, levels, and mediums to effectively meet objectives within budgetary constraints, using research, knowledge, and training.",450,2025-04-26,3.0,1.0,1.0,4.0,4.0,3.0
4000,Audio and Video Technicians,Produce rough and finished graphics and graphic designs.,450,2025-04-26,5.0,1.0,1.0,3.0,1.0,2.0
18653,Broadcast Technicians,Monitor and log transmitter readings.,450,2025-04-26,3.0,3.0,1.0,3.0,3.0,2.0
17234,Radiologists,Participate in continuing education activities to maintain and develop expertise.,450,2025-04-26,2.0,4.0,1.0,1.0,5.0,5.0
4060,Film and Video Editors,Review footage sequence by sequence to become familiar with it before assembling it into a final product.,450,2025-04-26,5.0,1.0,1.0,1.0,1.0,1.0
4008,Broadcast Technicians,Control audio equipment to regulate volume and sound quality during radio and television broadcasts.,450,2025-04-26,1.0,4.0,4.0,5.0,3.0,5.0
3970,Technical Writers,"Review published materials and recommend revisions or changes in scope, format, content, and methods of reproduction and binding.",450,2025-04-26,5.0,1.0,1.0,3.0,1.0,2.0
22660,Writers and Authors,"Review advertising trends, consumer surveys, and other data regarding marketing of goods and services to determine the best way to promote products.",450,2025-04-26,3.0,1.0,1.0,4.0,1.0,3.0
22657,Writers and Authors,"Write articles, bulletins, sales letters, speeches, and other related informative, marketing and promotional material.",450,2025-04-26,5.0,1.0,1.0,3.0,1.0,2.0
7729,Sound Engineering Technicians,"Separate instruments, vocals, and other sounds, and combine sounds during the mixing or postproduction stage.",450,2025-04-26,5.0,1.0,1.0,3.0,1.0,1.0
4066,Film and Video Editors,Trim film segments to specified lengths and reassemble segments in sequences that present stories with maximum effect.,450,2025-04-26,3.0,1.0,3.0,5.0,3.0,3.0
9352,Photographers,"Manipulate and enhance scanned or digital images to create desired effects, using computers and specialized software.",450,2025-04-26,5.0,1.0,1.0,2.0,1.0,1.0
4022,Broadcast Technicians,"Edit broadcast material electronically, using computers.",450,2025-04-26,5.0,1.0,1.0,3.0,3.0,2.0
18654,Broadcast Technicians,"Play and record broadcast programs, using automation systems.",450,2025-04-26,4.0,1.0,3.0,3.0,1.0,2.0
3979,Technical Writers,Draw sketches to illustrate specified materials or assembly sequence.,450,2025-04-26,3.0,1.0,1.0,4.0,4.0,3.0
9351,Photographers,"Estimate or measure light levels, distances, and numbers of exposures needed, using measuring devices and formulas.",450,2025-04-26,4.0,3.0,1.0,2.0,1.0,2.0
18651,Audio and Video Technicians,"Reserve audio-visual equipment and facilities, such as meeting rooms.",450,2025-04-26,5.0,1.0,1.0,1.0,1.0,1.0
4053,Film and Video Editors,Select and combine the most effective shots of each scene to form a logical and smoothly running story.,450,2025-04-26,2.0,1.0,4.0,5.0,4.0,4.0
9416,Medical Transcriptionists,"Return dictated reports in printed or electronic form for physician's review, signature, and corrections and for inclusion in patients' medical records.",450,2025-04-26,5.0,1.0,1.0,1.0,1.0,2.0
3982,Audio and Video Technicians,Mix and regulate sound inputs and feeds or coordinate audio feeds with television pictures.,450,2025-04-26,4.0,1.0,3.0,3.0,1.0,2.0
7725,Sound Engineering Technicians,"Mix and edit voices, music, and taped sound effects for live performances and for prerecorded events, using sound mixing boards.",450,2025-04-26,1.0,4.0,4.0,5.0,4.0,5.0
4050,Film and Video Editors,"Cut shot sequences to different angles at specific points in scenes, making each individual cut as fluid and seamless as possible.",450,2025-04-26,4.0,1.0,1.0,3.0,1.0,2.0
3646,Environmental Engineering Technologists and Technicians,Review work plans to schedule activities.,PurpleBear,2025-04-27,3.0,1.0,3.0,2.0,5.0,2.0
7399,Computer Hardware Engineers,Confer with engineering staff and consult specifications to evaluate interface between hardware and software and operational and performance requirements of overall system.,PurpleBear,2025-04-27,3.0,1.0,2.0,2.0,5.0,3.0
16423,Automotive Engineers,Prepare or present technical or project status reports.,PurpleBear,2025-04-27,3.0,1.0,3.0,3.0,4.0,3.0
3657,Environmental Engineering Technologists and Technicians,Perform statistical analysis and correction of air or water pollution data submitted by industry or other agencies.,PurpleBear,2025-04-27,3.0,1.0,2.0,3.0,4.0,3.0
20491,Civil Engineers,"Plan and design transportation or hydraulic systems or structures, using computer-assisted design or drawing tools.",PurpleBear,2025-04-27,3.0,1.0,4.0,4.0,2.0,3.0
16511,Robotics Engineers,Provide technical support for robotic systems.,PurpleBear,2025-04-27,3.0,5.0,4.0,4.0,4.0,3.0
3586,Petroleum Engineers,Maintain records of drilling and production operations.,PurpleBear,2025-04-27,3.0,2.0,3.0,2.0,2.0,3.0
16518,Robotics Engineers,Plan mobile robot paths and teach path plans to robots.,PurpleBear,2025-04-27,2.0,4.0,3.0,4.0,1.0,4.0
21052,Validation Engineers,Recommend resolution of identified deviations from established product or process standards.,PurpleBear,2025-04-27,3.0,1.0,3.0,3.0,3.0,3.0
21946,Electrical and Electronics Drafters,Assemble documentation packages and produce drawing sets to be checked by an engineer or an architect.,PurpleBear,2025-04-27,4.0,1.0,2.0,2.0,3.0,2.0
1410,Industrial Engineers,Regulate and alter workflow schedules according to established manufacturing sequences and lead times to expedite production operations.,PurpleBear,2025-04-27,3.0,1.0,3.0,3.0,4.0,3.0
16405,Fuel Cell Engineers,"Simulate or model fuel cell, motor, or other system information, using simulation software programs.",PurpleBear,2025-04-27,3.0,1.0,2.0,4.0,1.0,2.0
16370,Radio Frequency Identification Device Specialists,"Integrate tags, readers, or software in radio frequency identification device (RFID) designs.",PurpleBear,2025-04-27,3.0,4.0,2.0,3.0,1.0,4.0
1482,Mechanical Engineering Technologists and Technicians,"Analyze test results in relation to design or rated specifications and test objectives, and modify or adjust equipment to meet specifications.",PurpleBear,2025-04-27,2.0,5.0,3.0,4.0,2.0,5.0
16485,Microsystems Engineers,Plan or schedule engineering research or development projects involving microelectromechanical systems (MEMS) technology.,PurpleBear,2025-04-27,3.0,1.0,3.0,2.0,5.0,3.0
21864,"Health and Safety Engineers, Except Mining Safety Engineers and Inspectors","Maintain and apply knowledge of current policies, regulations, and industrial processes.",PurpleBear,2025-04-27,3.0,2.0,4.0,3.0,4.0,3.0
3581,Petroleum Engineers,Analyze data to recommend placement of wells and supplementary processes to enhance production.,PurpleBear,2025-04-27,2.0,3.0,5.0,4.0,1.0,5.0
21866,"Health and Safety Engineers, Except Mining Safety Engineers and Inspectors","Report or review findings from accident investigations, facilities inspections, or environmental testing.",PurpleBear,2025-04-27,3.0,1.0,4.0,3.0,3.0,3.0
1486,Mechanical Engineering Technologists and Technicians,"Record test procedures and results, numerical and graphical data, and recommendations for changes in product or test methods.",PurpleBear,2025-04-27,3.0,3.0,1.0,2.0,3.0,3.0
5355,"Electronics Engineers, Except Computer","Prepare necessary criteria, procedures, reports, or plans for successful conduct of the project with consideration given to site preparation, facility validation, installation, quality assurance, or testing.",PurpleBear,2025-04-27,2.0,5.0,3.0,3.0,2.0,5.0
20736,Mechanical Engineers,"Specify system components or direct modification of products to ensure conformance with engineering design, performance specifications, or environmental regulations.",PurpleBear,2025-04-27,2.0,2.0,3.0,3.0,4.0,4.0
5160,Proofreaders and Copy Markers,Read corrected copies or proofs to ensure that all corrections have been made.,650_b,2025-04-28,4.0,2.0,3.0,2.0,1.0,2.0
11405,Data Entry Keyers,"Locate and correct data entry errors, or report them to supervisors.",650_b,2025-04-28,4.0,2.0,2.0,1.0,1.0,2.0
23315,Insurance Claims and Policy Processing Clerks,Post or attach information to claim file.,650_b,2025-04-28,3.0,3.0,3.0,4.0,3.0,4.0
23322,Insurance Claims and Policy Processing Clerks,Correspond with insured or agent to obtain information or to inform them of account status or changes.,650_b,2025-04-28,2.0,3.0,3.0,4.0,3.0,4.0
11403,Data Entry Keyers,"Compare data with source documents, or re-enter data in verification format to detect errors.",650_b,2025-04-28,4.0,2.0,2.0,2.0,1.0,2.0
23333,Insurance Claims and Policy Processing Clerks,"Obtain computer printout of policy cancellations, or retrieve cancellation cards from file.",650_b,2025-04-28,5.0,1.0,1.0,1.0,1.0,5.0
5161,Proofreaders and Copy Markers,"Compare information or figures on one record against same data on other records, or with original copy, to detect errors.",650_b,2025-04-28,3.0,2.0,2.0,2.0,2.0,3.0
23326,Insurance Claims and Policy Processing Clerks,"Transcribe data to worksheets, and enter data into computer for use in preparing documents and adjusting accounts.",650_b,2025-04-28,4.0,1.0,2.0,1.0,1.0,4.0
832,"Office Clerks, General","Maintain and update filing, inventory, mailing, and database systems, either manually or using a computer.",650_b,2025-04-28,4.0,2.0,1.0,2.0,2.0,4.0
826,"Office Clerks, General","Communicate with customers, employees, and other individuals to answer questions, disseminate or explain information, take orders, and address complaints.",650_b,2025-04-28,2.0,3.0,3.0,3.0,4.0,4.0
12301,Power Distributors and Dispatchers,"Control, monitor, or operate equipment that regulates or distributes electricity or steam, using data obtained from instruments or computers.",650_b,2025-04-28,3.0,2.0,2.0,2.0,2.0,2.0
11401,Data Entry Keyers,"Read source documents such as canceled checks, sales reports, or bills, and enter data in specific data fields or onto tapes or disks for subsequent entry, using keyboards or scanners.",650_b,2025-04-28,4.0,1.0,2.0,1.0,1.0,2.0
11404,Data Entry Keyers,Store completed documents in appropriate locations.,650_b,2025-04-28,4.0,1.0,2.0,1.0,1.0,2.0
828,"Office Clerks, General","Compile, copy, sort, and file records of office activities, business transactions, and other activities.",650_b,2025-04-28,4.0,2.0,2.0,2.0,2.0,2.0
2821,Desktop Publishers,"Enter digitized data into electronic prepress system computer memory, using scanner, camera, keyboard, or mouse.",650_b,2025-04-28,3.0,2.0,2.0,2.0,2.0,3.0
2818,Desktop Publishers,"Enter text into computer keyboard and select the size and style of type, column width, and appropriate spacing for printed materials.",650_b,2025-04-28,3.0,2.0,2.0,3.0,2.0,3.0
23319,Insurance Claims and Policy Processing Clerks,Process and record new insurance policies and claims.,650_b,2025-04-28,3.0,2.0,3.0,3.0,2.0,3.0
23316,Insurance Claims and Policy Processing Clerks,Transmit claims for payment or further investigation.,650_b,2025-04-28,2.0,3.0,4.0,2.0,2.0,4.0
11402,Data Entry Keyers,"Compile, sort, and verify the accuracy of data before it is entered.",650_b,2025-04-28,4.0,1.0,2.0,1.0,1.0,2.0
11406,Data Entry Keyers,Maintain logs of activities and completed work.,650_b,2025-04-28,4.0,1.0,2.0,1.0,1.0,2.0
23314,Insurance Claims and Policy Processing Clerks,Calculate amount of claim.,650_b,2025-04-28,2.0,2.0,3.0,3.0,2.0,3.0
11644,"Computer, Automated Teller, and Office Machine Repairers",Analyze equipment performance records to assess equipment functioning.,650_b,2025-04-28,2.0,2.0,3.0,3.0,1.0,4.0
20288,"Secretaries and Administrative Assistants, Except Legal, Medical, and Executive",Develop or maintain internal or external company Web sites.,650_b,2025-04-28,2.0,3.0,3.0,3.0,2.0,4.0
2829,Desktop Publishers,Select number of colors and determine color separations.,650_b,2025-04-28,2.0,3.0,3.0,3.0,3.0,4.0
16200,Video Game Designers,Write or supervise the writing of game text and dialogue.,350_a,2025-04-28,3.0,4.0,1.0,5.0,1.0,4.0
14645,Software Quality Assurance Analysts and Testers,Plan test schedules or strategies in accordance with project scope or delivery dates.,350_a,2025-04-28,5.0,1.0,2.0,5.0,2.0,3.0
4622,Telemarketers,"Record names, addresses, purchases, and reactions of prospects contacted.",500_b,2025-04-28,2.0,4.0,4.0,4.0,5.0,5.0
23246,Billing and Posting Clerks,Keep records of invoices and support documents.,500_b,2025-04-28,5.0,1.0,2.0,1.0,2.0,2.0
2494,"Bookkeeping, Accounting, and Auditing Clerks",Access computerized financial information to answer general questions as well as those related to specific accounts.,500_b,2025-04-28,4.0,3.0,2.0,2.0,2.0,3.0
2532,Procurement Clerks,"Determine if inventory quantities are sufficient for needs, ordering more materials when necessary.",500_b,2025-04-28,4.0,2.0,2.0,3.0,3.0,2.0
2537,Procurement Clerks,"Prepare, maintain, and review purchasing files, reports and price lists.",500_b,2025-04-28,4.0,2.0,2.0,2.0,2.0,2.0
2505,"Bookkeeping, Accounting, and Auditing Clerks",Monitor status of loans and accounts to ensure that payments are up to date.,500_b,2025-04-28,5.0,1.0,1.0,1.0,1.0,1.0
2489,"Bookkeeping, Accounting, and Auditing Clerks","Debit, credit, and total accounts on computer spreadsheets and databases, using specialized accounting software.",500_b,2025-04-28,1.0,1.0,1.0,1.0,1.0,1.0
1148,"Purchasing Agents, Except Wholesale, Retail, and Farm Products","Monitor shipments to ensure that goods come in on time, and resolve problems related to undelivered goods.",100_b,2025-04-28,2.0,1.0,4.0,5.0,5.0,2.0
19826,"Sales Representatives, Wholesale and Manufacturing, Technical and Scientific Products",Present information to customers about the energy efficiency or environmental impact of scientific or technical products.,500_b,2025-04-28,2.0,4.0,4.0,4.0,5.0,4.0
2581,Customer Service Representatives,Contact customers to respond to inquiries or to notify them of claim investigation results or any planned adjustments.,500_b,2025-04-28,4.0,2.0,2.0,2.0,2.0,2.0
2580,Customer Service Representatives,Check to ensure that appropriate changes were made to resolve customers' problems.,500_b,2025-04-28,4.0,2.0,2.0,2.0,2.0,2.0
2520,Payroll and Timekeeping Clerks,"Record employee information, such as exemptions, transfers, and resignations, to maintain and update payroll records.",500_b,2025-04-28,5.0,1.0,1.0,1.0,1.0,1.0
23251,Billing and Posting Clerks,Compare previously prepared bank statements with canceled checks and reconcile discrepancies.,500_b,2025-04-28,5.0,1.0,1.0,1.0,1.0,1.0
9756,Reservation and Transportation Ticket Agents and Travel Clerks,Maintain computerized inventories of available passenger space and provide information on space reserved or available.,550_a,2025-04-29,4.0,1.0,3.0,2.0,2.0,4.0
2717,Public Safety Telecommunicators,Read and effectively interpret small-scale maps and information from a computer screen to determine locations and provide directions.,550_a,2025-04-29,1.0,2.0,4.0,4.0,4.0,5.0
17695,Freight Forwarders,Pay or arrange for payment of freight or insurance fees or other charges.,550_a,2025-04-29,1.0,5.0,2.0,2.0,2.0,2.0
2701,"Human Resources Assistants, Except Payroll and Timekeeping",Arrange for advertising or posting of job vacancies and notify eligible workers of position availability.,550_a,2025-04-29,4.0,1.0,2.0,2.0,2.0,2.0
2730,"Dispatchers, Except Police, Fire, and Ambulance",Monitor personnel or equipment locations and utilization to coordinate service and schedules.,550_a,2025-04-29,1.0,2.0,5.0,5.0,5.0,5.0
2712,Public Safety Telecommunicators,"Maintain access to, and security of, highly sensitive materials.",550_a,2025-04-29,2.0,2.0,4.0,4.0,4.0,4.0
2694,"Human Resources Assistants, Except Payroll and Timekeeping","Search employee files to obtain information for authorized persons and organizations, such as credit bureaus and finance companies.",550_a,2025-04-29,4.0,2.0,2.0,2.0,2.0,2.0
9767,Reservation and Transportation Ticket Agents and Travel Clerks,Contact customers or travel agents to advise them of travel conveyance changes or to confirm reservations.,550_a,2025-04-29,5.0,1.0,2.0,1.0,2.0,2.0
15414,Quality Control Systems Managers,Review quality documentation necessary for regulatory submissions and inspections.,50_a,2025-04-29,5.0,5.0,2.0,2.0,1.0,1.0
17681,Freight Forwarders,Determine efficient and cost-effective methods of moving goods from one location to another.,550_a,2025-04-29,3.0,3.0,2.0,2.0,2.0,2.0
9766,Reservation and Transportation Ticket Agents and Travel Clerks,"Provide customers with travel suggestions and information sources, such as guides, directories, brochures, or maps.",550_a,2025-04-29,5.0,1.0,2.0,1.0,2.0,2.0
15460,Biofuels Production Managers,"Approve proposals for the acquisition, replacement, or repair of biofuels processing equipment or the implementation of new production processes.",50_a,2025-04-29,5.0,1.0,1.0,2.0,1.0,1.0
2697,"Human Resources Assistants, Except Payroll and Timekeeping",Compile and prepare reports and documents pertaining to personnel activities.,550_a,2025-04-29,4.0,1.0,2.0,2.0,2.0,2.0
15456,Biofuels Production Managers,"Review logs, datasheets, or reports to ensure adequate production levels or to identify abnormalities with biofuels production equipment or processes.",50_a,2025-04-29,5.0,1.0,1.0,1.0,1.0,5.0
17691,Freight Forwarders,"Maintain current knowledge of relevant legislation, political situations, or other factors that could affect freight shipping.",550_a,2025-04-29,2.0,3.0,2.0,2.0,3.0,4.0
3223,Advertising and Promotions Managers,Prepare budgets and submit estimates for program costs as part of campaign plan development.,50_a,2025-04-29,5.0,1.0,2.0,1.0,1.0,1.0
15458,Biofuels Production Managers,"Monitor meters, flow gauges, or other real-time data to ensure proper operation of biofuels production equipment, implementing corrective measures as needed.",50_a,2025-04-29,3.0,4.0,5.0,5.0,1.0,5.0
17687,Freight Forwarders,"Prepare shipping documentation, such as bills of lading, packing lists, dock receipts, or certificates of origin.",550_a,2025-04-29,3.0,3.0,2.0,2.0,3.0,3.0
9755,Reservation and Transportation Ticket Agents and Travel Clerks,"Inform clients of essential travel information, such as travel times, transportation connections, or medical and visa requirements.",550_a,2025-04-29,4.0,1.0,2.0,1.0,3.0,2.0
15700,Supply Chain Managers,"Develop procedures for coordination of supply chain management with other functional areas, such as sales, marketing, finance, production, or quality assurance.",50_a,2025-04-29,4.0,3.0,2.0,1.0,3.0,3.0
17700,Freight Forwarders,"Arrange for applicable duties, taxes, or paperwork for customs clearance.",550_a,2025-04-29,2.0,1.0,3.0,3.0,3.0,4.0
2714,Public Safety Telecommunicators,"Maintain files of information relating to emergency calls, such as personnel rosters and emergency call-out and pager files.",550_a,2025-04-29,2.0,1.0,4.0,4.0,4.0,4.0
2706,Public Safety Telecommunicators,"Record details of calls, dispatches, and messages.",550_a,2025-04-29,4.0,1.0,2.0,2.0,2.0,2.0
2702,"Human Resources Assistants, Except Payroll and Timekeeping",Provide assistance in administering employee benefit programs and worker's compensation plans.,550_a,2025-04-29,2.0,1.0,3.0,3.0,5.0,4.0
2723,"Dispatchers, Except Police, Fire, and Ambulance","Schedule or dispatch workers, work crews, equipment, or service vehicles to appropriate locations, according to customer requests, specifications, or needs, using radios or telephones.",550_a,2025-04-29,1.0,1.0,5.0,5.0,5.0,4.0
1317,Network and Computer Systems Administrators,Perform data backups and disaster recovery operations.,300_b,2025-04-29,1.0,4.0,5.0,5.0,3.0,4.0
2587,Customer Service Representatives,Review insurance policy terms to determine whether a particular loss is covered by insurance.,550_a,2025-04-29,2.0,1.0,5.0,5.0,5.0,4.0
18993,Computer Network Support Specialists,Document network support activities.,300_b,2025-04-29,2.0,4.0,4.0,4.0,4.0,3.0
2727,"Dispatchers, Except Police, Fire, and Ambulance",Prepare daily work and run schedules.,550_a,2025-04-29,2.0,1.0,5.0,5.0,5.0,4.0
17696,Freight Forwarders,Prepare invoices or cost quotations for freight transportation.,550_a,2025-04-29,3.0,1.0,2.0,2.0,2.0,3.0
2690,"Human Resources Assistants, Except Payroll and Timekeeping",Process and review employment applications to evaluate qualifications or eligibility of applicants.,550_a,2025-04-29,4.0,1.0,2.0,3.0,1.0,2.0
16123,Data Warehousing Specialists,"Perform system analysis, data analysis or programming, using a variety of computer languages and procedures.",300_b,2025-04-29,4.0,1.0,3.0,2.0,2.0,2.0
2815,Desktop Publishers,Check preliminary and final proofs for errors and make necessary corrections.,500,2025-04-29,4.0,2.0,1.0,4.0,3.0,2.0
17699,Freight Forwarders,"Verify adherence of documentation to customs, insurance, or regulatory requirements.",550_a,2025-04-29,2.0,1.0,4.0,4.0,4.0,4.0
5316,Information Security Analysts,Monitor current reports of computer viruses to determine when to update virus protection systems.,300_b,2025-04-29,3.0,2.0,2.0,3.0,2.0,2.0
1274,Computer Programmers,Write or contribute to instructions or manuals to guide end users.,300_b,2025-04-29,4.0,3.0,3.0,3.0,4.0,2.0
9758,Reservation and Transportation Ticket Agents and Travel Clerks,Examine passenger documentation to determine destinations and to assign boarding passes.,550_a,2025-04-29,5.0,1.0,1.0,1.0,1.0,1.0
18979,Computer Network Architects,"Monitor and analyze network performance and reports on data input or output to detect problems, identify inefficient use of computer resources, or perform capacity planning.",300_b,2025-04-29,4.0,2.0,2.0,3.0,2.0,2.0
2824,Desktop Publishers,"Prepare sample layouts for approval, using computer software.",500,2025-04-29,4.0,2.0,1.0,4.0,3.0,3.0
1031,Purchasing Managers,"Review, evaluate, and approve specifications for issuing and awarding bids.",50_a,2025-04-29,5.0,1.0,2.0,2.0,1.0,2.0
19014,Computer Network Support Specialists,Train users in procedures related to network applications software or related systems.,300_b,2025-04-29,4.0,2.0,2.0,2.0,3.0,2.0
2692,"Human Resources Assistants, Except Payroll and Timekeeping",Examine employee files to answer inquiries and provide information for personnel actions.,550_a,2025-04-29,3.0,1.0,2.0,2.0,4.0,2.0
2579,Customer Service Representatives,"Resolve customers' service or billing complaints by performing activities such as exchanging merchandise, refunding money, or adjusting bills.",550_a,2025-04-29,3.0,1.0,3.0,2.0,4.0,2.0
2825,Desktop Publishers,Study layout or other design instructions to determine work to be done and sequence of operations.,500,2025-04-29,4.0,1.0,1.0,4.0,2.0,2.0
9752,Reservation and Transportation Ticket Agents and Travel Clerks,"Answer inquiries regarding information, such as schedules, accommodations, procedures, or policies.",550_a,2025-04-29,5.0,1.0,1.0,1.0,3.0,1.0
15424,Quality Control Systems Managers,"Direct the tracking of defects, test results, or other regularly reported quality control data.",50_a,2025-04-29,5.0,1.0,1.0,1.0,1.0,2.0
9762,Reservation and Transportation Ticket Agents and Travel Clerks,"Trace lost, delayed, or misdirected baggage for customers.",550_a,2025-04-29,2.0,2.0,4.0,3.0,4.0,3.0
1299,Database Administrators,Modify existing databases and database management systems or direct programmers and analysts to make changes.,300_b,2025-04-29,4.0,2.0,2.0,2.0,2.0,2.0
12307,Power Distributors and Dispatchers,Manipulate controls to adjust or activate power distribution equipment or machines.,500,2025-04-29,5.0,2.0,3.0,3.0,1.0,2.0
18561,"Bookkeeping, Accounting, and Auditing Clerks",Prepare and process payroll information.,500,2025-04-29,5.0,1.0,3.0,3.0,1.0,1.0
23325,Insurance Claims and Policy Processing Clerks,"Examine letters from policyholders or agents, original insurance applications, and other company documents to determine if changes are needed and effects of changes.",500,2025-04-29,5.0,1.0,3.0,3.0,1.0,1.0
17692,Freight Forwarders,Monitor or record locations of goods in transit.,550_a,2025-04-29,5.0,1.0,2.0,2.0,1.0,2.0
20910,Proofreaders and Copy Markers,"Typeset and measure dimensions, spacing, and positioning of page elements, such as copy and illustrations, to verify conformance to specifications, using printer's ruler or layout software.",500,2025-04-29,5.0,1.0,1.0,2.0,1.0,1.0
9751,Reservation and Transportation Ticket Agents and Travel Clerks,Prepare customer invoices and accept payment.,550_a,2025-04-29,5.0,1.0,2.0,1.0,3.0,2.0
23197,"Securities, Commodities, and Financial Services Sales Agents",Complete sales order tickets and submit for processing of client-requested transactions.,500,2025-04-29,4.0,1.0,3.0,2.0,2.0,2.0
9749,Reservation and Transportation Ticket Agents and Travel Clerks,"Plan routes, itineraries, and accommodation details, and compute fares and fees, using schedules, rate books, and computers.",550_a,2025-04-29,2.0,1.0,4.0,2.0,4.0,4.0
11291,Loan Interviewers and Clerks,Verify and examine information and accuracy of loan application and closing documents.,550_a,2025-04-29,3.0,1.0,3.0,3.0,4.0,3.0
23323,Insurance Claims and Policy Processing Clerks,"Review and verify data, such as age, name, address, and principal sum and value of property, on insurance applications and policies.",500,2025-04-29,5.0,1.0,3.0,2.0,1.0,1.0
14641,Software Quality Assurance Analysts and Testers,"Document software defects, using a bug tracking system, and report defects to software developers.",300_b,2025-04-29,4.0,2.0,1.0,3.0,3.0,2.0
2731,"Dispatchers, Except Police, Fire, and Ambulance","Record and maintain files or records of customer requests, work or services performed, charges, expenses, inventory, or other dispatch information.",550_a,2025-04-29,3.0,1.0,3.0,3.0,2.0,3.0
11298,Loan Interviewers and Clerks,Present loan and repayment schedules to customers.,500,2025-04-29,2.0,1.0,3.0,4.0,4.0,4.0
9754,Reservation and Transportation Ticket Agents and Travel Clerks,"Determine whether space is available on travel dates requested by customers, assigning requested spaces when available.",550_a,2025-04-29,5.0,1.0,1.0,1.0,2.0,1.0
16118,Data Warehousing Specialists,Provide or coordinate troubleshooting support for data warehouses.,300_b,2025-04-29,3.0,3.0,3.0,4.0,3.0,4.0
2589,Customer Service Representatives,Compare disputed merchandise with original requisitions and information from invoices and prepare invoices for returned goods.,550_a,2025-04-29,2.0,1.0,3.0,2.0,5.0,4.0
2823,Desktop Publishers,"Import text and art elements, such as electronic clip art or electronic files from photographs that have been scanned or produced with a digital camera, using computer software.",500,2025-04-29,5.0,1.0,2.0,2.0,1.0,1.0
2691,"Human Resources Assistants, Except Payroll and Timekeeping","Answer questions regarding examinations, eligibility, salaries, benefits, and other pertinent information.",550_a,2025-04-29,5.0,1.0,1.0,2.0,4.0,1.0
2708,Public Safety Telecommunicators,"Enter, update, and retrieve information from teletype networks and computerized data systems regarding such things as wanted persons, stolen property, vehicle registration, and stolen vehicles.",550_a,2025-04-29,4.0,1.0,2.0,2.0,2.0,2.0
829,"Office Clerks, General","Complete and mail bills, contracts, policies, invoices, or checks.",500,2025-04-29,4.0,2.0,3.0,1.0,1.0,2.0
979,Computer and Information Systems Managers,Evaluate data processing proposals to assess project feasibility and requirements.,50,2025-04-29,1.0,2.0,1.0,3.0,1.0,2.0
11304,Loan Interviewers and Clerks,Accept payment on accounts.,550_a,2025-04-29,5.0,1.0,2.0,1.0,2.0,1.0
2698,"Human Resources Assistants, Except Payroll and Timekeeping",Inform job applicants of their acceptance or rejection of employment.,550_a,2025-04-29,5.0,1.0,1.0,1.0,4.0,2.0
969,Computer and Information Systems Managers,"Assign and review the work of systems analysts, programmers, and other computer-related workers.",50,2025-04-29,2.0,2.0,2.0,1.0,1.0,3.0
14623,Computer and Information Research Scientists,Analyze problems to develop solutions involving computer hardware and software.,50,2025-04-29,2.0,2.0,2.0,2.0,1.0,3.0
972,Computer and Information Systems Managers,Review and approve all systems charts and programs prior to their implementation.,50,2025-04-29,2.0,3.0,2.0,2.0,1.0,3.0
17686,Freight Forwarders,"Calculate weight, volume, or cost of goods to be moved.",550_a,2025-04-29,5.0,1.0,2.0,2.0,1.0,2.0
974,Computer and Information Systems Managers,Control operational budget and expenditures.,50,2025-04-29,1.0,2.0,2.0,2.0,1.0,3.0
3470,Computer Systems Analysts,Expand or modify system to serve new purposes or improve work flow.,50,2025-04-29,1.0,2.0,1.0,2.0,1.0,3.0
18572,"Human Resources Assistants, Except Payroll and Timekeeping","Process, verify, and maintain personnel related documentation, including staffing, recruitment, training, grievances, performance evaluations, classifications, and employee leaves of absence.",550_a,2025-04-29,4.0,1.0,2.0,2.0,2.0,2.0
17690,Freight Forwarders,Keep records of goods dispatched or received.,550_a,2025-04-29,5.0,1.0,2.0,1.0,1.0,2.0
2693,"Human Resources Assistants, Except Payroll and Timekeeping",Gather personnel records from other departments or employees.,550_a,2025-04-29,4.0,1.0,2.0,2.0,4.0,3.0
15457,Biofuels Production Managers,Prepare and manage biofuels plant or unit budgets.,50_a,2025-04-29,4.0,1.0,2.0,2.0,2.0,2.0
1002,Human Resources Managers,"Develop, administer, and evaluate applicant tests.",50_a,2025-04-29,3.0,1.0,5.0,2.0,2.0,2.0
2705,Public Safety Telecommunicators,"Determine response requirements and relative priorities of situations, and dispatch units in accordance with established procedures.",550_a,2025-04-29,2.0,1.0,4.0,4.0,2.0,4.0
17689,Freight Forwarders,"Inform clients of factors such as shipping options, timelines, transfers, or regulations affecting shipments.",550_a,2025-04-29,5.0,1.0,1.0,2.0,4.0,2.0
2591,Customer Service Representatives,"Recommend improvements in products, packaging, shipping, service, or billing methods and procedures to prevent future problems.",550_a,2025-04-29,4.0,1.0,2.0,3.0,5.0,2.0
2689,"Human Resources Assistants, Except Payroll and Timekeeping","Record data for each employee, including such information as addresses, weekly earnings, absences, amount of sales or production, supervisory reports on performance, and dates of and reasons for terminations.",550_a,2025-04-29,5.0,1.0,3.0,2.0,1.0,3.0
17694,Freight Forwarders,Obtain or arrange cargo insurance.,550_a,2025-04-29,2.0,1.0,4.0,4.0,2.0,4.0
994,Human Resources Managers,Analyze statistical data and reports to identify and determine causes of personnel problems and develop recommendations for improvement of organization's personnel policies and practices.,50_a,2025-04-29,3.0,3.0,2.0,2.0,4.0,3.0
12301,Power Distributors and Dispatchers,"Control, monitor, or operate equipment that regulates or distributes electricity or steam, using data obtained from instruments or computers.",650_a,2025-04-29,1.0,3.0,4.0,5.0,1.0,3.0
23316,Insurance Claims and Policy Processing Clerks,Transmit claims for payment or further investigation.,650_a,2025-04-29,3.0,1.0,2.0,3.0,2.0,3.0
2821,Desktop Publishers,"Enter digitized data into electronic prepress system computer memory, using scanner, camera, keyboard, or mouse.",650_a,2025-04-29,4.0,1.0,1.0,2.0,1.0,1.0
23319,Insurance Claims and Policy Processing Clerks,Process and record new insurance policies and claims.,650_a,2025-04-29,3.0,1.0,2.0,2.0,2.0,2.0
5160,Proofreaders and Copy Markers,Read corrected copies or proofs to ensure that all corrections have been made.,650_a,2025-04-29,4.0,1.0,1.0,2.0,1.0,1.0
23333,Insurance Claims and Policy Processing Clerks,"Obtain computer printout of policy cancellations, or retrieve cancellation cards from file.",650_a,2025-04-29,4.0,2.0,1.0,2.0,1.0,1.0
11401,Data Entry Keyers,"Read source documents such as canceled checks, sales reports, or bills, and enter data in specific data fields or onto tapes or disks for subsequent entry, using keyboards or scanners.",650_a,2025-04-29,4.0,1.0,1.0,2.0,1.0,1.0
828,"Office Clerks, General","Compile, copy, sort, and file records of office activities, business transactions, and other activities.",650_a,2025-04-29,4.0,2.0,1.0,2.0,1.0,1.0
11403,Data Entry Keyers,"Compare data with source documents, or re-enter data in verification format to detect errors.",650_a,2025-04-29,4.0,1.0,2.0,2.0,1.0,1.0
11405,Data Entry Keyers,"Locate and correct data entry errors, or report them to supervisors.",650_a,2025-04-29,4.0,2.0,2.0,2.0,2.0,2.0
11402,Data Entry Keyers,"Compile, sort, and verify the accuracy of data before it is entered.",650_a,2025-04-29,4.0,2.0,2.0,2.0,1.0,1.0
23326,Insurance Claims and Policy Processing Clerks,"Transcribe data to worksheets, and enter data into computer for use in preparing documents and adjusting accounts.",650_a,2025-04-29,4.0,1.0,1.0,2.0,1.0,1.0
11406,Data Entry Keyers,Maintain logs of activities and completed work.,650_a,2025-04-29,4.0,2.0,1.0,2.0,1.0,1.0
5161,Proofreaders and Copy Markers,"Compare information or figures on one record against same data on other records, or with original copy, to detect errors.",650_a,2025-04-29,4.0,1.0,1.0,2.0,1.0,1.0
832,"Office Clerks, General","Maintain and update filing, inventory, mailing, and database systems, either manually or using a computer.",650_a,2025-04-29,4.0,2.0,1.0,2.0,1.0,1.0
11644,"Computer, Automated Teller, and Office Machine Repairers",Analyze equipment performance records to assess equipment functioning.,650_a,2025-04-29,4.0,2.0,1.0,3.0,1.0,1.0
20288,"Secretaries and Administrative Assistants, Except Legal, Medical, and Executive",Develop or maintain internal or external company Web sites.,650_a,2025-04-29,3.0,1.0,3.0,3.0,3.0,3.0
23322,Insurance Claims and Policy Processing Clerks,Correspond with insured or agent to obtain information or to inform them of account status or changes.,650_a,2025-04-29,3.0,1.0,2.0,2.0,4.0,4.0
23315,Insurance Claims and Policy Processing Clerks,Post or attach information to claim file.,650_a,2025-04-29,3.0,1.0,1.0,3.0,1.0,1.0
826,"Office Clerks, General","Communicate with customers, employees, and other individuals to answer questions, disseminate or explain information, take orders, and address complaints.",650_a,2025-04-29,3.0,2.0,3.0,3.0,4.0,4.0
11404,Data Entry Keyers,Store completed documents in appropriate locations.,650_a,2025-04-29,3.0,2.0,3.0,4.0,1.0,1.0
2818,Desktop Publishers,"Enter text into computer keyboard and select the size and style of type, column width, and appropriate spacing for printed materials.",650_a,2025-04-29,3.0,1.0,3.0,3.0,4.0,4.0
2691,"Human Resources Assistants, Except Payroll and Timekeeping","Answer questions regarding examinations, eligibility, salaries, benefits, and other pertinent information.",550_b,2025-04-29,5.0,1.0,1.0,2.0,1.0,1.0
2701,"Human Resources Assistants, Except Payroll and Timekeeping",Arrange for advertising or posting of job vacancies and notify eligible workers of position availability.,550_b,2025-04-29,5.0,1.0,1.0,1.0,2.0,1.0
2714,Public Safety Telecommunicators,"Maintain files of information relating to emergency calls, such as personnel rosters and emergency call-out and pager files.",550_b,2025-04-29,4.0,1.0,1.0,3.0,3.0,1.0
17689,Freight Forwarders,"Inform clients of factors such as shipping options, timelines, transfers, or regulations affecting shipments.",550_b,2025-04-29,4.0,1.0,2.0,2.0,3.0,2.0
17687,Freight Forwarders,"Prepare shipping documentation, such as bills of lading, packing lists, dock receipts, or certificates of origin.",550_b,2025-04-29,5.0,1.0,2.0,2.0,1.0,1.0
2706,Public Safety Telecommunicators,"Record details of calls, dispatches, and messages.",550_b,2025-04-29,2.0,1.0,3.0,3.0,3.0,2.0
2591,Customer Service Representatives,"Recommend improvements in products, packaging, shipping, service, or billing methods and procedures to prevent future problems.",550_b,2025-04-29,3.0,1.0,2.0,4.0,5.0,5.0
11291,Loan Interviewers and Clerks,Verify and examine information and accuracy of loan application and closing documents.,550_b,2025-04-29,4.0,1.0,1.0,3.0,2.0,2.0
2705,Public Safety Telecommunicators,"Determine response requirements and relative priorities of situations, and dispatch units in accordance with established procedures.",550_b,2025-04-29,3.0,1.0,5.0,5.0,4.0,4.0
2730,"Dispatchers, Except Police, Fire, and Ambulance",Monitor personnel or equipment locations and utilization to coordinate service and schedules.,550_b,2025-04-29,3.0,1.0,4.0,5.0,3.0,3.0
2692,"Human Resources Assistants, Except Payroll and Timekeeping",Examine employee files to answer inquiries and provide information for personnel actions.,550_b,2025-04-29,3.0,1.0,4.0,4.0,5.0,1.0
9233,"Title Examiners, Abstractors, and Searchers","Copy or summarize recorded documents, such as mortgages, trust deeds, and contracts, that affect property titles.",300,2025-04-29,4.0,1.0,4.0,4.0,2.0,2.0
16968,Quality Control Analysts,Review data from contract laboratories to ensure accuracy and regulatory compliance.,300,2025-04-29,3.0,5.0,5.0,5.0,4.0,4.0
16977,Quality Control Analysts,"Complete documentation needed to support testing procedures, including data capture forms, equipment logbooks, or inventory forms.",300,2025-04-29,4.0,2.0,3.0,2.0,1.0,2.0
5671,"Business Teachers, Postsecondary",Advise students on academic and vocational curricula and career issues.,300,2025-04-29,4.0,1.0,2.0,5.0,4.0,2.0
9749,Reservation and Transportation Ticket Agents and Travel Clerks,"Plan routes, itineraries, and accommodation details, and compute fares and fees, using schedules, rate books, and computers.",550_b,2025-04-29,2.0,1.0,2.0,2.0,3.0,1.0
9766,Reservation and Transportation Ticket Agents and Travel Clerks,"Provide customers with travel suggestions and information sources, such as guides, directories, brochures, or maps.",550_b,2025-04-29,4.0,1.0,3.0,4.0,4.0,2.0
17681,Freight Forwarders,Determine efficient and cost-effective methods of moving goods from one location to another.,550_b,2025-04-29,5.0,1.0,3.0,5.0,1.0,1.0
19052,Judicial Law Clerks,"Review complaints, petitions, motions, or pleadings that have been filed to determine issues involved or basis for relief.",300,2025-04-29,3.0,1.0,5.0,4.0,2.0,2.0
2587,Customer Service Representatives,Review insurance policy terms to determine whether a particular loss is covered by insurance.,550_b,2025-04-29,5.0,1.0,2.0,5.0,1.0,1.0
12960,Social Science Research Assistants,Conduct internet-based and library research.,300,2025-04-29,4.0,2.0,2.0,4.0,2.0,2.0
2694,"Human Resources Assistants, Except Payroll and Timekeeping","Search employee files to obtain information for authorized persons and organizations, such as credit bureaus and finance companies.",550_b,2025-04-29,4.0,1.0,2.0,4.0,1.0,1.0
16994,Remote Sensing Technicians,Correct raw data for errors due to factors such as skew or atmospheric variation.,300,2025-04-29,2.0,1.0,5.0,5.0,1.0,5.0
9232,"Title Examiners, Abstractors, and Searchers",Read search requests to ascertain types of title evidence required and to obtain descriptions of properties and names of involved parties.,300,2025-04-29,3.0,1.0,3.0,5.0,3.0,3.0
9767,Reservation and Transportation Ticket Agents and Travel Clerks,Contact customers or travel agents to advise them of travel conveyance changes or to confirm reservations.,550_b,2025-04-29,5.0,1.0,1.0,2.0,2.0,1.0
19050,Judicial Law Clerks,"Prepare briefs, legal memoranda, or statements of issues involved in cases, including appropriate suggestions or recommendations.",300,2025-04-29,2.0,1.0,3.0,5.0,2.0,4.0
2723,"Dispatchers, Except Police, Fire, and Ambulance","Schedule or dispatch workers, work crews, equipment, or service vehicles to appropriate locations, according to customer requests, specifications, or needs, using radios or telephones.",550_b,2025-04-29,3.0,1.0,4.0,5.0,5.0,3.0
17695,Freight Forwarders,Pay or arrange for payment of freight or insurance fees or other charges.,550_b,2025-04-29,4.0,1.0,3.0,2.0,3.0,1.0
17690,Freight Forwarders,Keep records of goods dispatched or received.,550_b,2025-04-29,5.0,1.0,2.0,1.0,1.0,1.0
2717,Public Safety Telecommunicators,Read and effectively interpret small-scale maps and information from a computer screen to determine locations and provide directions.,550_b,2025-04-29,3.0,1.0,2.0,3.0,1.0,2.0
9762,Reservation and Transportation Ticket Agents and Travel Clerks,"Trace lost, delayed, or misdirected baggage for customers.",550_b,2025-04-29,3.0,1.0,3.0,3.0,2.0,2.0
22417,Librarians and Media Collections Specialists,"Respond to customer complaints, taking action as necessary.",300,2025-04-29,5.0,1.0,2.0,2.0,1.0,2.0
21927,Architectural and Civil Drafters,"Correlate, interpret, and modify data obtained from topographical surveys, well logs, and geophysical prospecting reports.",400_b,2025-04-29,4.0,3.0,4.0,4.0,3.0,2.0
3581,Petroleum Engineers,Analyze data to recommend placement of wells and supplementary processes to enhance production.,400_b,2025-04-29,5.0,1.0,4.0,2.0,1.0,2.0
1476,Mechanical Engineering Technologists and Technicians,"Review project instructions and blueprints to ascertain test specifications, procedures, and objectives, and test nature of technical problems such as redesign.",400_b,2025-04-29,4.0,1.0,3.0,4.0,1.0,4.0
20726,Aerospace Engineers,"Develop design criteria for aeronautical or aerospace products or systems, including testing methods, production costs, quality standards, environmental standards, or completion dates.",400_b,2025-04-29,3.0,2.0,3.0,4.0,4.0,4.0
21937,Architectural and Civil Drafters,Prepare colored drawings of landscape and interior designs for presentation to client.,400_b,2025-04-29,3.0,3.0,4.0,3.0,3.0,3.0
1358,Electrical Engineers,"Prepare technical drawings, specifications of electrical systems, or topographical maps to ensure that installation and operations conform to standards and customer requirements.",400_b,2025-04-29,4.0,2.0,2.0,4.0,2.0,2.0
1411,Mechanical Engineers,"Read and interpret blueprints, technical drawings, schematics, or computer-generated reports.",400_b,2025-04-29,4.0,2.0,2.0,3.0,2.0,2.0
7406,Computer Hardware Engineers,"Evaluate factors such as reporting formats required, cost constraints, and need for security restrictions to determine hardware configuration.",400_b,2025-04-29,3.0,3.0,2.0,3.0,2.0,3.0
7397,Computer Hardware Engineers,Analyze user needs and recommend appropriate hardware.,400_b,2025-04-29,4.0,2.0,2.0,3.0,2.0,2.0
16518,Robotics Engineers,Plan mobile robot paths and teach path plans to robots.,400_b,2025-04-29,4.0,2.0,1.0,3.0,1.0,2.0
21995,Electrical and Electronic Engineering Technologists and Technicians,"Provide user applications or engineering support or recommendations for new or existing equipment with regard to installation, upgrades, or enhancements.",400_b,2025-04-29,4.0,2.0,1.0,3.0,2.0,2.0
19607,Civil Engineers,Design energy-efficient or environmentally sound civil structures.,400_b,2025-04-29,3.0,3.0,3.0,4.0,3.0,3.0
21999,Electrical and Electronic Engineering Technologists and Technicians,"Design or modify engineering schematics for electrical transmission and distribution systems or for electrical installation in residential, commercial, or industrial buildings, using computer-aided design (CAD) software.",400_b,2025-04-29,3.0,3.0,4.0,4.0,4.0,3.0
7399,Computer Hardware Engineers,Confer with engineering staff and consult specifications to evaluate interface between hardware and software and operational and performance requirements of overall system.,400_b,2025-04-29,5.0,2.0,1.0,2.0,1.0,2.0
21997,Electrical and Electronic Engineering Technologists and Technicians,"Produce electronics drawings or other graphics representing industrial control, instrumentation, sensors, or analog or digital telecommunications networks, using computer-aided design (CAD) software.",400_b,2025-04-29,4.0,3.0,3.0,4.0,2.0,3.0
147,Civil Engineers,"Compute load and grade requirements, water flow rates, or material stress factors to determine design specifications.",400_b,2025-04-29,4.0,2.0,2.0,3.0,2.0,2.0
16521,Robotics Engineers,Debug robotics programs.,400_b,2025-04-29,5.0,1.0,2.0,3.0,1.0,2.0
20735,Mechanical Engineers,"Develop or test models of alternate designs or processing methods to assess feasibility, sustainability, operating condition effects, potential new applications, or necessity of modification.",400_b,2025-04-29,3.0,3.0,3.0,3.0,3.0,4.0
3646,Environmental Engineering Technologists and Technicians,Review work plans to schedule activities.,400_b,2025-04-29,4.0,3.0,3.0,4.0,3.0,3.0
1475,Mechanical Engineering Technologists and Technicians,"Draft detail drawing or sketch for drafting room completion or to request parts fabrication by machine, sheet or wood shops.",400_b,2025-04-29,3.0,3.0,3.0,4.0,3.0,4.0
3657,Environmental Engineering Technologists and Technicians,Perform statistical analysis and correction of air or water pollution data submitted by industry or other agencies.,400_b,2025-04-29,4.0,2.0,2.0,3.0,2.0,2.0
1349,Electrical Engineers,Operate computer-assisted engineering or design software or equipment to perform engineering tasks.,400_b,2025-04-29,3.0,3.0,3.0,4.0,2.0,4.0
20737,Mechanical Engineers,"Assist drafters in developing the structural design of products, using drafting tools or computer-assisted drafting equipment or software.",400_b,2025-04-29,2.0,4.0,3.0,4.0,4.0,5.0
16515,Robotics Engineers,Write algorithms or programming code for ad hoc robotic applications.,400_b,2025-04-29,5.0,2.0,1.0,3.0,1.0,2.0
1418,Mechanical Engineers,Provide feedback to design engineers on customer problems or needs.,400_b,2025-04-29,3.0,2.0,3.0,3.0,3.0,4.0
21922,Architectural and Civil Drafters,"Lay out and plan interior room arrangements for commercial buildings, using computer-assisted drafting (CAD) equipment and software.",400_b,2025-04-29,3.0,3.0,4.0,4.0,4.0,4.0
3589,Petroleum Engineers,"Evaluate findings to develop, design, or test equipment or processes.",400_b,2025-04-29,4.0,3.0,4.0,4.0,2.0,4.0
21985,Electrical and Electronic Engineering Technologists and Technicians,"Select electronics equipment, components, or systems to meet functional specifications.",400_b,2025-04-29,5.0,1.0,1.0,3.0,1.0,2.0
3586,Petroleum Engineers,Maintain records of drilling and production operations.,400_b,2025-04-29,3.0,2.0,2.0,4.0,2.0,4.0
16570,Solar Energy Systems Engineers,"Develop design specifications and functional requirements for residential, commercial, or industrial solar energy systems or components.",PurpleBear,2025-04-29,2.0,3.0,3.0,3.0,2.0,3.0
3654,Environmental Engineering Technologists and Technicians,"Produce environmental assessment reports, tabulating data and preparing charts, graphs, or sketches.",PurpleBear,2025-04-29,3.0,4.0,2.0,3.0,3.0,3.0
16418,Fuel Cell Engineers,Calculate the efficiency or power output of a fuel cell system or process.,PurpleBear,2025-04-29,4.0,1.0,1.0,2.0,1.0,1.0
3553,Chemical Engineers,"Determine most effective arrangement of operations such as mixing, crushing, heat transfer, distillation, and drying.",PurpleBear,2025-04-29,3.0,2.0,3.0,4.0,2.0,3.0
20726,Aerospace Engineers,"Develop design criteria for aeronautical or aerospace products or systems, including testing methods, production costs, quality standards, environmental standards, or completion dates.",PurpleBear,2025-04-29,3.0,1.0,3.0,3.0,3.0,3.0
1449,Mechanical Drafters,"Review and analyze specifications, sketches, drawings, ideas, and related data to assess factors affecting component designs and the procedures and instructions to be followed.",PurpleBear,2025-04-29,3.0,1.0,1.0,3.0,2.0,1.0
7393,Computer Hardware Engineers,"Test and verify hardware and support peripherals to ensure that they meet specifications and requirements, by recording and analyzing test data.",PurpleBear,2025-04-29,2.0,4.0,2.0,2.0,2.0,5.0
1462,Civil Engineering Technologists and Technicians,Draft detailed dimensional drawings and design layouts for projects to ensure conformance to specifications.,PurpleBear,2025-04-29,3.0,1.0,2.0,3.0,3.0,2.0
16515,Robotics Engineers,Write algorithms or programming code for ad hoc robotic applications.,PurpleBear,2025-04-29,2.0,4.0,3.0,3.0,3.0,4.0
21877,"Health and Safety Engineers, Except Mining Safety Engineers and Inspectors",Develop industry standards of product safety.,PurpleBear,2025-04-29,3.0,1.0,5.0,4.0,4.0,4.0
21953,Electrical and Electronics Drafters,"Locate files relating to specified design project in database library, load program into computer, and record completed job data.",PurpleBear,2025-04-29,5.0,1.0,1.0,1.0,1.0,1.0
10893,Electro-Mechanical and Mechatronics Technologists and Technicians,"Read blueprints, schematics, diagrams, or technical orders to determine methods and sequences of assembly.",PurpleBear,2025-04-29,5.0,1.0,1.0,2.0,1.0,1.0
5354,"Electronics Engineers, Except Computer","Prepare, review, or maintain maintenance schedules, design documentation, or operational reports or charts.",PurpleBear,2025-04-29,3.0,2.0,2.0,3.0,3.0,3.0
16425,Automotive Engineers,"Write, review, or maintain engineering documentation.",PurpleBear,2025-04-29,4.0,1.0,1.0,2.0,2.0,2.0
21956,Electrical and Electronics Drafters,"Study work order requests to determine type of service, such as lighting or power, demanded by installation.",PurpleBear,2025-04-29,4.0,1.0,2.0,2.0,1.0,2.0
16497,Microsystems Engineers,"Investigate characteristics such as cost, performance, or process capability of potential microelectromechanical systems (MEMS) device designs, using simulation or modeling software.",PurpleBear,2025-04-29,2.0,1.0,2.0,3.0,1.0,3.0
14714,Web Developers,Develop or implement procedures for ongoing Web site revision.,350_a,2025-04-29,4.0,5.0,1.0,5.0,2.0,2.0
16203,Video Game Designers,Prepare two-dimensional concept layouts or three-dimensional mock-ups.,350_a,2025-04-29,3.0,1.0,1.0,5.0,2.0,2.0
14670,Computer Systems Engineers/Architects,Collaborate with engineers or software developers to select appropriate design solutions or ensure the compatibility of system components.,350_a,2025-04-29,4.0,1.0,2.0,5.0,2.0,3.0
14758,Web Administrators,"Correct testing-identified problems, or recommend actions for their resolution.",350_a,2025-04-29,2.0,1.0,3.0,5.0,3.0,4.0
14710,Web Developers,"Perform Web site tests according to planned schedules, or after any Web site or product revision.",350_a,2025-04-29,4.0,1.0,2.0,4.0,2.0,2.0
16198,Video Game Designers,Provide feedback to designers and other colleagues regarding game design features.,350_a,2025-04-29,4.0,4.0,2.0,4.0,2.0,2.0
14713,Web Developers,"Respond to user email inquiries, or set up automated systems to send responses.",350_a,2025-04-29,1.0,1.0,2.0,5.0,2.0,2.0
16157,Information Technology Project Managers,Monitor or track project milestones and deliverables.,350_a,2025-04-29,2.0,2.0,2.0,4.0,4.0,4.0
16230,Document Management Specialists,Consult with end users regarding problems in accessing electronic content.,350_a,2025-04-29,3.0,2.0,2.0,3.0,2.0,2.0
1339,Aerospace Engineers,"Formulate mathematical models or other methods of computer analysis to develop, evaluate, or modify design, according to customer engineering requirements.",350_a,2025-04-29,2.0,2.0,5.0,5.0,2.0,5.0
14732,Web Administrators,"Determine sources of Web page or server problems, and take action to correct such problems.",350_a,2025-04-29,2.0,1.0,2.0,2.0,2.0,4.0
14744,Web Administrators,"Gather, analyze, or document user feedback to locate or resolve sources of problems.",350_a,2025-04-29,2.0,1.0,3.0,3.0,2.0,4.0
21715,Geographic Information Systems Technologists and Technicians,"Produce data layers, maps, tables, or reports, using spatial analysis procedures or Geographic Information Systems (GIS) technology, equipment, or systems.",350_a,2025-04-29,2.0,2.0,3.0,5.0,2.0,4.0
14717,Web Developers,Establish appropriate server directory trees.,350_a,2025-04-29,4.0,4.0,2.0,5.0,2.0,2.0
8957,Statisticians,"Prepare data for processing by organizing information, checking for inaccuracies, and adjusting and weighting the raw data.",350_a,2025-04-29,3.0,1.0,2.0,5.0,1.0,4.0
14647,Software Quality Assurance Analysts and Testers,"Review software documentation to ensure technical accuracy, compliance, or completeness, or to mitigate risks.",350_a,2025-04-29,2.0,1.0,4.0,5.0,2.0,2.0
16212,Video Game Designers,"Create and manage documentation, production schedules, prototyping goals, and communication plans in collaboration with production staff.",350_a,2025-04-29,1.0,1.0,2.0,5.0,2.0,5.0
14687,Computer Systems Engineers/Architects,"Communicate project information through presentations, technical reports, or white papers.",350_a,2025-04-29,3.0,1.0,2.0,5.0,2.0,4.0
14643,Software Quality Assurance Analysts and Testers,Monitor bug resolution efforts and track successes.,350_a,2025-04-29,3.0,1.0,2.0,5.0,2.0,3.0
14686,Computer Systems Engineers/Architects,"Research, test, or verify proper functioning of software patches and fixes.",350_a,2025-04-29,3.0,1.0,4.0,5.0,2.0,4.0
14749,Web Administrators,"Track, compile, and analyze Web site usage data.",350_a,2025-04-29,3.0,1.0,2.0,5.0,2.0,4.0
7370,Mathematicians,Perform computations and apply methods of numerical analysis to data.,350_a,2025-04-29,2.0,1.0,1.0,5.0,1.0,5.0
21721,Geographic Information Systems Technologists and Technicians,"Review existing or incoming data for currency, accuracy, usefulness, quality, or completeness of documentation.",350_a,2025-04-29,2.0,1.0,2.0,5.0,2.0,2.0
16168,Information Technology Project Managers,"Prepare project status reports by collecting, analyzing, and summarizing information and trends.",350_a,2025-04-29,2.0,1.0,1.0,4.0,3.0,5.0
16217,Video Game Designers,"Create core game features, including storylines, role-play mechanics, and character biographies for a new video game or game franchise.",350_a,2025-04-29,2.0,4.0,2.0,4.0,1.0,4.0
14664,Software Quality Assurance Analysts and Testers,Conduct historical analyses of test results.,350_a,2025-04-29,3.0,1.0,2.0,5.0,2.0,4.0
16209,Video Game Designers,"Develop and maintain design level documentation, including mechanics, guidelines, and mission outlines.",350_a,2025-04-29,2.0,2.0,2.0,4.0,1.0,3.0
14708,Web Developers,Communicate with network personnel or Web site hosting agencies to address hardware or software issues affecting Web sites.,350_a,2025-04-29,2.0,1.0,2.0,5.0,3.0,4.0
14731,Web Administrators,Back up or modify applications and related data to provide for disaster recovery.,350_a,2025-04-29,3.0,1.0,4.0,5.0,1.0,5.0
16221,Document Management Specialists,"Search electronic sources, such as databases or repositories, or manual sources for information.",350_a,2025-04-29,3.0,1.0,2.0,4.0,1.0,4.0
21728,Geographic Information Systems Technologists and Technicians,Interpret aerial or ortho photographs.,350_a,2025-04-29,2.0,3.0,2.0,5.0,1.0,4.0
14700,Web Developers,"Evaluate code to ensure that it is valid, is properly structured, meets industry standards, and is compatible with browsers, devices, or operating systems.",350_a,2025-04-29,3.0,1.0,2.0,4.0,1.0,3.0
14745,Web Administrators,Develop Web site performance metrics.,350_a,2025-04-29,2.0,2.0,4.0,5.0,2.0,5.0
14655,Software Quality Assurance Analysts and Testers,"Conduct software compatibility tests with programs, hardware, operating systems, or network environments.",350_a,2025-04-29,1.0,2.0,2.0,5.0,1.0,3.0
14719,Web Developers,Recommend and implement performance improvements.,350_a,2025-04-29,2.0,2.0,3.0,4.0,3.0,5.0
14762,Web Administrators,Set up or maintain monitoring tools on Web servers or Web sites.,350_a,2025-04-29,3.0,1.0,4.0,5.0,1.0,5.0
7372,Mathematicians,"Assemble sets of assumptions, and explore the consequences of each set.",350_a,2025-04-29,2.0,1.0,2.0,5.0,1.0,5.0
16152,Information Technology Project Managers,"Submit project deliverables, ensuring adherence to quality standards.",350_a,2025-04-29,2.0,4.0,2.0,5.0,2.0,3.0
16214,Video Game Designers,Conduct regular design reviews throughout the game development process.,350_a,2025-04-29,3.0,4.0,1.0,3.0,1.0,4.0
11252,"Sales Representatives, Wholesale and Manufacturing, Technical and Scientific Products","Complete expense reports, sales reports, or other paperwork.",450_a,2025-05-01,5.0,1.0,1.0,1.0,1.0,1.0
16202,Video Game Designers,Provide feedback to production staff regarding technical game qualities or adherence to original design.,350_a,2025-04-29,2.0,1.0,2.0,2.0,5.0,4.0
16170,Information Technology Project Managers,"Develop or update project plans for information technology projects including information such as project objectives, technologies, systems, information specifications, schedules, funding, and staffing.",350_a,2025-04-29,3.0,1.0,2.0,5.0,4.0,3.0
14671,Computer Systems Engineers/Architects,"Evaluate current or emerging technologies to consider factors such as cost, portability, compatibility, or usability.",350_a,2025-04-29,2.0,1.0,3.0,5.0,3.0,4.0
16167,Information Technology Project Managers,"Assign duties, responsibilities, and spans of authority to project personnel.",350_a,2025-04-29,2.0,2.0,3.0,2.0,5.0,4.0
14672,Computer Systems Engineers/Architects,Provide technical guidance or support for the development or troubleshooting of systems.,350_a,2025-04-29,3.0,1.0,4.0,4.0,2.0,4.0
16211,Video Game Designers,Create gameplay prototypes for presentation to creative and technical staff and management.,350_a,2025-04-29,4.0,1.0,3.0,4.0,2.0,2.0
21726,Geographic Information Systems Technologists and Technicians,"Provide technical support to users or clients regarding the maintenance, development, or operation of Geographic Information Systems (GIS) databases, equipment, or applications.",350_a,2025-04-29,2.0,1.0,4.0,5.0,5.0,4.0
1021,Purchasing Managers,"Locate vendors of materials, equipment or supplies, and interview them to determine product availability and terms of sales.",50_b,2025-04-29,2.0,4.0,3.0,3.0,4.0,4.0
20946,Supply Chain Managers,Monitor forecasts and quotas to identify changes and predict effects on supply chain activities.,50_b,2025-04-29,1.0,3.0,3.0,3.0,4.0,3.0
49,Medical and Health Services Managers,"Develop and maintain computerized record management systems to store and process data, such as personnel activities and information, and to produce reports.",50_b,2025-04-29,3.0,3.0,4.0,4.0,4.0,4.0
21317,Financial Managers,"Examine, evaluate, or process loan applications.",50_b,2025-04-29,3.0,4.0,3.0,4.0,2.0,2.0
20945,Supply Chain Managers,Monitor suppliers' activities to assess performance in meeting quality or delivery requirements.,50_b,2025-04-29,2.0,4.0,2.0,3.0,3.0,2.0
1033,Purchasing Managers,Prepare bid awards requiring board approval.,50_b,2025-04-29,2.0,3.0,2.0,3.0,4.0,3.0
1031,Purchasing Managers,"Review, evaluate, and approve specifications for issuing and awarding bids.",50_b,2025-04-29,2.0,3.0,2.0,3.0,3.0,3.0
15696,Supply Chain Managers,"Analyze inventories to determine how to increase inventory turns, reduce waste, or optimize customer service.",50_b,2025-04-29,4.0,2.0,2.0,4.0,2.0,2.0
15700,Supply Chain Managers,"Develop procedures for coordination of supply chain management with other functional areas, such as sales, marketing, finance, production, or quality assurance.",50_b,2025-04-29,2.0,4.0,2.0,2.0,4.0,4.0
15425,Quality Control Systems Managers,Create and implement inspection and testing criteria or procedures.,50_b,2025-04-29,3.0,3.0,3.0,3.0,2.0,2.0
8867,Treasurers and Controllers,"Analyze the financial details of past, present, and expected operations to identify development opportunities and areas where improvement is needed.",50_b,2025-04-29,4.0,2.0,4.0,4.0,2.0,2.0
15457,Biofuels Production Managers,Prepare and manage biofuels plant or unit budgets.,50_b,2025-04-29,4.0,2.0,2.0,4.0,2.0,2.0
15416,Quality Control Systems Managers,"Produce reports regarding nonconformance of products or processes, daily production quality, root cause analyses, or quality trends.",50_b,2025-04-29,3.0,2.0,2.0,3.0,3.0,2.0
3242,Advertising and Promotions Managers,Coordinate with the media to disseminate advertising.,50_b,2025-04-29,3.0,3.0,2.0,2.0,4.0,3.0
15459,Biofuels Production Managers,"Conduct cost, material, and efficiency studies for biofuels production plants or operations.",50_b,2025-04-29,4.0,2.0,2.0,4.0,2.0,2.0
982,Human Resources Managers,"Administer compensation, benefits, and performance management systems, and safety and recreation programs.",50_b,2025-04-29,2.0,4.0,2.0,3.0,5.0,5.0
994,Human Resources Managers,Analyze statistical data and reports to identify and determine causes of personnel problems and develop recommendations for improvement of organization's personnel policies and practices.,50_b,2025-04-29,2.0,4.0,4.0,4.0,4.0,4.0
15456,Biofuels Production Managers,"Review logs, datasheets, or reports to ensure adequate production levels or to identify abnormalities with biofuels production equipment or processes.",50_b,2025-04-29,4.0,2.0,3.0,4.0,2.0,2.0
15458,Biofuels Production Managers,"Monitor meters, flow gauges, or other real-time data to ensure proper operation of biofuels production equipment, implementing corrective measures as needed.",50_b,2025-04-29,5.0,1.0,4.0,4.0,1.0,1.0
15424,Quality Control Systems Managers,"Direct the tracking of defects, test results, or other regularly reported quality control data.",50_b,2025-04-30,5.0,2.0,3.0,4.0,1.0,1.0
15430,Quality Control Systems Managers,Monitor performance of quality control systems to ensure effectiveness and efficiency.,50_b,2025-04-30,4.0,2.0,3.0,4.0,2.0,2.0
1026,Purchasing Managers,Analyze market and delivery systems to assess present and future material availability.,50_b,2025-04-30,4.0,3.0,2.0,4.0,2.0,2.0
985,Human Resources Managers,"Provide current and prospective employees with information about policies, job duties, working conditions, wages, opportunities for promotion, and employee benefits.",50_b,2025-04-30,2.0,4.0,2.0,3.0,5.0,4.0
51,Medical and Health Services Managers,"Conduct and administer fiscal operations, including accounting, planning budgets, authorizing expenditures, establishing rates for services, and coordinating financial reporting.",50_b,2025-04-30,4.0,3.0,2.0,4.0,2.0,2.0
20942,Supply Chain Managers,"Determine appropriate equipment and staffing levels to load, unload, move, or store materials.",50_b,2025-04-30,3.0,3.0,2.0,3.0,3.0,3.0
15427,Quality Control Systems Managers,"Communicate quality control information to all relevant organizational departments, outside vendors, or contractors.",50_b,2025-04-30,4.0,2.0,1.0,3.0,2.0,2.0
1035,Purchasing Managers,Administer online purchasing systems.,50_b,2025-04-30,3.0,3.0,2.0,3.0,3.0,3.0
15415,Quality Control Systems Managers,Review and update standard operating procedures or quality assurance manuals.,50_b,2025-04-30,3.0,2.0,2.0,4.0,3.0,3.0
993,Human Resources Managers,"Maintain records and compile statistical reports concerning personnel-related data such as hires, transfers, performance appraisals, and absenteeism rates.",50_b,2025-04-30,5.0,1.0,1.0,2.0,1.0,1.0
3226,Advertising and Promotions Managers,"Inspect layouts and advertising copy, and edit scripts, audio, video, and other promotional material for adherence to specifications.",50_b,2025-04-30,4.0,2.0,2.0,3.0,2.0,2.0
4623,Telemarketers,Adjust sales scripts to better target the needs and interests of specific individuals.,500,2025-04-30,2.0,1.0,2.0,3.0,3.0,4.0
20943,Supply Chain Managers,"Manage activities related to strategic or tactical purchasing, material requirements planning, controlling inventory, warehousing, or receiving.",50_b,2025-04-30,4.0,2.0,2.0,3.0,2.0,2.0
55,Medical and Health Services Managers,"Maintain awareness of advances in medicine, computerized diagnostic and treatment equipment, data processing technology, government regulations, health insurance changes, and financing options.",50_b,2025-04-30,4.0,2.0,4.0,4.0,2.0,2.0
1002,Human Resources Managers,"Develop, administer, and evaluate applicant tests.",50_b,2025-04-30,2.0,4.0,2.0,4.0,5.0,5.0
15680,Supply Chain Managers,Select transportation routes to maximize economy by combining shipments or consolidating warehousing and distribution.,50_b,2025-04-30,4.0,2.0,2.0,3.0,3.0,2.0
1020,Purchasing Managers,Maintain records of goods ordered and received.,50_b,2025-04-30,5.0,1.0,1.0,2.0,1.0,1.0
20168,Treasurers and Controllers,"Monitor financial activities and details, such as cash flow and reserve levels, to ensure that all legal and regulatory requirements are met.",50_b,2025-04-30,3.0,3.0,4.0,4.0,3.0,3.0
8865,Treasurers and Controllers,"Coordinate and direct the financial planning, budgeting, procurement, or investment activities of all or part of an organization.",50_b,2025-04-30,2.0,4.0,4.0,4.0,4.0,4.0
15414,Quality Control Systems Managers,Review quality documentation necessary for regulatory submissions and inspections.,50_b,2025-04-30,4.0,2.0,3.0,4.0,2.0,2.0
8861,Treasurers and Controllers,"Receive, record, and authorize requests for disbursements in accordance with company policies and procedures.",50_b,2025-04-30,3.0,3.0,5.0,4.0,3.0,3.0
2813,"Secretaries and Administrative Assistants, Except Legal, Medical, and Executive","Operate electronic mail systems and coordinate the flow of information, internally or with other organizations.",600_a,2025-04-30,3.0,1.0,2.0,3.0,3.0,3.0
8873,Treasurers and Controllers,"Compute, withhold, and account for all payroll deductions.",50_b,2025-04-30,4.0,2.0,3.0,4.0,2.0,2.0
15460,Biofuels Production Managers,"Approve proposals for the acquisition, replacement, or repair of biofuels processing equipment or the implementation of new production processes.",50_b,2025-04-30,2.0,4.0,4.0,4.0,4.0,4.0
1025,Purchasing Managers,Review purchase order claims and contracts for conformance to company policy.,50_b,2025-04-30,4.0,2.0,2.0,4.0,2.0,2.0
15461,Biofuels Production Managers,"Adjust temperature, pressure, vacuum, level, flow rate, or transfer of biofuels to maintain processes at required levels.",50_b,2025-04-30,5.0,1.0,3.0,4.0,1.0,1.0
15428,Quality Control Systems Managers,Analyze quality control test results and provide feedback and interpretation to production management or staff.,50_b,2025-04-30,5.0,1.0,2.0,4.0,1.0,1.0
15423,Quality Control Systems Managers,"Document testing procedures, methodologies, or criteria.",50_b,2025-04-30,5.0,1.0,2.0,3.0,1.0,1.0
3223,Advertising and Promotions Managers,Prepare budgets and submit estimates for program costs as part of campaign plan development.,50_b,2025-04-30,3.0,2.0,2.0,2.0,3.0,3.0
15697,Supply Chain Managers,Analyze information about supplier performance or procurement program success.,50_b,2025-04-30,4.0,2.0,2.0,3.0,2.0,2.0
15691,Supply Chain Managers,"Document physical supply chain processes, such as workflows, cycle times, position responsibilities, or system flows.",50_b,2025-04-30,5.0,1.0,1.0,2.0,1.0,1.0
1022,Purchasing Managers,Prepare and process requisitions and purchase orders for supplies and equipment.,50_b,2025-04-30,3.0,3.0,3.0,3.0,3.0,3.0
16471,Mechatronics Engineers,"Research, select, or apply sensors, communication technologies, or control devices for motion control, position sensing, pressure sensing, or electronic communication.",PurpleBear,2025-04-30,2.0,4.0,3.0,4.0,2.0,4.0
22010,Electro-Mechanical and Mechatronics Technologists and Technicians,Develop or implement programs related to the environmental impact of engineering activities.,PurpleBear,2025-04-30,3.0,3.0,2.0,2.0,4.0,3.0
5352,"Electronics Engineers, Except Computer","Prepare engineering sketches or specifications for construction, relocation, or installation of equipment, facilities, products, or systems.",PurpleBear,2025-04-30,2.0,4.0,2.0,3.0,4.0,4.0
18131,Validation Engineers,Analyze validation test data to determine whether systems or processes have met validation criteria or to identify root causes of production problems.,PurpleBear,2025-04-30,4.0,1.0,3.0,3.0,1.0,2.0
16363,Radio Frequency Identification Device Specialists,Identify operational requirements for new systems to inform selection of technological solutions.,PurpleBear,2025-04-30,3.0,1.0,3.0,3.0,3.0,3.0
7406,Computer Hardware Engineers,"Evaluate factors such as reporting formats required, cost constraints, and need for security restrictions to determine hardware configuration.",PurpleBear,2025-04-30,4.0,1.0,2.0,2.0,3.0,2.0
1464,Civil Engineering Technologists and Technicians,Read and review project blueprints and structural specifications to determine dimensions of structure or system and material requirements.,PurpleBear,2025-04-30,4.0,1.0,3.0,3.0,1.0,2.0
3589,Petroleum Engineers,"Evaluate findings to develop, design, or test equipment or processes.",PurpleBear,2025-04-30,2.0,3.0,3.0,3.0,2.0,4.0
19671,Nanosystems Engineers,"Design nano-enabled products with reduced toxicity, increased durability, or improved energy efficiency.",PurpleBear,2025-04-30,2.0,1.0,3.0,5.0,3.0,4.0
3395,Budget Analysts,Direct the preparation of regular and special budget reports.,250_a,2025-04-30,3.0,1.0,3.0,3.0,4.0,2.0
7360,Tax Preparers,"Use all appropriate adjustments, deductions, and credits to keep clients' taxes to a minimum.",250_a,2025-04-30,4.0,1.0,4.0,4.0,2.0,2.0
18092,Health Informatics Specialists,Use informatics science to design or implement health information technology applications for resolution of clinical or health care administrative problems.,250_a,2025-04-30,2.0,1.0,5.0,5.0,3.0,4.0
21570,Appraisers and Assessors of Real Estate,Obtain county land values and sales information about nearby properties to aid in establishment of property values.,250_a,2025-04-30,2.0,2.0,4.0,4.0,2.0,4.0
18935,Credit Counselors,Calculate clients' available monthly income to meet debt obligations.,250_a,2025-04-30,3.0,1.0,3.0,4.0,3.0,3.0
3465,Computer Systems Analysts,"Test, maintain, and monitor computer programs and systems, including coordinating the installation of computer programs and systems.",250_a,2025-04-30,3.0,1.0,3.0,5.0,3.0,3.0
21562,Appraisers and Assessors of Real Estate,Examine income records and operating costs of income properties.,250_a,2025-04-30,3.0,1.0,4.0,4.0,2.0,3.0
23193,"Securities, Commodities, and Financial Services Sales Agents",Monitor markets or positions.,450_a,2025-05-01,3.0,3.0,3.0,3.0,4.0,3.0
18947,Credit Counselors,"Review changes to financial, family, or employment situations to determine whether changes to existing debt management plans, spending plans, or budgets are needed.",250_a,2025-04-30,4.0,1.0,3.0,4.0,3.0,3.0
21553,Appraisers and Assessors of Real Estate,"Prepare and maintain current data on each parcel assessed, including maps of boundaries, inventories of land and structures, property characteristics, and any applicable exemptions.",250_a,2025-04-30,3.0,1.0,4.0,4.0,2.0,3.0
7317,Financial Examiners,"Recommend actions to ensure compliance with laws and regulations, or to protect solvency of institutions.",250_a,2025-04-30,2.0,1.0,5.0,5.0,4.0,4.0
1259,Credit Analysts,"Analyze financial data, such as income growth, quality of management, and market share to determine expected profitability of loans.",250_a,2025-04-30,3.0,1.0,5.0,5.0,2.0,3.0
21165,Tax Preparers,Schedule appointments with clients.,250_a,2025-04-30,4.0,1.0,3.0,3.0,3.0,2.0
18088,Health Informatics Specialists,"Design, develop, select, test, implement, and evaluate new or modified informatics solutions, data structures, and decision-support mechanisms to support patients, health care professionals, and their information management and human-computer and human-technology interactions within health care contexts.",250_a,2025-04-30,2.0,1.0,4.0,5.0,4.0,5.0
20188,Personal Financial Advisors,Monitor financial market trends to ensure that client plans are responsive.,250_a,2025-04-30,3.0,1.0,5.0,4.0,4.0,3.0
21550,Appraisers and Assessors of Real Estate,"Prepare written reports that estimate property values, outline methods by which the estimations were made, and meet appraisal standards.",250_a,2025-04-30,3.0,1.0,4.0,5.0,2.0,3.0
18934,Credit Counselors,"Assess clients' overall financial situations by reviewing income, assets, debts, expenses, credit reports, or other financial information.",250_a,2025-04-30,4.0,1.0,3.0,4.0,3.0,2.0
20950,Computer Systems Analysts,Troubleshoot program and system malfunctions to restore normal functioning.,250_a,2025-04-30,3.0,1.0,3.0,5.0,2.0,3.0
7318,Financial Examiners,"Examine the minutes of meetings of directors, stockholders, and committees to investigate the specific authority extended at various levels of management.",250_a,2025-04-30,2.0,1.0,5.0,5.0,4.0,4.0
1257,Credit Analysts,"Compare liquidity, profitability, and credit histories of establishments being evaluated with those of similar establishments in the same industries and geographic locations.",250_a,2025-04-30,3.0,1.0,4.0,5.0,2.0,4.0
15997,Financial Quantitative Analysts,"Apply mathematical or statistical techniques to address practical issues in finance, such as derivative valuation, securities trading, risk management, or financial market regulation.",250_a,2025-04-30,3.0,1.0,5.0,5.0,3.0,3.0
21552,Appraisers and Assessors of Real Estate,Collect and analyze relevant data to identify real estate market trends.,250_a,2025-04-30,3.0,1.0,3.0,4.0,2.0,3.0
3482,Computer Systems Analysts,"Use the computer in the analysis and solution of business problems, such as development of integrated production and inventory control and cost analysis systems.",250_a,2025-04-30,2.0,1.0,3.0,4.0,4.0,3.0
18101,Health Informatics Specialists,"Identify, collect, record, or analyze data relevant to the nursing care of patients.",250_a,2025-04-30,3.0,1.0,4.0,5.0,4.0,3.0
2816,Desktop Publishers,"Operate desktop publishing software and equipment to design, lay out, and produce camera-ready copy.",500,2025-04-30,5.0,1.0,1.0,2.0,1.0,1.0
11631,"Computer, Automated Teller, and Office Machine Repairers",Maintain records of equipment maintenance work or repairs.,500,2025-04-30,5.0,1.0,2.0,2.0,1.0,1.0
23318,Insurance Claims and Policy Processing Clerks,Review insurance policy to determine coverage.,500,2025-04-30,4.0,1.0,3.0,3.0,3.0,2.0
2486,"Bookkeeping, Accounting, and Auditing Clerks","Check figures, postings, and documents for correct entry, mathematical accuracy, and proper codes.",500,2025-04-30,5.0,1.0,3.0,2.0,1.0,1.0
4621,Telemarketers,"Obtain customer information such as name, address, and payment method, and enter orders into computers.",500,2025-04-30,2.0,1.0,1.0,3.0,5.0,4.0
12312,Power Distributors and Dispatchers,"Implement energy schedules, including real-time transmission reservations or schedules.",500,2025-04-30,5.0,1.0,3.0,2.0,1.0,1.0
2822,Desktop Publishers,"Edit graphics and photos, using pixel or bitmap editing, airbrushing, masking, or image retouching.",500,2025-04-30,5.0,1.0,1.0,2.0,1.0,1.0
834,"Office Clerks, General","Review files, records, and other documents to obtain information to respond to requests.",500,2025-04-30,5.0,1.0,1.0,1.0,1.0,1.0
11302,Loan Interviewers and Clerks,File and maintain loan records.,500,2025-04-30,5.0,1.0,3.0,1.0,1.0,1.0
2522,Payroll and Timekeeping Clerks,Keep informed about changes in tax and deduction laws that apply to the payroll process.,500,2025-04-30,3.0,1.0,3.0,3.0,3.0,3.0
2524,Payroll and Timekeeping Clerks,Complete time sheets showing employees' arrival and departure times.,500,2025-04-30,5.0,1.0,1.0,1.0,1.0,1.0
2585,Customer Service Representatives,"Obtain and examine all relevant information to assess validity of complaints and to determine possible causes, such as extreme weather conditions that could increase utility bills.",500,2025-04-30,3.0,1.0,2.0,2.0,3.0,3.0
2545,Procurement Clerks,"Maintain knowledge of all organizational and governmental rules affecting purchases, and provide information about these rules to organization staff members and to vendors.",500,2025-04-30,2.0,1.0,3.0,3.0,2.0,4.0
5158,Proofreaders and Copy Markers,"Correct or record omissions, errors, or inconsistencies found.",500,2025-04-30,1.0,1.0,1.0,2.0,1.0,1.0
23334,Insurance Claims and Policy Processing Clerks,"Compose business correspondence for supervisors, managers, and professionals.",500,2025-04-30,3.0,1.0,2.0,2.0,2.0,2.0
11297,Loan Interviewers and Clerks,"Prepare and type loan applications, closing documents, legal documents, letters, forms, government notices, and checks, using computers.",500,2025-04-30,2.0,1.0,3.0,3.0,3.0,3.0
11627,"Computer, Automated Teller, and Office Machine Repairers","Advise customers concerning equipment operation, maintenance, or programming.",500,2025-04-30,2.0,1.0,2.0,3.0,4.0,4.0
11306,Loan Interviewers and Clerks,Order property insurance or mortgage insurance policies to ensure protection against loss on mortgaged property.,500,2025-04-30,3.0,1.0,3.0,2.0,3.0,2.0
2509,"Bookkeeping, Accounting, and Auditing Clerks","Match order forms with invoices, and record the necessary information.",500,2025-04-30,5.0,1.0,2.0,1.0,1.0,1.0
2582,Customer Service Representatives,Refer unresolved customer grievances to designated departments for further investigation.,500,2025-04-30,3.0,1.0,1.0,2.0,2.0,2.0
11293,Loan Interviewers and Clerks,"Assemble and compile documents for loan closings, such as title abstracts, insurance forms, loan forms, and tax receipts.",500,2025-04-30,5.0,1.0,2.0,2.0,1.0,1.0
4618,Telemarketers,"Deliver prepared sales talks, reading from scripts that describe products or services, to persuade potential customers to purchase a product or service or to make a donation.",500,2025-04-30,2.0,1.0,1.0,2.0,5.0,4.0
23328,Insurance Claims and Policy Processing Clerks,Pay small claims.,500,2025-04-30,3.0,1.0,3.0,2.0,3.0,3.0
11626,"Computer, Automated Teller, and Office Machine Repairers",Reinstall software programs or adjust settings on existing software to fix machine malfunctions.,500,2025-04-30,4.0,2.0,1.0,2.0,2.0,2.0
11641,"Computer, Automated Teller, and Office Machine Repairers","Enter information into computers to copy programs from one electronic component to another or to draw, modify, or store schematics.",500,2025-04-30,3.0,2.0,1.0,3.0,1.0,2.0
23324,Insurance Claims and Policy Processing Clerks,"Compare information from application to criteria for policy reinstatement, and approve reinstatement when criteria are met.",500,2025-04-30,4.0,1.0,3.0,2.0,1.0,2.0
11301,Loan Interviewers and Clerks,"Contact credit bureaus, employers, and other sources to check applicants' credit and personal references.",500,2025-04-30,2.0,1.0,3.0,2.0,4.0,4.0
20908,Proofreaders and Copy Markers,"Archive documents, conduct research, and read copy, using the internet and various computer programs.",500,2025-04-30,5.0,1.0,1.0,2.0,1.0,1.0
23329,Insurance Claims and Policy Processing Clerks,"Process, prepare, and submit business or government forms, such as submitting applications for coverage to insurance carriers.",500,2025-04-30,4.0,1.0,2.0,1.0,1.0,2.0
4627,Telemarketers,"Maintain records of contacts, accounts, and orders.",500,2025-04-30,5.0,1.0,1.0,1.0,1.0,1.0
836,"Office Clerks, General","Inventory and order materials, supplies, and services.",500,2025-04-30,5.0,1.0,1.0,2.0,1.0,1.0
2827,Desktop Publishers,"Convert various types of files for printing or for the Internet, using computer software.",500,2025-04-30,5.0,1.0,1.0,2.0,1.0,1.0
23320,Insurance Claims and Policy Processing Clerks,"Organize or work with detailed office or warehouse records, using computers to enter, access, search or retrieve data.",500,2025-04-30,5.0,1.0,1.0,1.0,1.0,1.0
11299,Loan Interviewers and Clerks,"Calculate, review, and correct errors on interest, principal, payment, and closing costs, using computers or calculators.",500,2025-04-30,5.0,1.0,1.0,2.0,1.0,1.0
11642,"Computer, Automated Teller, and Office Machine Repairers","Read specifications, such as blueprints, charts, or schematics, to determine machine settings or adjustments.",500,2025-04-30,5.0,1.0,1.0,2.0,1.0,1.0
2817,Desktop Publishers,"View monitors for visual representation of work in progress and for instructions and feedback throughout process, making modifications as necessary.",500,2025-04-30,3.0,1.0,2.0,3.0,3.0,3.0
11296,Loan Interviewers and Clerks,"Record applications for loan and credit, loan information, and disbursements of funds, using computers.",500,2025-04-30,4.0,1.0,1.0,2.0,2.0,2.0
9753,Reservation and Transportation Ticket Agents and Travel Clerks,"Assemble and issue required documentation, such as tickets, travel insurance policies, or itineraries.",500,2025-04-30,5.0,1.0,2.0,2.0,2.0,1.0
23313,Insurance Claims and Policy Processing Clerks,"Prepare insurance claim forms or related documents, and review them for completeness.",500,2025-04-30,5.0,1.0,1.0,2.0,1.0,1.0
825,"Office Clerks, General","Collect, count, and disburse money, do basic bookkeeping, and complete banking transactions.",500,2025-04-30,5.0,1.0,2.0,1.0,2.0,1.0
5163,Proofreaders and Copy Markers,"Route proofs with marked corrections to authors, editors, typists, or typesetters for correction or reprinting.",500,2025-04-30,5.0,1.0,1.0,2.0,1.0,1.0
11241,"Sales Representatives, Wholesale and Manufacturing, Technical and Scientific Products","Maintain customer records, using automated systems.",500,2025-04-30,4.0,1.0,3.0,3.0,1.0,3.0
2820,Desktop Publishers,"Position text and art elements from a variety of databases in a visually appealing way to design print or web pages, using knowledge of type styles and size and layout patterns.",500,2025-04-30,3.0,1.0,2.0,4.0,2.0,4.0
2535,Procurement Clerks,"Contact suppliers to schedule or expedite deliveries and to resolve shortages, missed or late deliveries, and other problems.",500,2025-04-30,3.0,1.0,3.0,3.0,3.0,3.0
18022,Regulatory Affairs Managers,"Direct the preparation and submission of regulatory agency applications, reports, or correspondence.",100_b,2025-04-30,2.0,2.0,5.0,4.0,4.0,4.0
21448,Compliance Officers,"Advise licensees or other individuals or groups concerning licensing, permit, or passport regulations.",100_b,2025-04-30,2.0,2.0,4.0,5.0,5.0,2.0
80,Cost Estimators,"Analyze blueprints and other documentation to prepare time, cost, materials, and labor estimates.",100_b,2025-04-30,1.0,3.0,5.0,5.0,4.0,3.0
15612,Clinical Research Coordinators,"Schedule subjects for appointments, procedures, or inpatient stays as required by study protocols.",100_b,2025-04-30,2.0,4.0,5.0,4.0,3.0,2.0
15607,Clinical Research Coordinators,Communicate with laboratories or investigators regarding laboratory findings.,100_b,2025-04-30,2.0,4.0,4.0,5.0,3.0,3.0
18030,Regulatory Affairs Managers,"Maintain current knowledge of relevant regulations, including proposed and final rules.",100_b,2025-04-30,2.0,2.0,2.0,5.0,1.0,5.0
21094,Regulatory Affairs Specialists,"Identify relevant guidance documents, international standards, or consensus standards.",100_b,2025-04-30,4.0,2.0,4.0,5.0,2.0,5.0
15584,Clinical Research Coordinators,Register protocol patients with appropriate statistical centers as required.,100_b,2025-04-30,2.0,4.0,4.0,5.0,4.0,5.0
21450,Compliance Officers,Report law or regulation violations to appropriate boards or agencies.,100_b,2025-04-30,1.0,4.0,4.0,5.0,4.0,5.0
84,Cost Estimators,"Prepare estimates used by management for purposes such as planning, organizing, and scheduling work.",100_b,2025-04-30,3.0,2.0,2.0,2.0,4.0,3.0
15600,Clinical Research Coordinators,Maintain contact with sponsors to schedule and coordinate site visits or to answer questions about issues such as incomplete data.,100_b,2025-04-30,1.0,4.0,4.0,4.0,5.0,5.0
15608,Clinical Research Coordinators,"Collaborate with investigators to prepare presentations or reports of clinical study procedures, results, and conclusions.",100_b,2025-04-30,2.0,4.0,2.0,5.0,5.0,5.0
1157,"Purchasing Agents, Except Wholesale, Retail, and Farm Products","Write and review product specifications, maintaining a working technical knowledge of the goods or services to be purchased.",100_b,2025-04-30,3.0,2.0,3.0,5.0,1.0,3.0
1152,"Purchasing Agents, Except Wholesale, Retail, and Farm Products","Review catalogs, industry periodicals, directories, trade journals, and Internet sites and consult with other department personnel to locate necessary goods and services.",100_b,2025-04-30,2.0,4.0,5.0,5.0,4.0,5.0
20846,Cost Estimators,Collect historical cost data to estimate costs for current or future products.,100_b,2025-04-30,2.0,4.0,4.0,5.0,3.0,5.0
15590,Clinical Research Coordinators,Contact industry representatives to ensure equipment and software specifications necessary for successful study completion.,100_b,2025-04-30,3.0,4.0,4.0,5.0,3.0,4.0
18045,Regulatory Affairs Specialists,"Communicate with regulatory agencies regarding pre-submission strategies, potential regulatory pathways, compliance test requirements, or clarification and follow-up of submissions under review.",100_b,2025-04-30,2.0,1.0,5.0,5.0,4.0,3.0
18048,Regulatory Affairs Specialists,"Coordinate, prepare, or review regulatory submissions for domestic or international projects.",100_b,2025-04-30,2.0,1.0,4.0,5.0,3.0,4.0
15592,Clinical Research Coordinators,Track enrollment status of subjects and document dropout information such as dropout causes and subject contact efforts.,100_b,2025-04-30,2.0,1.0,5.0,5.0,4.0,4.0
7321,Financial Examiners,Review audit reports of internal and external auditors to monitor adequacy of scope of reports or to discover specific weaknesses in internal routines.,250_a,2025-04-30,3.0,1.0,3.0,4.0,3.0,3.0
3413,Loan Officers,Review loan agreements to ensure that they are complete and accurate according to policy.,250_a,2025-04-30,3.0,1.0,4.0,4.0,3.0,3.0
21566,Appraisers and Assessors of Real Estate,Check building codes and zoning bylaws to determine any effects on the properties being appraised.,250_a,2025-04-30,2.0,1.0,3.0,4.0,2.0,4.0
21557,Appraisers and Assessors of Real Estate,Complete and maintain assessment rolls that show the assessed values and status of all property in a municipality.,250_a,2025-04-30,3.0,1.0,3.0,4.0,2.0,3.0
3466,Computer Systems Analysts,"Use object-oriented programming languages, as well as client and server applications development processes and multimedia and Internet technology.",250_a,2025-04-30,4.0,1.0,3.0,5.0,2.0,2.0
3484,Computer Systems Analysts,Specify inputs accessed by the system and plan the distribution and use of the results.,250_a,2025-04-30,3.0,1.0,3.0,4.0,4.0,3.0
18937,Credit Counselors,"Estimate time for debt repayment, given amount of debt, interest rates, and available funds.",250_a,2025-04-30,3.0,1.0,3.0,4.0,3.0,3.0
21577,Appraisers and Assessors of Real Estate,"Analyze trends in sales prices, construction costs, and rents, to assess property values or determine the accuracy of assessments.",250_a,2025-04-30,3.0,1.0,4.0,4.0,1.0,2.0
21558,Appraisers and Assessors of Real Estate,"Review information about transfers of property to ensure its accuracy, checking basic information on buyers, sellers, and sales prices and making corrections as necessary.",250_a,2025-04-30,3.0,1.0,3.0,4.0,2.0,3.0
21565,Appraisers and Assessors of Real Estate,"Search public records for transactions such as sales, leases, and assessments.",250_a,2025-04-30,2.0,1.0,3.0,3.0,4.0,4.0
3401,Budget Analysts,Review operating budgets to analyze trends affecting budget needs.,250_a,2025-04-30,3.0,1.0,4.0,5.0,3.0,3.0
3412,Loan Officers,Review and update credit and loan files.,250_a,2025-04-30,3.0,1.0,3.0,4.0,3.0,3.0
20189,Personal Financial Advisors,"Recommend financial products, such as stocks, bonds, mutual funds, or insurance.",250_a,2025-04-30,2.0,1.0,5.0,5.0,4.0,4.0
21555,Appraisers and Assessors of Real Estate,Identify the ownership of each piece of taxable property.,250_a,2025-04-30,3.0,1.0,3.0,4.0,3.0,3.0
23237,Billing and Posting Clerks,Post stop-payment notices to prevent payment of protested checks.,500_b,2025-04-30,5.0,1.0,1.0,1.0,1.0,1.0
4626,Telemarketers,Telephone or write letters to respond to correspondence from customers or to follow up initial sales contacts.,500_b,2025-04-30,2.0,4.0,4.0,4.0,5.0,5.0
4624,Telemarketers,"Obtain names and telephone numbers of potential customers from sources such as telephone directories, magazine reply cards, and lists purchased from other organizations.",500_b,2025-04-30,3.0,3.0,4.0,4.0,3.0,3.0
23242,Billing and Posting Clerks,"Operate typing, adding, calculating, or billing machines.",500_b,2025-04-30,4.0,2.0,1.0,2.0,2.0,2.0
2583,Customer Service Representatives,"Determine charges for services requested, collect deposits or payments, or arrange for billing.",500_b,2025-04-30,4.0,3.0,2.0,3.0,2.0,3.0
2490,"Bookkeeping, Accounting, and Auditing Clerks","Classify, record, and summarize numerical and financial data to compile and keep financial records, using journals and ledgers or computers.",500_b,2025-04-30,3.0,2.0,2.0,3.0,1.0,3.0
4620,Telemarketers,"Explain products or services and prices, and answer questions from customers.",500_b,2025-04-30,2.0,4.0,4.0,4.0,4.0,4.0
2523,Payroll and Timekeeping Clerks,"Provide information to employees and managers on payroll matters, tax issues, benefit plans, and collective agreement provisions.",500_b,2025-04-30,3.0,2.0,2.0,4.0,1.0,3.0
2491,"Bookkeeping, Accounting, and Auditing Clerks","Calculate, prepare, and issue bills, invoices, account statements, and other financial statements according to established procedures.",500_b,2025-04-30,5.0,1.0,1.0,2.0,1.0,1.0
2519,Payroll and Timekeeping Clerks,"Verify attendance, hours worked, and pay adjustments, and post information onto designated records.",500_b,2025-04-30,3.0,1.0,3.0,3.0,1.0,3.0
2517,Payroll and Timekeeping Clerks,"Compile employee time, production, and payroll data from time sheets and other records.",500_b,2025-04-30,3.0,2.0,3.0,2.0,4.0,4.0
4068,Film and Video Editors,Piece sounds together to develop film soundtracks.,450_a,2025-05-01,2.0,4.0,3.0,5.0,4.0,4.0
17248,Radiologists,"Document the performance, interpretation, or outcomes of all procedures performed.",450_a,2025-05-01,3.0,3.0,5.0,4.0,3.0,3.0
11246,"Sales Representatives, Wholesale and Manufacturing, Technical and Scientific Products",Prepare sales presentations or proposals to explain product specifications or applications.,450_a,2025-05-01,4.0,4.0,3.0,3.0,4.0,3.0
9420,Medical Transcriptionists,"Perform data entry and data retrieval services, providing data for inclusion in medical records and for transmission to physicians.",450_a,2025-05-01,4.0,1.0,2.0,2.0,1.0,2.0
17239,Radiologists,Review or transmit images and information using picture archiving or communications systems.,450_a,2025-05-01,4.0,5.0,4.0,4.0,2.0,2.0
23211,"Securities, Commodities, and Financial Services Sales Agents",Evaluate costs and revenue of agreements to determine continued profitability.,450_a,2025-05-01,5.0,5.0,2.0,1.0,1.0,1.0
1482,Mechanical Engineering Technologists and Technicians,"Analyze test results in relation to design or rated specifications and test objectives, and modify or adjust equipment to meet specifications.",450_a,2025-05-01,2.0,3.0,3.0,4.0,3.0,4.0
17254,Radiologists,"Perform or interpret the outcomes of diagnostic imaging procedures including magnetic resonance imaging (MRI), computer tomography (CT), positron emission tomography (PET), nuclear cardiology treadmill studies, mammography, or ultrasound.",450_a,2025-05-01,3.0,3.0,4.0,3.0,2.0,3.0
11249,"Sales Representatives, Wholesale and Manufacturing, Technical and Scientific Products","Inform customers of estimated delivery schedules, service contracts, warranties, or other information pertaining to purchased products.",450_a,2025-05-01,5.0,1.0,1.0,1.0,2.0,1.0
742,Travel Agents,"Provide customer with brochures and publications containing travel information, such as local customs, points of interest, or foreign country regulations.",450_a,2025-05-01,4.0,1.0,2.0,1.0,2.0,2.0
23215,"Securities, Commodities, and Financial Services Sales Agents","Supply the latest price quotes on any security, as well as information on the activities or financial positions of the corporations issuing these securities.",450_a,2025-05-01,3.0,4.0,3.0,3.0,4.0,3.0
1477,Mechanical Engineering Technologists and Technicians,"Review project instructions and specifications to identify, modify and plan requirements fabrication, assembly and testing.",450_a,2025-05-01,2.0,4.0,2.0,2.0,3.0,4.0
23195,"Securities, Commodities, and Financial Services Sales Agents",Keep accurate records of transactions.,450_a,2025-05-01,5.0,1.0,2.0,1.0,1.0,1.0
20620,"Sales Representatives, Wholesale and Manufacturing, Technical and Scientific Products",Verify customer credit ratings.,450_a,2025-05-01,5.0,1.0,1.0,1.0,1.0,1.0
11238,"Sales Representatives, Wholesale and Manufacturing, Technical and Scientific Products","Quote prices, credit terms, or other bid specifications.",450_a,2025-05-01,3.0,3.0,2.0,3.0,3.0,3.0
739,Travel Agents,"Compute cost of travel and accommodations, using calculator, computer, carrier tariff books, and hotel rate books, or quote package tour's costs.",450_a,2025-05-01,5.0,1.0,1.0,1.0,1.0,1.0
22077,Mechanical Engineering Technologists and Technicians,"Design molds, tools, dies, jigs, or fixtures for use in manufacturing processes.",450_a,2025-05-01,2.0,4.0,2.0,4.0,4.0,4.0
9417,Medical Transcriptionists,Translate medical jargon and abbreviations into their expanded forms to ensure the accuracy of patient and health care facility records.,450_a,2025-05-01,5.0,1.0,1.0,1.0,1.0,1.0
743,Travel Agents,"Print or request transportation carrier tickets, using computer printer system or system link to travel carrier.",450_a,2025-05-01,5.0,1.0,1.0,1.0,1.0,1.0
20619,"Sales Representatives, Wholesale and Manufacturing, Technical and Scientific Products",Verify accuracy of materials lists.,450_a,2025-05-01,3.0,3.0,2.0,2.0,3.0,3.0
23205,"Securities, Commodities, and Financial Services Sales Agents",Review all securities transactions to ensure accuracy of information and conformance to governing agency regulations.,450_a,2025-05-01,5.0,1.0,1.0,1.0,1.0,1.0
23213,"Securities, Commodities, and Financial Services Sales Agents",Calculate costs for billings or commissions.,450_a,2025-05-01,5.0,1.0,1.0,1.0,1.0,1.0
11245,"Sales Representatives, Wholesale and Manufacturing, Technical and Scientific Products","Collaborate with colleagues to exchange information, such as selling strategies or marketing information.",450_a,2025-05-01,2.0,5.0,2.0,5.0,5.0,5.0
9413,Medical Transcriptionists,"Transcribe dictation for a variety of medical reports, such as patient histories, physical examinations, emergency room visits, operations, chart reviews, consultation, or discharge summaries.",450_a,2025-05-01,5.0,1.0,1.0,1.0,1.0,1.0
9423,Medical Transcriptionists,"Set up and maintain medical files and databases, including records such as x-ray, lab, and procedure reports, medical histories, diagnostic workups, admission and discharge summaries, and clinical resumes.",450_a,2025-05-01,5.0,1.0,1.0,1.0,1.0,1.0
23214,"Securities, Commodities, and Financial Services Sales Agents",Prepare financial reports to monitor client or corporate finances.,450_a,2025-05-01,5.0,1.0,1.0,1.0,1.0,1.0
20608,"Sales Representatives, Wholesale and Manufacturing, Technical and Scientific Products",Prepare and submit sales contracts for orders.,450_a,2025-05-01,4.0,2.0,1.0,1.0,1.0,2.0
22078,Mechanical Engineering Technologists and Technicians,"Design specialized or customized equipment, machines, or structures.",450_a,2025-05-01,2.0,3.0,2.0,4.0,4.0,4.0
20900,Travel Agents,"Record and maintain information on clients, vendors, and travel packages.",450_a,2025-05-01,5.0,1.0,1.0,1.0,1.0,1.0
17242,Radiologists,Prepare comprehensive interpretive reports of findings.,450_a,2025-05-01,3.0,2.0,2.0,2.0,3.0,3.0
9414,Medical Transcriptionists,"Review and edit transcribed reports or dictated material for spelling, grammar, clarity, consistency, and proper medical terminology.",450_a,2025-05-01,3.0,1.0,3.0,1.0,1.0,3.0
11261,"Sales Representatives, Wholesale and Manufacturing, Technical and Scientific Products","Compute customer's installation or production costs and estimate savings from new services, products, or equipment.",450_a,2025-05-01,5.0,1.0,1.0,1.0,1.0,1.0
17231,Radiologists,Participate in quality improvement activities including discussions of areas where risk of error is high.,450_a,2025-05-01,2.0,5.0,4.0,5.0,5.0,5.0
11237,"Sales Representatives, Wholesale and Manufacturing, Technical and Scientific Products","Answer customers' questions about products, prices, availability, or credit terms.",450_a,2025-05-01,5.0,1.0,1.0,1.0,1.0,1.0
1486,Mechanical Engineering Technologists and Technicians,"Record test procedures and results, numerical and graphical data, and recommendations for changes in product or test methods.",450_a,2025-05-01,3.0,4.0,2.0,2.0,4.0,3.0
737,Travel Agents,Collect payment for transportation and accommodations from customer.,450_a,2025-05-01,5.0,1.0,1.0,1.0,1.0,1.0
740,Travel Agents,"Book transportation and hotel reservations, using computer or telephone.",450_a,2025-05-01,5.0,1.0,1.0,1.0,1.0,1.0
738,Travel Agents,"Converse with customer to determine destination, mode of transportation, travel dates, financial considerations, and accommodations required.",450_a,2025-05-01,4.0,2.0,2.0,1.0,2.0,2.0
4058,Film and Video Editors,Review assembled films or edited videotapes on screens or monitors to determine if corrections are necessary.,450_a,2025-05-01,3.0,3.0,2.0,3.0,1.0,3.0
23209,"Securities, Commodities, and Financial Services Sales Agents","Inform other traders, managers, or customers of market conditions, including volume, price, competition, or dynamics.",450_a,2025-05-01,3.0,3.0,2.0,3.0,3.0,3.0
4059,Film and Video Editors,Program computerized graphic effects.,450_a,2025-05-01,2.0,1.0,2.0,3.0,4.0,4.0
23208,"Securities, Commodities, and Financial Services Sales Agents","Track and analyze factors that affect price movement, such as trade policies, weather conditions, political developments, or supply and demand changes.",450_a,2025-05-01,5.0,1.0,1.0,1.0,1.0,1.0
22083,Mechanical Engineering Technologists and Technicians,"Prepare equipment inspection schedules, reliability schedules, work plans, or other records.",450_a,2025-05-01,4.0,1.0,2.0,1.0,1.0,2.0
9415,Medical Transcriptionists,"Distinguish between homonyms and recognize inconsistencies and mistakes in medical terms, referring to dictionaries, drug references, and other sources on anatomy, physiology, and medicine.",450_a,2025-05-01,3.0,1.0,4.0,4.0,1.0,3.0
17249,Radiologists,Develop or monitor procedures to ensure adequate quality control of images.,450_a,2025-05-01,3.0,3.0,2.0,3.0,3.0,3.0
4054,Film and Video Editors,Mark frames where a particular shot or piece of sound is to begin or end.,450_a,2025-05-01,3.0,1.0,2.0,4.0,2.0,3.0
741,Travel Agents,"Plan, describe, arrange, and sell itinerary tour packages and promotional travel incentives offered by various travel carriers.",450_a,2025-05-01,5.0,1.0,1.0,1.0,1.0,1.0
15711,Online Merchants,Create or maintain database of customer accounts.,200_b,2025-05-01,4.0,1.0,2.0,2.0,1.0,2.0
21511,Accountants and Auditors,"Examine and evaluate financial and information systems, recommending controls to ensure system reliability and data integrity.",200_b,2025-05-01,3.0,3.0,4.0,4.0,4.0,4.0
15979,Sustainability Specialists,"Assess or propose sustainability initiatives, considering factors such as cost effectiveness, technical feasibility, and acceptance.",200_b,2025-05-01,4.0,2.0,3.0,3.0,3.0,3.0
15728,Online Merchants,"Correspond with online customers via electronic mail, telephone, or other electronic messaging to address questions or complaints about products, policies, or shipping methods.",200_b,2025-05-01,4.0,2.0,3.0,3.0,2.0,2.0
21522,Accountants and Auditors,"Evaluate taxpayer finances to determine tax liability, using knowledge of interest and discount rates, annuities, valuation of stocks and bonds, and amortization valuation of depletable assets.",200_b,2025-05-01,4.0,2.0,4.0,4.0,2.0,4.0
21516,Accountants and Auditors,Review accounts for discrepancies and reconcile differences.,200_b,2025-05-01,5.0,1.0,2.0,3.0,1.0,1.0
3534,Surveyors,"Write descriptions of property boundary surveys for use in deeds, leases, or other legal documents.",200,2025-05-01,1.0,5.0,3.0,4.0,1.0,4.0
20492,Civil Engineers,"Analyze survey reports, maps, drawings, blueprints, aerial photography, or other topographical or geologic data.",200,2025-05-01,5.0,1.0,2.0,5.0,1.0,2.0
7401,Computer Hardware Engineers,"Store, retrieve, and manipulate data for analysis of system capabilities and requirements.",200,2025-05-01,4.0,1.0,3.0,4.0,2.0,3.0
22110,Surveying and Mapping Technicians,Identify and compile database information to create requested maps.,200,2025-05-01,4.0,1.0,2.0,3.0,2.0,3.0
18095,Health Informatics Specialists,"Analyze computer and information technologies to determine applicability to nursing practice, education, administration, and research.",300_a,2025-05-01,2.0,1.0,4.0,5.0,4.0,4.0
16121,Data Warehousing Specialists,"Verify the structure, accuracy, or quality of warehouse data.",300_a,2025-05-01,3.0,1.0,4.0,5.0,2.0,3.0
1274,Computer Programmers,Write or contribute to instructions or manuals to guide end users.,300_a,2025-05-01,3.0,1.0,2.0,3.0,3.0,3.0
16565,Solar Energy Systems Engineers,"Perform thermal, stress, or cost reduction analyses for solar systems.",PurpleBear,2025-05-03,3.0,2.0,1.0,2.0,1.0,3.0
1450,Mechanical Drafters,"Compute mathematical formulas to develop and design detailed specifications for components or machinery, using computer-assisted equipment.",PurpleBear,2025-05-03,4.0,1.0,1.0,2.0,2.0,2.0
1325,Network and Computer Systems Administrators,Monitor network performance to determine whether adjustments are needed and where changes will be needed in the future.,100,2025-05-04,4.0,1.0,3.0,3.0,1.0,2.0
1314,Database Administrators,"Review workflow charts developed by programmer analyst to understand tasks computer will perform, such as updating records.",100,2025-05-04,5.0,1.0,1.0,1.0,1.0,1.0
19010,Computer Network Support Specialists,Provide telephone support related to networking or connectivity issues.,100,2025-05-04,4.0,1.0,1.0,2.0,3.0,1.0
16354,Radio Frequency Identification Device Specialists,Perform systems analysis or programming of radio frequency identification device (RFID) technology.,PurpleBear,2025-05-05,3.0,4.0,2.0,3.0,2.0,3.0
1392,Industrial Engineers,"Develop manufacturing methods, labor utilization standards, and cost analysis systems to promote efficient staff and facility utilization.",PurpleBear,2025-05-05,3.0,1.0,2.0,2.0,4.0,3.0
1391,Industrial Engineers,Analyze statistical data and product specifications to determine standards and establish quality and reliability objectives of finished product.,PurpleBear,2025-05-05,3.0,1.0,2.0,3.0,2.0,3.0
1411,Mechanical Engineers,"Read and interpret blueprints, technical drawings, schematics, or computer-generated reports.",PurpleBear,2025-05-05,3.0,1.0,2.0,2.0,2.0,3.0
16571,Solar Energy Systems Engineers,"Create plans for solar energy system development, monitoring, and evaluation activities.",PurpleBear,2025-05-05,3.0,4.0,3.0,3.0,3.0,3.0
22011,Electro-Mechanical and Mechatronics Technologists and Technicians,"Establish and maintain inventory, records, or documentation systems.",PurpleBear,2025-05-05,4.0,1.0,2.0,2.0,3.0,2.0
7373,Mathematicians,"Address the relationships of quantities, magnitudes, and forms through the use of numbers and symbols.",150,2025-05-06,4.0,1.0,5.0,5.0,3.0,2.0
21549,Appraisers and Assessors of Real Estate,"Compute final estimation of property values, taking into account such factors as depreciation, replacement costs, value comparisons of similar properties, and income potential.",200_b,2025-05-01,4.0,3.0,2.0,3.0,1.0,2.0
15732,Online Merchants,"Prepare or organize online storefront marketing material, including product descriptions or subject lines, optimizing content to search engine criteria.",200_b,2025-05-01,5.0,1.0,2.0,3.0,1.0,1.0
21515,Accountants and Auditors,Prepare adjusting journal entries.,200_b,2025-05-01,4.0,2.0,4.0,4.0,2.0,3.0
15594,Clinical Research Coordinators,Record adverse event and side effect data and confer with investigators regarding the reporting of events to oversight agencies.,100_b,2025-05-01,3.0,3.0,4.0,5.0,4.0,5.0
15595,Clinical Research Coordinators,"Prepare study-related documentation, such as protocol worksheets, procedural manuals, adverse event reports, institutional review board documents, or progress reports.",100_b,2025-05-01,3.0,1.0,3.0,5.0,3.0,5.0
15593,Clinical Research Coordinators,"Review proposed study protocols to evaluate factors such as sample collection processes, data management plans, or potential subject risks.",100_b,2025-05-01,2.0,1.0,4.0,5.0,3.0,5.0
1146,"Purchasing Agents, Except Wholesale, Retail, and Farm Products",Monitor and follow applicable laws and regulations.,100_b,2025-05-01,3.0,1.0,4.0,5.0,3.0,4.0
1145,"Purchasing Agents, Except Wholesale, Retail, and Farm Products","Analyze price proposals, financial reports, and other data and information to determine reasonable prices.",100_b,2025-05-01,3.0,1.0,4.0,5.0,3.0,5.0
21449,Compliance Officers,"Prepare reports of activities, evaluations, recommendations, or decisions.",100_b,2025-05-01,4.0,1.0,4.0,5.0,3.0,4.0
52,Medical and Health Services Managers,"Establish work schedules and assignments for staff, according to workload, space, and equipment availability.",100_b,2025-05-01,3.0,2.0,4.0,4.0,4.0,5.0
1144,"Purchasing Agents, Except Wholesale, Retail, and Farm Products","Research and evaluate suppliers, based on price, quality, selection, service, support, availability, reliability, production and distribution capabilities, and the supplier's reputation and history.",100_b,2025-05-01,3.0,1.0,4.0,5.0,3.0,5.0
21457,Compliance Officers,Prepare correspondence to inform concerned parties of licensing decisions or appeals processes.,100_b,2025-05-01,4.0,1.0,3.0,4.0,3.0,4.0
15583,Clinical Research Coordinators,"Review scientific literature, participate in continuing education activities, or attend conferences and seminars to maintain current knowledge of clinical studies affairs and issues.",100_b,2025-05-01,2.0,2.0,2.0,5.0,2.0,2.0
1143,"Purchasing Agents, Except Wholesale, Retail, and Farm Products","Prepare purchase orders, solicit bid proposals, and review requisitions for goods and services.",100_b,2025-05-01,4.0,1.0,3.0,4.0,3.0,4.0
15598,Clinical Research Coordinators,Order drugs or devices necessary for study completion.,100_b,2025-05-01,3.0,2.0,3.0,4.0,3.0,4.0
18032,Regulatory Affairs Managers,Monitor emerging trends regarding industry regulations to determine potential impacts on organizational processes.,100_b,2025-05-01,3.0,1.0,4.0,5.0,3.0,4.0
18037,Regulatory Affairs Managers,"Review all regulatory agency submission materials to ensure timeliness, accuracy, comprehensiveness, or compliance with regulatory standards.",100_b,2025-05-01,3.0,1.0,4.0,5.0,3.0,4.0
18055,Regulatory Affairs Specialists,Determine the types of regulatory submissions or internal documentation that are required in situations such as proposed device changes or labeling changes.,100_b,2025-05-01,3.0,1.0,4.0,5.0,3.0,4.0
18049,Regulatory Affairs Specialists,Interpret regulatory rules or rule changes and ensure that they are communicated through corporate policies and procedures.,100_b,2025-05-01,3.0,1.0,4.0,5.0,4.0,4.0
18053,Regulatory Affairs Specialists,Compile and maintain regulatory documentation databases or systems.,100_b,2025-05-01,4.0,1.0,2.0,4.0,2.0,3.0
57,Medical and Health Services Managers,"Prepare activity reports to inform management of the status and implementation plans of programs, services, and quality initiatives.",100_b,2025-05-01,3.0,1.0,3.0,4.0,3.0,4.0
61,Medical and Health Services Managers,Review and analyze facility activities and data to aid planning and cash and risk management and to improve service utilization.,100_b,2025-05-01,3.0,1.0,4.0,5.0,3.0,4.0
18038,Regulatory Affairs Managers,Review materials such as marketing literature or user manuals to ensure that regulatory agency requirements are met.,100_b,2025-05-01,3.0,1.0,3.0,5.0,3.0,4.0
15614,Clinical Research Coordinators,"Maintain required records of study activity including case report forms, drug dispensation records, or regulatory forms.",100_b,2025-05-01,4.0,2.0,2.0,4.0,2.0,3.0
15609,Clinical Research Coordinators,"Code, evaluate, or interpret collected study data.",100_b,2025-05-01,4.0,1.0,3.0,5.0,2.0,4.0
1151,"Purchasing Agents, Except Wholesale, Retail, and Farm Products","Maintain and review computerized or manual records of purchased items, costs, deliveries, product performance, and inventories.",100_b,2025-05-01,4.0,2.0,2.0,4.0,2.0,3.0
1153,"Purchasing Agents, Except Wholesale, Retail, and Farm Products",Study sales records and inventory levels of current stock to develop strategic purchasing programs that facilitate employee access to supplies.,100_b,2025-05-01,4.0,1.0,3.0,4.0,3.0,4.0
21447,Compliance Officers,"Evaluate applications, records, or documents to gather information about eligibility or liability issues.",100_b,2025-05-01,4.0,1.0,3.0,4.0,2.0,3.0
18058,Regulatory Affairs Specialists,"Maintain current knowledge base of existing and emerging regulations, standards, or guidance documents.",100_b,2025-05-01,3.0,1.0,3.0,5.0,2.0,3.0
15735,Online Merchants,"Calculate revenue, sales, and expenses, using financial accounting or spreadsheet software.",200_b,2025-05-01,5.0,1.0,2.0,2.0,1.0,1.0
20327,Search Marketing Strategists,"Improve search-related activities through ongoing analysis, experimentation, or optimization tests, using A/B or multivariate methods.",200_b,2025-05-01,5.0,1.0,3.0,3.0,1.0,1.0
15973,Sustainability Specialists,Provide technical or administrative support for sustainability programs or issues.,200_b,2025-05-01,4.0,2.0,3.0,3.0,3.0,3.0
15714,Online Merchants,Cancel orders based on customer requests or inventory or delivery problems.,200_b,2025-05-01,5.0,1.0,2.0,2.0,2.0,1.0
20326,Search Marketing Strategists,Identify appropriate Key Performance Indicators (KPIs) and report key metrics from digital campaigns.,200_b,2025-05-01,5.0,1.0,3.0,3.0,1.0,2.0
16179,Search Marketing Strategists,Propose online or multiple-sales-channel campaigns to marketing executives.,200_b,2025-05-01,5.0,1.0,4.0,4.0,3.0,2.0
21514,Accountants and Auditors,"Prepare, examine, or analyze accounting records, financial statements, or other financial reports to assess accuracy, completeness, and conformance to reporting and procedural standards.",200_b,2025-05-01,4.0,2.0,5.0,5.0,2.0,3.0
21520,Accountants and Auditors,Report to management regarding the finances of establishment.,200_b,2025-05-01,3.0,3.0,4.0,3.0,5.0,3.0
20328,Search Marketing Strategists,Manage tracking and reporting of search-related activities and provide analyses to marketing executives.,200_b,2025-05-01,3.0,3.0,4.0,3.0,5.0,3.0
20329,Search Marketing Strategists,"Optimize digital assets, such as text, graphics, or multimedia assets, for search engine optimization (SEO) or for display and usability on internet-connected devices.",200_b,2025-05-01,5.0,1.0,2.0,3.0,1.0,1.0
15709,Online Merchants,Deliver e-mail confirmation of completed transactions and shipment.,200_b,2025-05-01,5.0,1.0,2.0,1.0,2.0,1.0
15707,Online Merchants,Determine and set product prices.,200_b,2025-05-01,4.0,1.0,5.0,4.0,1.0,2.0
15980,Sustainability Specialists,"Monitor or track sustainability indicators, such as energy usage, natural resource usage, waste generation, and recycling.",200_b,2025-05-01,5.0,2.0,2.0,3.0,1.0,1.0
16186,Search Marketing Strategists,"Conduct market research analysis to identify search query trends, real-time search and news media activity, popular social media topics, electronic commerce trends, market opportunities, or competitor performance.",200_b,2025-05-01,5.0,1.0,4.0,4.0,1.0,2.0
15734,Online Merchants,"Compose descriptions of merchandise for posting to online storefront, auction sites, or other shopping Web sites.",200_b,2025-05-01,5.0,1.0,2.0,3.0,1.0,1.0
15717,Online Merchants,"Promote products in online communities through weblog or discussion-forum postings, e-mail marketing programs, or online advertising.",200_b,2025-05-01,5.0,1.0,2.0,2.0,1.0,1.0
16192,Search Marketing Strategists,"Collect and analyze Web metrics, such as visits, time on site, page views per visit, transaction volume and revenue, traffic mix, click-through rates, conversion rates, cost per acquisition, or cost per click.",200_b,2025-05-01,5.0,1.0,2.0,3.0,1.0,1.0
15975,Sustainability Specialists,Create or maintain plans or other documents related to sustainability projects.,200_b,2025-05-01,5.0,1.0,4.0,4.0,1.0,2.0
15710,Online Merchants,"Create, manage, or automate orders or invoices, using order management or invoicing software.",200_b,2025-05-01,5.0,1.0,2.0,2.0,1.0,1.0
20319,Search Marketing Strategists,Combine secondary data sources with keyword research to more accurately profile and satisfy user intent.,200_b,2025-05-01,5.0,1.0,2.0,3.0,1.0,1.0
16188,Search Marketing Strategists,"Communicate and collaborate with merchants, Webmasters, bloggers, or online editors to strategically place hyperlinks.",200_b,2025-05-01,4.0,2.0,2.0,3.0,2.0,3.0
16182,Search Marketing Strategists,Participate in the development or implementation of online marketing strategy.,200_b,2025-05-01,4.0,1.0,3.0,4.0,1.0,2.0
20318,Search Marketing Strategists,Assist in setting up or optimizing analytics tools for tracking visitors' behaviors.,200_b,2025-05-01,5.0,1.0,2.0,2.0,1.0,1.0
15721,Online Merchants,"Investigate products or markets to determine areas for opportunity or viability for merchandising specific products, using online or offline sources.",200_b,2025-05-01,3.0,3.0,3.0,3.0,3.0,3.0
15968,Sustainability Specialists,Review and revise sustainability proposals or policies.,200_b,2025-05-01,4.0,1.0,3.0,4.0,2.0,2.0
20325,Search Marketing Strategists,Execute or manage social media campaigns to inform search marketing tactics.,200_b,2025-05-01,5.0,1.0,2.0,2.0,1.0,2.0
20321,Search Marketing Strategists,Create content strategies for digital media.,200_b,2025-05-01,5.0,1.0,3.0,3.0,1.0,2.0
16193,Search Marketing Strategists,"Collaborate with Web, multimedia, or art design staffs to create multimedia Web sites or other internet content that conforms to brand and company visual format.",200_b,2025-05-01,3.0,2.0,3.0,3.0,4.0,3.0
15703,Online Merchants,"Upload digital media, such as photos, video, or scanned images to online storefront, auction sites, or other shopping Web sites.",200_b,2025-05-01,3.0,4.0,2.0,2.0,1.0,3.0
1351,Electrical Engineers,"Perform detailed calculations to compute and establish manufacturing, construction, or installation standards or specifications.",200,2025-05-01,3.0,3.0,3.0,5.0,1.0,2.0
15704,Online Merchants,Order or purchase merchandise to maintain optimal inventory levels.,200_b,2025-05-01,5.0,1.0,3.0,3.0,2.0,2.0
15978,Sustainability Specialists,Collect information about waste stream management or green building practices to inform decision makers.,200_b,2025-05-01,5.0,1.0,3.0,4.0,2.0,2.0
15969,Sustainability Specialists,"Research or review regulatory, technical, or market issues related to sustainability.",200_b,2025-05-01,5.0,1.0,2.0,4.0,1.0,2.0
21992,Electrical and Electronic Engineering Technologists and Technicians,Procure parts and maintain inventory and related documentation.,200,2025-05-01,3.0,4.0,3.0,5.0,1.0,4.0
20330,Search Marketing Strategists,Optimize shopping cart experience or Web site conversion rates against Key Performance Indicators (KPIs).,200_b,2025-05-01,5.0,1.0,2.0,3.0,1.0,2.0
21991,Electrical and Electronic Engineering Technologists and Technicians,"Integrate software or hardware components, using computer, microprocessor, or control architecture.",200,2025-05-01,3.0,4.0,3.0,4.0,1.0,3.0
95,Training and Development Specialists,"Schedule classes based on availability of classrooms, equipment, or instructors.",200_b,2025-05-01,4.0,2.0,2.0,2.0,2.0,3.0
16190,Search Marketing Strategists,Optimize Web site exposure by analyzing search engine patterns to direct online placement of keywords or other content.,200_b,2025-05-01,5.0,1.0,2.0,3.0,1.0,1.0
15976,Sustainability Specialists,Develop reports or presentations to communicate the effectiveness of sustainability initiatives.,200_b,2025-05-01,4.0,2.0,2.0,3.0,4.0,3.0
15731,Online Merchants,"Receive and process payments from customers, using electronic transaction services.",200_b,2025-05-01,5.0,1.0,3.0,2.0,1.0,1.0
21917,Architectural and Civil Drafters,"Produce drawings, using computer-assisted drafting systems (CAD) or drafting machines, or by hand, using compasses, dividers, protractors, triangles, and other drafting devices.",200,2025-05-01,5.0,1.0,1.0,4.0,1.0,2.0
21519,Accountants and Auditors,"Analyze business operations, trends, costs, revenues, financial commitments, and obligations to project future revenues and expenses or to provide advice.",200_b,2025-05-01,5.0,1.0,4.0,4.0,1.0,2.0
93,Training and Development Specialists,"Keep up with developments in area of expertise by reading current journals, books, or magazine articles.",200_b,2025-05-01,5.0,1.0,1.0,2.0,1.0,1.0
20725,Aerospace Engineers,"Evaluate product data or design from inspections or reports for conformance to engineering principles, customer requirements, environmental regulations, or quality standards.",200,2025-05-01,2.0,4.0,4.0,5.0,3.0,4.0
1346,Aerospace Engineers,Maintain records of performance reports for future reference.,200,2025-05-01,3.0,3.0,2.0,3.0,1.0,3.0
3585,Petroleum Engineers,"Develop plans for oil and gas field drilling, and for product recovery and treatment.",200,2025-05-01,3.0,2.0,3.0,4.0,1.0,4.0
3647,Environmental Engineering Technologists and Technicians,"Obtain product information, identify vendors or suppliers, or order materials or equipment to maintain inventory.",200,2025-05-01,3.0,2.0,3.0,4.0,3.0,3.0
21921,Architectural and Civil Drafters,"Draw maps, diagrams, and profiles, using cross-sections and surveys, to represent elevations, topographical contours, subsurface formations, and structures.",200,2025-05-01,3.0,1.0,3.0,4.0,3.0,4.0
3590,Petroleum Engineers,Assign work to staff to obtain maximum utilization of personnel.,200,2025-05-01,3.0,1.0,4.0,4.0,4.0,4.0
3536,Surveyors,"Search legal records, survey records, and land titles to obtain information about property boundaries in areas to be surveyed.",200,2025-05-01,4.0,2.0,4.0,4.0,2.0,3.0
21920,Architectural and Civil Drafters,"Analyze building codes, by-laws, space and site requirements, and other technical documents and reports to determine their effect on architectural designs.",200,2025-05-01,4.0,1.0,4.0,4.0,3.0,3.0
16512,Robotics Engineers,"Review or approve designs, calculations, or cost estimates.",200,2025-05-01,3.0,1.0,4.0,5.0,3.0,4.0
22107,Surveying and Mapping Technicians,"Produce or update overlay maps to show information boundaries, water locations, or topographic features on various base maps or at different scales.",200,2025-05-01,3.0,1.0,2.0,4.0,2.0,4.0
1420,Mechanical Engineers,"Conduct research that tests or analyzes the feasibility, design, operation, or performance of equipment, components, or systems.",200,2025-05-01,3.0,2.0,4.0,5.0,3.0,4.0
3531,Surveyors,"Record the results of surveys, including the shape, contour, location, elevation, and dimensions of land or land features.",200,2025-05-01,3.0,3.0,2.0,4.0,2.0,3.0
21928,Architectural and Civil Drafters,Check dimensions of materials to be used and assign numbers to lists of materials.,200,2025-05-01,4.0,1.0,2.0,3.0,2.0,3.0
16523,Robotics Engineers,Conduct research on robotic technology to create new robotic systems or system capabilities.,200,2025-05-01,3.0,2.0,4.0,5.0,3.0,4.0
21989,Electrical and Electronic Engineering Technologists and Technicians,"Compile and maintain records documenting engineering schematics, installed equipment, installation or operational problems, resources used, repairs, or corrective action performed.",200,2025-05-01,4.0,1.0,2.0,3.0,2.0,3.0
22086,Mechanical Engineering Technologists and Technicians,"Provide technical support to other employees regarding mechanical design, fabrication, testing, or documentation.",200,2025-05-01,3.0,2.0,3.0,4.0,4.0,4.0
22084,Mechanical Engineering Technologists and Technicians,"Prepare layouts of machinery, tools, plants, or equipment.",200,2025-05-01,3.0,1.0,3.0,4.0,3.0,4.0
21983,Electrical and Electronic Engineering Technologists and Technicians,"Review existing electrical engineering criteria to identify necessary revisions, deletions, or amendments to outdated material.",200,2025-05-01,2.0,1.0,4.0,5.0,3.0,3.0
3537,Surveyors,"Coordinate findings with the work of engineering and architectural personnel, clients, and others concerned with projects.",200,2025-05-01,2.0,2.0,4.0,3.0,5.0,4.0
3533,Surveyors,"Prepare, or supervise preparation of, all data, charts, plots, maps, records, and documents related to surveys.",200,2025-05-01,3.0,2.0,4.0,4.0,3.0,3.0
3532,Surveyors,"Calculate heights, depths, relative positions, property lines, and other characteristics of terrain.",200,2025-05-01,4.0,3.0,5.0,5.0,2.0,3.0
19631,Mechanical Engineers,Recommend the use of utility or energy services that minimize carbon footprints.,200,2025-05-01,3.0,1.0,4.0,5.0,4.0,4.0
3528,Surveyors,"Prepare and maintain sketches, maps, reports, and legal descriptions of surveys to describe, certify, and assume liability for work performed.",200,2025-05-01,3.0,2.0,5.0,5.0,4.0,4.0
3591,Petroleum Engineers,Interpret drilling and testing information for personnel.,200,2025-05-01,4.0,2.0,5.0,5.0,4.0,5.0
21994,Electrical and Electronic Engineering Technologists and Technicians,"Research equipment or component needs, sources, competitive prices, delivery times, or ongoing operational costs.",200,2025-05-01,3.0,2.0,4.0,4.0,3.0,4.0
20488,"Architects, Except Landscape and Naval","Create three-dimensional or interactive representations of designs, using computer-assisted design software.",200,2025-05-01,4.0,1.0,4.0,5.0,3.0,5.0
7396,Computer Hardware Engineers,"Build, test, and modify product prototypes, using working models or theoretical models constructed with computer simulation.",200,2025-05-01,4.0,4.0,5.0,5.0,3.0,5.0
3543,Surveyors,"Compute geodetic measurements and interpret survey data to determine positions, shapes, and elevations of geomorphic and topographic features.",200,2025-05-01,4.0,3.0,4.0,5.0,3.0,5.0
21919,Architectural and Civil Drafters,"Coordinate structural, electrical, and mechanical designs and determine a method of presentation to graphically represent building plans.",200,2025-05-01,3.0,2.0,4.0,5.0,5.0,5.0
16525,Robotics Engineers,"Conduct research into the feasibility, design, operation, or performance of robotic mechanisms, components, or systems, such as planetary rovers, multiple mobile robots, reconfigurable robots, or man-machine interactions.",200,2025-05-01,3.0,3.0,5.0,5.0,2.0,5.0
3542,Surveyors,Analyze survey objectives and specifications to prepare survey proposals or to direct others in survey proposal preparation.,200,2025-05-01,3.0,1.0,3.0,4.0,3.0,4.0
21924,Architectural and Civil Drafters,"Determine the order of work and method of presentation, such as orthographic or isometric drawing.",200,2025-05-01,3.0,1.0,2.0,4.0,2.0,4.0
22111,Surveying and Mapping Technicians,"Operate and manage land-information computer systems, performing tasks such as storing data, making inquiries, and producing plots and reports.",200,2025-05-01,4.0,1.0,2.0,4.0,2.0,3.0
21926,Architectural and Civil Drafters,"Draw rough and detailed scale plans for foundations, buildings, and structures, based on preliminary concepts, sketches, engineering calculations, specification sheets, and other data.",200,2025-05-01,3.0,1.0,3.0,5.0,3.0,4.0
21984,Electrical and Electronic Engineering Technologists and Technicians,Maintain system logs or manuals to document testing or operation of equipment.,200,2025-05-01,4.0,2.0,2.0,3.0,1.0,3.0
19594,"Architects, Except Landscape and Naval",Gather information related to projects' environmental sustainability or operational efficiency.,200,2025-05-01,3.0,1.0,3.0,4.0,3.0,4.0
19596,"Architects, Except Landscape and Naval","Plan or design structures such as residences, office buildings, theatres, factories, or other structural properties in accordance with environmental, safety, or other regulations.",200,2025-05-01,3.0,3.0,5.0,5.0,3.0,4.0
21929,Architectural and Civil Drafters,"Determine procedures and instructions to be followed, according to design specifications and quantity of required materials.",200,2025-05-01,3.0,1.0,3.0,4.0,3.0,4.0
22085,Mechanical Engineering Technologists and Technicians,"Prepare specifications, designs, or sketches for machines, components, or systems related to the generation, transmission, or use of mechanical or fluid energy.",200,2025-05-01,3.0,2.0,4.0,5.0,3.0,4.0
1340,Aerospace Engineers,"Write technical reports or other documentation, such as handbooks or bulletins, for use by engineering staff, management, or customers.",200,2025-05-01,2.0,1.0,3.0,5.0,3.0,4.0
1702,Library Technicians,"Compile and maintain records relating to circulation, materials, and equipment.",350,2025-05-01,4.0,3.0,1.0,2.0,1.0,2.0
286,Art Directors,"Manage own accounts and projects, working within budget and scheduling requirements.",350,2025-05-01,4.0,2.0,4.0,3.0,3.0,3.0
22537,Producers and Directors,Review film daily to check on work in progress and to plan for future filming.,350,2025-05-01,2.0,2.0,4.0,4.0,4.0,4.0
22529,Producers and Directors,"Perform administrative duties, such as preparing operational reports, distributing rehearsal call sheets and script copies, and arranging for rehearsal quarters.",350,2025-05-01,2.0,2.0,4.0,4.0,4.0,4.0
18516,Library Technicians,Claim missing issues of periodicals and journals.,350,2025-05-01,4.0,3.0,2.0,3.0,2.0,2.0
22519,Producers and Directors,Study and research scripts to determine how they should be directed.,350,2025-05-01,3.0,3.0,4.0,4.0,4.0,3.0
3896,Media Technical Directors/Managers,Monitor broadcasts to ensure that programs conform to station or network policies and regulations.,350,2025-05-01,2.0,4.0,3.0,4.0,4.0,5.0
22523,Producers and Directors,"Review film, recordings, or rehearsals to ensure conformance to production and broadcast standards.",350,2025-05-01,2.0,4.0,4.0,4.0,4.0,5.0
6904,Commercial and Industrial Designers,"Research production specifications, costs, production materials, and manufacturing methods and provide cost estimates and itemized production requirements.",350,2025-05-01,3.0,3.0,3.0,3.0,4.0,3.0
7674,Media Programming Directors,Develop promotions for current programs and specials.,350,2025-05-01,2.0,3.0,3.0,3.0,4.0,4.0
22539,Producers and Directors,Write and submit proposals to bid on contracts for projects.,350,2025-05-01,3.0,2.0,4.0,4.0,4.0,3.0
309,Graphic Designers,"Study illustrations and photographs to plan presentation of materials, products, or services.",350,2025-05-01,4.0,1.0,4.0,4.0,2.0,2.0
1717,Library Technicians,Design posters and special displays to promote use of library facilities or specific reading programs at libraries.,350,2025-05-01,4.0,2.0,3.0,3.0,2.0,2.0
284,Art Directors,"Formulate basic layout design or presentation approach and specify material details, such as style and size of type, photographs, graphics, animation, video, and sound.",350,2025-05-01,4.0,2.0,4.0,4.0,4.0,2.0
299,Graphic Designers,"Create designs, concepts, and sample layouts, based on knowledge of layout principles and esthetic design concepts.",350,2025-05-01,3.0,2.0,4.0,4.0,4.0,3.0
1706,Library Technicians,Review subject matter of materials to be classified and select classification numbers and headings according to classification systems.,350,2025-05-01,3.0,4.0,2.0,3.0,1.0,3.0
300,Graphic Designers,"Determine size and arrangement of illustrative material and copy, and select style and size of type.",350,2025-05-01,4.0,2.0,3.0,3.0,2.0,2.0
301,Graphic Designers,Use computer software to generate new images.,350,2025-05-01,3.0,2.0,4.0,4.0,4.0,3.0
19011,Computer Network Support Specialists,Research hardware or software products to meet technical networking or security needs.,300_a,2025-05-01,3.0,1.0,3.0,4.0,3.0,3.0
1317,Network and Computer Systems Administrators,Perform data backups and disaster recovery operations.,300_a,2025-05-01,2.0,2.0,4.0,4.0,2.0,4.0
1323,Network and Computer Systems Administrators,"Recommend changes to improve systems and network configurations, and determine hardware or software requirements related to such changes.",300_a,2025-05-01,2.0,1.0,4.0,5.0,4.0,4.0
22540,Producers and Directors,"Develop marketing plans for finished products, collaborating with sales associates to supervise product distribution.",350,2025-05-01,3.0,2.0,3.0,3.0,4.0,3.0
14626,Computer and Information Research Scientists,"Apply theoretical expertise and innovation to create or apply new technology, such as adapting principles for applying computers to new uses.",300_a,2025-05-01,1.0,1.0,5.0,5.0,3.0,5.0
1718,Library Technicians,Compile bibliographies and prepare abstracts on subjects of interest to particular organizations or groups.,350,2025-05-01,5.0,1.0,2.0,2.0,1.0,1.0
14652,Software Quality Assurance Analysts and Testers,"Install, maintain, or use software testing programs.",300_a,2025-05-01,3.0,1.0,3.0,4.0,3.0,3.0
1290,Computer User Support Specialists,"Develop training materials and procedures, or train users in the proper use of hardware or software.",300_a,2025-05-01,3.0,1.0,3.0,4.0,3.0,3.0
5314,Information Security Analysts,"Develop plans to safeguard computer files against accidental or unauthorized modification, destruction, or disclosure and to meet emergency data processing needs.",300_a,2025-05-01,2.0,1.0,4.0,5.0,3.0,4.0
292,Art Directors,Review illustrative material to determine if it conforms to standards and specifications.,350,2025-05-01,3.0,1.0,4.0,4.0,3.0,3.0
22532,Producers and Directors,"Perform management activities, such as budgeting, scheduling, planning, and marketing.",350,2025-05-01,2.0,3.0,3.0,3.0,4.0,4.0
1313,Database Administrators,"Write and code logical and physical database descriptions and specify identifiers of database to management system, or direct others in coding descriptions.",300_a,2025-05-01,2.0,1.0,4.0,5.0,3.0,4.0
306,Graphic Designers,"Develop graphics and layouts for product illustrations, company logos, and Web sites.",350,2025-05-01,4.0,1.0,4.0,3.0,1.0,2.0
19009,Computer Network Support Specialists,"Monitor industry Web sites or publications for information about patches, releases, viruses, or potential problem identification.",300_a,2025-05-01,3.0,1.0,3.0,4.0,2.0,3.0
1292,Computer User Support Specialists,"Prepare evaluations of software or hardware, and recommend improvements or upgrades.",300_a,2025-05-01,2.0,1.0,3.0,3.0,4.0,4.0
1704,Library Technicians,Issue identification cards to borrowers.,350,2025-05-01,5.0,2.0,1.0,1.0,2.0,1.0
18979,Computer Network Architects,"Monitor and analyze network performance and reports on data input or output to detect problems, identify inefficient use of computer resources, or perform capacity planning.",300_a,2025-05-01,3.0,1.0,4.0,5.0,3.0,4.0
3906,Media Technical Directors/Managers,Collaborate with promotions directors to produce on-air station promotions.,350,2025-05-01,2.0,4.0,4.0,3.0,4.0,4.0
16125,Data Warehousing Specialists,"Implement business rules via stored procedures, middleware, or other technologies.",300_a,2025-05-01,2.0,1.0,4.0,5.0,3.0,4.0
18518,Library Technicians,Compile data and create statistical reports on library usage.,350,2025-05-01,5.0,1.0,2.0,2.0,1.0,1.0
16124,Data Warehousing Specialists,"Map data between source systems, data warehouses, and data marts.",300_a,2025-05-01,2.0,1.0,4.0,5.0,3.0,4.0
16130,Data Warehousing Specialists,"Create plans, test files, and scripts for data warehouse testing, ranging from unit to integration testing.",300_a,2025-05-01,2.0,1.0,4.0,5.0,3.0,4.0
1319,Network and Computer Systems Administrators,"Plan, coordinate, and implement network security measures to protect data, software, and hardware.",300_a,2025-05-01,2.0,1.0,5.0,5.0,4.0,4.0
18992,Computer Network Support Specialists,Configure wide area network (WAN) or local area network (LAN) routers or related equipment.,300_a,2025-05-01,2.0,2.0,4.0,5.0,2.0,4.0
6898,Commercial and Industrial Designers,"Modify and refine designs, using working models, to conform with customer specifications, production limitations, or changes in design trends.",350,2025-05-01,2.0,3.0,3.0,3.0,4.0,4.0
14642,Software Quality Assurance Analysts and Testers,"Identify, analyze, and document problems with program function, output, online screen, or content.",300_a,2025-05-01,3.0,1.0,3.0,4.0,3.0,3.0
1301,Database Administrators,"Plan, coordinate, and implement security measures to safeguard information in computer files against accidental or unauthorized damage, modification or disclosure.",300_a,2025-05-01,2.0,1.0,5.0,5.0,4.0,4.0
295,Art Directors,"Mark up, paste, and complete layouts and write typography instructions to prepare materials for typesetting or printing.",350,2025-05-01,3.0,2.0,3.0,3.0,1.0,3.0
16128,Data Warehousing Specialists,Design and implement warehouse database structures.,300_a,2025-05-01,2.0,1.0,4.0,5.0,3.0,4.0
1272,Computer Programmers,"Perform or direct revision, repair, or expansion of existing programs to increase operating efficiency or adapt to new requirements.",300_a,2025-05-01,3.0,1.0,4.0,5.0,3.0,3.0
14638,Software Quality Assurance Analysts and Testers,"Design test plans, scenarios, scripts, or procedures.",300_a,2025-05-01,3.0,1.0,3.0,4.0,3.0,3.0
1283,Computer User Support Specialists,Enter commands and observe system functioning to verify correct operations and detect errors.,300_a,2025-05-01,4.0,2.0,3.0,3.0,2.0,2.0
22528,Producers and Directors,"Compile scripts, program notes, and other material related to productions.",350,2025-05-01,2.0,3.0,3.0,3.0,4.0,4.0
7675,Media Programming Directors,Prepare copy and edit tape so that material is ready for broadcasting.,350,2025-05-01,3.0,3.0,3.0,4.0,4.0,3.0
1300,Database Administrators,"Test programs or databases, correct errors, and make necessary modifications.",300_a,2025-05-01,3.0,1.0,4.0,5.0,3.0,3.0
15229,Graphic Designers,Research new software or design concepts.,350,2025-05-01,3.0,1.0,4.0,4.0,1.0,3.0
1707,Library Technicians,Send out notices about lost or overdue books.,350,2025-05-01,5.0,1.0,1.0,1.0,1.0,1.0
14653,Software Quality Assurance Analysts and Testers,Provide feedback and recommendations to developers on software usability and functionality.,300_a,2025-05-01,2.0,1.0,3.0,4.0,4.0,4.0
302,Graphic Designers,"Mark up, paste, and assemble final layouts to prepare layouts for printer.",350,2025-05-01,3.0,1.0,3.0,4.0,1.0,3.0
22533,Producers and Directors,Compose and edit scripts or provide screenwriters with story outlines from which scripts can be written.,350,2025-05-01,4.0,1.0,3.0,3.0,2.0,2.0
16118,Data Warehousing Specialists,Provide or coordinate troubleshooting support for data warehouses.,300_a,2025-05-01,2.0,1.0,4.0,5.0,4.0,4.0
22522,Producers and Directors,"Research production topics using the internet, video archives, and other informational sources.",350,2025-05-01,4.0,1.0,3.0,3.0,1.0,2.0
14641,Software Quality Assurance Analysts and Testers,"Document software defects, using a bug tracking system, and report defects to software developers.",300_a,2025-05-01,3.0,1.0,3.0,4.0,3.0,3.0
285,Art Directors,"Review and approve art materials, copy materials, and proofs of printed copy developed by staff members.",350,2025-05-01,3.0,2.0,4.0,4.0,4.0,3.0
22514,Producers and Directors,Write and edit news stories from information collected by reporters and other sources.,350,2025-05-01,3.0,1.0,3.0,3.0,3.0,3.0
3897,Media Technical Directors/Managers,Observe pictures through monitors and direct camera and video staff concerning shading and composition.,350,2025-05-01,2.0,4.0,3.0,3.0,3.0,4.0
303,Graphic Designers,"Draw and print charts, graphs, illustrations, and other artwork, using computer.",350,2025-05-01,5.0,1.0,3.0,2.0,1.0,1.0
307,Graphic Designers,Key information into computer equipment to create layouts for client or supervisor.,350,2025-05-01,5.0,1.0,3.0,3.0,1.0,2.0
304,Graphic Designers,"Review final layouts and suggest improvements, as needed.",350,2025-05-01,4.0,1.0,3.0,3.0,1.0,2.0
19002,Computer Network Support Specialists,Troubleshoot network or connectivity problems for users or user groups.,300_a,2025-05-01,2.0,2.0,4.0,5.0,4.0,4.0
22535,Producers and Directors,Cut and edit film or tape to integrate component parts into desired sequences.,350,2025-05-01,3.0,1.0,3.0,3.0,2.0,3.0
308,Graphic Designers,"Prepare illustrations or rough sketches of material, discussing them with clients or supervisors and making necessary changes.",350,2025-05-01,3.0,1.0,4.0,3.0,4.0,3.0
6901,Commercial and Industrial Designers,Present designs and reports to customers or design committees for approval and discuss need for modification.,350,2025-05-01,2.0,3.0,4.0,4.0,4.0,4.0
7666,Media Programming Directors,Establish work schedules and assign work to staff members.,350,2025-05-01,2.0,3.0,3.0,3.0,5.0,4.0
294,Art Directors,Create custom illustrations or other graphic elements.,350,2025-05-01,3.0,1.0,4.0,4.0,4.0,3.0
6896,Commercial and Industrial Designers,"Prepare sketches of ideas, detailed drawings, illustrations, artwork, or blueprints, using drafting instruments, paints and brushes, or computer-aided design equipment.",350,2025-05-01,3.0,2.0,3.0,3.0,3.0,3.0
6902,Commercial and Industrial Designers,"Evaluate feasibility of design ideas, based on factors such as appearance, safety, function, serviceability, budget, production costs/methods, and market characteristics.",350,2025-05-01,2.0,3.0,3.0,4.0,2.0,4.0
2495,"Bookkeeping, Accounting, and Auditing Clerks","Operate 10-key calculators, typewriters, and copy machines to perform calculations and produce documents.",500_b,2025-05-01,2.0,3.0,1.0,1.0,1.0,2.0
2528,Payroll and Timekeeping Clerks,"Prepare and balance period-end reports, and reconcile issued payrolls to bank statements.",500_b,2025-05-01,5.0,1.0,2.0,1.0,1.0,1.0
2578,Customer Service Representatives,"Keep records of customer interactions or transactions, recording details of inquiries, complaints, or comments, as well as actions taken.",500_b,2025-05-01,4.0,1.0,1.0,2.0,1.0,2.0
2547,Procurement Clerks,"Monitor contractor performance, recommending contract modifications when necessary.",500_b,2025-05-01,2.0,1.0,1.0,3.0,2.0,3.0
18563,Payroll and Timekeeping Clerks,"Keep track of leave time, such as vacation, personal, and sick leave, for employees.",500_b,2025-05-01,4.0,1.0,1.0,1.0,3.0,2.0
2546,Procurement Clerks,Monitor in-house inventory movement and complete inventory transfer forms for bookkeeping purposes.,500_b,2025-05-01,5.0,1.0,1.0,1.0,1.0,1.0
2492,"Bookkeeping, Accounting, and Auditing Clerks","Compile statistical, financial, accounting, or auditing reports and tables pertaining to such matters as cash receipts, expenditures, accounts payable and receivable, and profits and losses.",500_b,2025-05-01,2.0,1.0,3.0,4.0,1.0,4.0
2501,"Bookkeeping, Accounting, and Auditing Clerks","Calculate and prepare checks for utilities, taxes, and other payments.",500_b,2025-05-01,4.0,1.0,2.0,1.0,1.0,1.0
2503,"Bookkeeping, Accounting, and Auditing Clerks",Reconcile records of bank transactions.,500_b,2025-05-01,3.0,1.0,1.0,2.0,4.0,2.0
18562,Payroll and Timekeeping Clerks,Process paperwork for new employees and enter employee information into the payroll system.,500_b,2025-05-01,5.0,1.0,1.0,1.0,1.0,1.0
18564,Payroll and Timekeeping Clerks,Conduct verifications of employment.,500_b,2025-05-01,4.0,1.0,1.0,1.0,4.0,2.0
2521,Payroll and Timekeeping Clerks,Issue and record adjustments to pay related to previous errors or retroactive increases.,500_b,2025-05-01,5.0,1.0,1.0,1.0,1.0,1.0
2514,"Bookkeeping, Accounting, and Auditing Clerks",Prepare purchase orders and expense reports.,500_b,2025-05-01,5.0,1.0,1.0,1.0,1.0,2.0
2584,Customer Service Representatives,"Complete contract forms, prepare change of address records, or issue service discontinuance orders, using computers.",500_a,2025-05-01,4.0,2.0,3.0,2.0,5.0,2.0
19826,"Sales Representatives, Wholesale and Manufacturing, Technical and Scientific Products",Present information to customers about the energy efficiency or environmental impact of scientific or technical products.,500_a,2025-05-01,5.0,1.0,1.0,4.0,5.0,1.0
2495,"Bookkeeping, Accounting, and Auditing Clerks","Operate 10-key calculators, typewriters, and copy machines to perform calculations and produce documents.",500_a,2025-05-01,2.0,4.0,1.0,1.0,2.0,4.0
4626,Telemarketers,Telephone or write letters to respond to correspondence from customers or to follow up initial sales contacts.,500_a,2025-05-01,5.0,1.0,1.0,1.0,3.0,1.0
2505,"Bookkeeping, Accounting, and Auditing Clerks",Monitor status of loans and accounts to ensure that payments are up to date.,500_a,2025-05-01,4.0,2.0,4.0,4.0,1.0,2.0
2523,Payroll and Timekeeping Clerks,"Provide information to employees and managers on payroll matters, tax issues, benefit plans, and collective agreement provisions.",500_a,2025-05-01,4.0,2.0,4.0,4.0,2.0,2.0
2583,Customer Service Representatives,"Determine charges for services requested, collect deposits or payments, or arrange for billing.",500_a,2025-05-01,5.0,1.0,2.0,3.0,2.0,1.0
2581,Customer Service Representatives,Contact customers to respond to inquiries or to notify them of claim investigation results or any planned adjustments.,500_a,2025-05-01,5.0,1.0,2.0,2.0,5.0,1.0
2528,Payroll and Timekeeping Clerks,"Prepare and balance period-end reports, and reconcile issued payrolls to bank statements.",500_a,2025-05-01,5.0,1.0,4.0,4.0,1.0,1.0
2504,"Bookkeeping, Accounting, and Auditing Clerks",Prepare trial balances of books.,500_a,2025-05-01,4.0,1.0,4.0,4.0,1.0,2.0
4624,Telemarketers,"Obtain names and telephone numbers of potential customers from sources such as telephone directories, magazine reply cards, and lists purchased from other organizations.",500_a,2025-05-01,5.0,1.0,2.0,2.0,2.0,1.0
2578,Customer Service Representatives,"Keep records of customer interactions or transactions, recording details of inquiries, complaints, or comments, as well as actions taken.",500_a,2025-05-01,5.0,1.0,2.0,1.0,1.0,1.0
2520,Payroll and Timekeeping Clerks,"Record employee information, such as exemptions, transfers, and resignations, to maintain and update payroll records.",500_a,2025-05-01,5.0,1.0,3.0,2.0,1.0,1.0
2537,Procurement Clerks,"Prepare, maintain, and review purchasing files, reports and price lists.",500_a,2025-05-01,5.0,1.0,2.0,2.0,1.0,1.0
4622,Telemarketers,"Record names, addresses, purchases, and reactions of prospects contacted.",500_a,2025-05-01,5.0,1.0,2.0,1.0,1.0,1.0
2487,"Bookkeeping, Accounting, and Auditing Clerks","Operate computers programmed with accounting software to record, store, and analyze information.",500_a,2025-05-01,5.0,1.0,2.0,3.0,2.0,1.0
2497,"Bookkeeping, Accounting, and Auditing Clerks","Perform financial calculations, such as amounts due, interest charges, balances, discounts, equity, and principal.",500_a,2025-05-01,5.0,1.0,4.0,3.0,1.0,2.0
2547,Procurement Clerks,"Monitor contractor performance, recommending contract modifications when necessary.",500_a,2025-05-01,5.0,1.0,2.0,4.0,2.0,2.0
2580,Customer Service Representatives,Check to ensure that appropriate changes were made to resolve customers' problems.,500_a,2025-05-01,5.0,1.0,1.0,2.0,4.0,1.0
2496,"Bookkeeping, Accounting, and Auditing Clerks",Reconcile or note and report discrepancies found in records.,500_a,2025-05-01,5.0,1.0,1.0,1.0,1.0,1.0
2532,Procurement Clerks,"Determine if inventory quantities are sufficient for needs, ordering more materials when necessary.",500_a,2025-05-01,5.0,1.0,2.0,1.0,1.0,2.0
18563,Payroll and Timekeeping Clerks,"Keep track of leave time, such as vacation, personal, and sick leave, for employees.",500_a,2025-05-01,5.0,1.0,1.0,1.0,1.0,1.0
2489,"Bookkeeping, Accounting, and Auditing Clerks","Debit, credit, and total accounts on computer spreadsheets and databases, using specialized accounting software.",500_a,2025-05-01,5.0,1.0,3.0,3.0,1.0,1.0
2546,Procurement Clerks,Monitor in-house inventory movement and complete inventory transfer forms for bookkeeping purposes.,500_a,2025-05-01,5.0,1.0,2.0,1.0,1.0,1.0
2492,"Bookkeeping, Accounting, and Auditing Clerks","Compile statistical, financial, accounting, or auditing reports and tables pertaining to such matters as cash receipts, expenditures, accounts payable and receivable, and profits and losses.",500_a,2025-05-01,5.0,1.0,4.0,4.0,1.0,1.0
2501,"Bookkeeping, Accounting, and Auditing Clerks","Calculate and prepare checks for utilities, taxes, and other payments.",500_a,2025-05-01,5.0,1.0,4.0,4.0,1.0,1.0
2503,"Bookkeeping, Accounting, and Auditing Clerks",Reconcile records of bank transactions.,500_a,2025-05-01,5.0,1.0,3.0,3.0,1.0,1.0
4620,Telemarketers,"Explain products or services and prices, and answer questions from customers.",500_a,2025-05-01,5.0,1.0,2.0,4.0,5.0,1.0
23242,Billing and Posting Clerks,"Operate typing, adding, calculating, or billing machines.",500_a,2025-05-01,3.0,2.0,3.0,3.0,1.0,3.0
18562,Payroll and Timekeeping Clerks,Process paperwork for new employees and enter employee information into the payroll system.,500_a,2025-05-01,5.0,1.0,2.0,2.0,1.0,1.0
18564,Payroll and Timekeeping Clerks,Conduct verifications of employment.,500_a,2025-05-01,3.0,1.0,4.0,4.0,1.0,3.0
2494,"Bookkeeping, Accounting, and Auditing Clerks",Access computerized financial information to answer general questions as well as those related to specific accounts.,500_a,2025-05-01,5.0,1.0,2.0,3.0,4.0,1.0
23258,Billing and Posting Clerks,"Compute credit terms, discounts, shipment charges, or rates for goods or services to complete billing documents.",500_a,2025-05-01,5.0,1.0,3.0,3.0,1.0,2.0
23246,Billing and Posting Clerks,Keep records of invoices and support documents.,500_a,2025-05-01,5.0,1.0,1.0,1.0,1.0,1.0
2521,Payroll and Timekeeping Clerks,Issue and record adjustments to pay related to previous errors or retroactive increases.,500_a,2025-05-01,4.0,1.0,4.0,4.0,2.0,2.0
2517,Payroll and Timekeeping Clerks,"Compile employee time, production, and payroll data from time sheets and other records.",500_a,2025-05-01,5.0,1.0,2.0,3.0,1.0,1.0
2514,"Bookkeeping, Accounting, and Auditing Clerks",Prepare purchase orders and expense reports.,500_a,2025-05-01,5.0,1.0,2.0,3.0,1.0,2.0
2491,"Bookkeeping, Accounting, and Auditing Clerks","Calculate, prepare, and issue bills, invoices, account statements, and other financial statements according to established procedures.",500_a,2025-05-01,4.0,1.0,4.0,4.0,1.0,2.0
2515,Payroll and Timekeeping Clerks,Process and issue employee paychecks and statements of earnings and deductions.,500_a,2025-05-01,5.0,1.0,4.0,3.0,1.0,2.0
2539,Procurement Clerks,"Track the status of requisitions, contracts, and orders.",500_a,2025-05-01,5.0,1.0,2.0,2.0,1.0,1.0
23237,Billing and Posting Clerks,Post stop-payment notices to prevent payment of protested checks.,500_a,2025-05-01,5.0,1.0,2.0,2.0,1.0,1.0
2518,Payroll and Timekeeping Clerks,"Review time sheets, work charts, wage computation, and other information to detect and reconcile payroll discrepancies.",500_a,2025-05-01,5.0,1.0,2.0,4.0,1.0,1.0
2519,Payroll and Timekeeping Clerks,"Verify attendance, hours worked, and pay adjustments, and post information onto designated records.",500_a,2025-05-01,5.0,1.0,2.0,4.0,1.0,2.0
2516,Payroll and Timekeeping Clerks,"Compute wages and deductions, and enter data into computers.",500_a,2025-05-01,5.0,1.0,2.0,3.0,1.0,2.0
23251,Billing and Posting Clerks,Compare previously prepared bank statements with canceled checks and reconcile discrepancies.,500_a,2025-05-01,5.0,1.0,2.0,2.0,1.0,1.0
2493,"Bookkeeping, Accounting, and Auditing Clerks",Code documents according to company procedures.,500_a,2025-05-01,5.0,1.0,2.0,4.0,1.0,1.0
2490,"Bookkeeping, Accounting, and Auditing Clerks","Classify, record, and summarize numerical and financial data to compile and keep financial records, using journals and ledgers or computers.",500_a,2025-05-01,5.0,1.0,2.0,2.0,1.0,1.0
4628,Telemarketers,Schedule appointments for sales representatives to meet with prospective customers or for customers to attend sales presentations.,500_a,2025-05-01,5.0,1.0,2.0,1.0,2.0,2.0
23240,Billing and Posting Clerks,"Prepare itemized statements, bills, or invoices and record amounts due for items purchased or services rendered.",500_a,2025-05-01,5.0,1.0,3.0,2.0,2.0,2.0
5322,Information Security Analysts,"Document computer security and emergency measures policies, procedures, and tests.",300_a,2025-05-01,1.0,1.0,5.0,5.0,4.0,5.0
15206,Network and Computer Systems Administrators,"Configure, monitor, and maintain email applications or virus protection software.",300_a,2025-05-01,3.0,1.0,4.0,4.0,2.0,3.0
1279,Computer Programmers,"Assign, coordinate, and review work and activities of programming personnel.",300_a,2025-05-01,2.0,1.0,4.0,5.0,5.0,4.0
1299,Database Administrators,Modify existing databases and database management systems or direct programmers and analysts to make changes.,300_a,2025-05-01,2.0,1.0,4.0,5.0,3.0,4.0
5316,Information Security Analysts,Monitor current reports of computer viruses to determine when to update virus protection systems.,300_a,2025-05-01,3.0,1.0,4.0,5.0,2.0,3.0
19014,Computer Network Support Specialists,Train users in procedures related to network applications software or related systems.,300_a,2025-05-01,3.0,2.0,2.0,3.0,4.0,3.0
16123,Data Warehousing Specialists,"Perform system analysis, data analysis or programming, using a variety of computer languages and procedures.",300_a,2025-05-01,3.0,1.0,4.0,5.0,3.0,3.0
16108,Database Architects,"Develop data models for applications, metadata tables, views or related database structures.",300_a,2025-05-01,2.0,1.0,4.0,5.0,4.0,4.0
16111,Database Architects,"Demonstrate database technical functionality, such as performance, security and reliability.",300_a,2025-05-01,3.0,1.0,5.0,5.0,2.0,4.0
19001,Computer Network Support Specialists,"Test computer software or hardware, using standard diagnostic testing equipment and procedures.",300_a,2025-05-01,3.0,2.0,4.0,4.0,3.0,3.0
18993,Computer Network Support Specialists,Document network support activities.,300_a,2025-05-01,4.0,1.0,2.0,3.0,2.0,2.0
16132,Data Warehousing Specialists,"Develop data warehouse process models, including sourcing, loading, transformation, and extraction.",300_a,2025-05-01,2.0,1.0,4.0,5.0,3.0,4.0
5319,Information Security Analysts,Monitor use of data files and regulate access to safeguard information in computer files.,300_a,2025-05-01,3.0,1.0,5.0,5.0,3.0,4.0
14636,Computer and Information Research Scientists,"Approve, prepare, monitor, and adjust operational budgets.",300_a,2025-05-01,2.0,1.0,4.0,4.0,3.0,4.0
18100,Health Informatics Specialists,"Develop strategies, policies or procedures for introducing, evaluating, or modifying information technology applied to nursing practice, administration, education, or research.",300_a,2025-05-01,1.0,1.0,5.0,5.0,5.0,5.0
21949,Electrical and Electronics Drafters,"Examine electronic schematics and supporting documents to develop, compute, and verify specifications for drafting data, such as configuration of parts, dimensions, or tolerances.",PurpleBear,2025-05-02,3.0,1.0,2.0,2.0,2.0,2.0
21951,Electrical and Electronics Drafters,"Draft detail and assembly drawings of design components, circuitry or printed circuit boards, using computer-assisted equipment or standard drafting techniques and devices.",PurpleBear,2025-05-02,3.0,1.0,2.0,2.0,2.0,2.0
20737,Mechanical Engineers,"Assist drafters in developing the structural design of products, using drafting tools or computer-assisted drafting equipment or software.",PurpleBear,2025-05-02,2.0,1.0,2.0,3.0,3.0,3.0
20495,"Electronics Engineers, Except Computer","Analyze electronics system requirements, capacity, cost, or customer needs to determine project feasibility.",PurpleBear,2025-05-02,3.0,1.0,3.0,3.0,2.0,3.0
1349,Electrical Engineers,Operate computer-assisted engineering or design software or equipment to perform engineering tasks.,PurpleBear,2025-05-02,3.0,1.0,2.0,3.0,1.0,2.0
5339,"Electronics Engineers, Except Computer","Design electronic components, software, products, or systems for commercial, industrial, medical, military, or scientific applications.",PurpleBear,2025-05-02,3.0,1.0,2.0,3.0,3.0,3.0
22077,Mechanical Engineering Technologists and Technicians,"Design molds, tools, dies, jigs, or fixtures for use in manufacturing processes.",PurpleBear,2025-05-02,2.0,3.0,1.0,2.0,1.0,4.0
2515,Payroll and Timekeeping Clerks,Process and issue employee paychecks and statements of earnings and deductions.,500_b,2025-05-03,4.0,2.0,2.0,1.0,2.0,2.0
2539,Procurement Clerks,"Track the status of requisitions, contracts, and orders.",500_b,2025-05-03,2.0,4.0,4.0,4.0,4.0,4.0
2518,Payroll and Timekeeping Clerks,"Review time sheets, work charts, wage computation, and other information to detect and reconcile payroll discrepancies.",500_b,2025-05-03,2.0,4.0,4.0,4.0,4.0,4.0
2493,"Bookkeeping, Accounting, and Auditing Clerks",Code documents according to company procedures.,500_b,2025-05-03,5.0,1.0,1.0,2.0,2.0,1.0
23240,Billing and Posting Clerks,"Prepare itemized statements, bills, or invoices and record amounts due for items purchased or services rendered.",500_b,2025-05-03,5.0,1.0,1.0,1.0,1.0,1.0
3560,Chemical Engineers,Design and plan layout of equipment.,PurpleBear,2025-05-03,3.0,3.0,3.0,3.0,3.0,3.0
20964,Mechanical Drafters,"Produce three-dimensional models, using computer-aided design (CAD) software.",PurpleBear,2025-05-03,3.0,1.0,2.0,2.0,3.0,2.0
1454,Mechanical Drafters,Check dimensions of materials to be used and assign numbers to the materials.,PurpleBear,2025-05-03,2.0,5.0,1.0,1.0,2.0,4.0
7397,Computer Hardware Engineers,Analyze user needs and recommend appropriate hardware.,PurpleBear,2025-05-03,5.0,1.0,2.0,2.0,3.0,1.0
1409,Industrial Engineers,"Schedule deliveries based on production forecasts, material substitutions, storage and handling facilities, and maintenance requirements.",PurpleBear,2025-05-03,3.0,1.0,2.0,2.0,4.0,3.0
16398,Fuel Cell Engineers,Write technical reports or proposals related to engineering projects.,PurpleBear,2025-05-03,4.0,1.0,2.0,2.0,2.0,2.0
18195,Photonics Engineers,Analyze system performance or operational requirements.,PurpleBear,2025-05-03,2.0,3.0,2.0,3.0,3.0,4.0
8954,Statisticians,"Process large amounts of data for statistical modeling and graphic analysis, using computers.",PurpleBear,2025-05-03,4.0,1.0,2.0,3.0,2.0,2.0
1358,Electrical Engineers,"Prepare technical drawings, specifications of electrical systems, or topographical maps to ensure that installation and operations conform to standards and customer requirements.",PurpleBear,2025-05-03,3.0,1.0,2.0,2.0,2.0,3.0
147,Civil Engineers,"Compute load and grade requirements, water flow rates, or material stress factors to determine design specifications.",PurpleBear,2025-05-03,3.0,3.0,2.0,3.0,3.0,3.0
20955,Chemical Engineers,Monitor and analyze data from processes and experiments.,PurpleBear,2025-05-03,3.0,4.0,3.0,3.0,3.0,3.0
18156,"Energy Engineers, Except Wind and Solar",Monitor and analyze energy consumption.,PurpleBear,2025-05-03,3.0,3.0,3.0,3.0,2.0,3.0
21948,Electrical and Electronics Drafters,Review completed construction drawings and cost estimates for accuracy and conformity to standards and regulations.,PurpleBear,2025-05-03,4.0,1.0,2.0,2.0,2.0,2.0
16419,Fuel Cell Engineers,"Analyze fuel cell or related test data, using statistical software.",PurpleBear,2025-05-03,3.0,2.0,2.0,2.0,1.0,3.0
16359,Radio Frequency Identification Device Specialists,Test radio frequency identification device (RFID) software to ensure proper functioning.,PurpleBear,2025-05-03,2.0,4.0,2.0,3.0,2.0,4.0
16494,Microsystems Engineers,"Refine final microelectromechanical systems (MEMS) design to optimize design for target dimensions, physical tolerances, or processing constraints.",PurpleBear,2025-05-03,3.0,1.0,2.0,3.0,1.0,3.0
21978,Electrical and Electronic Engineering Technologists and Technicians,"Read blueprints, wiring diagrams, schematic drawings, or engineering instructions for assembling electronics units, applying knowledge of electronic theory and components.",PurpleBear,2025-05-03,2.0,4.0,1.0,2.0,1.0,4.0
18472,Chemical Engineers,Evaluate chemical equipment and processes to identify ways to optimize performance or to ensure compliance with safety and environmental regulations.,PurpleBear,2025-05-03,2.0,5.0,3.0,3.0,1.0,5.0
1452,Mechanical Drafters,Modify and revise designs to correct operating deficiencies or to reduce production problems.,PurpleBear,2025-05-03,2.0,1.0,2.0,2.0,3.0,3.0
23946,Mechatronics Engineers,Identify materials appropriate for mechatronic system designs.,PurpleBear,2025-05-03,3.0,1.0,2.0,3.0,1.0,3.0
3580,Petroleum Engineers,"Monitor production rates, and plan rework processes to improve production.",PurpleBear,2025-05-03,2.0,4.0,4.0,3.0,2.0,5.0
21963,Electrical and Electronics Drafters,"Compare logic element configuration on display screen with engineering schematics and calculate figures to convert, redesign, or modify element.",PurpleBear,2025-05-03,4.0,1.0,2.0,3.0,1.0,1.0
21997,Electrical and Electronic Engineering Technologists and Technicians,"Produce electronics drawings or other graphics representing industrial control, instrumentation, sensors, or analog or digital telecommunications networks, using computer-aided design (CAD) software.",PurpleBear,2025-05-03,4.0,1.0,2.0,2.0,2.0,2.0
1418,Mechanical Engineers,Provide feedback to design engineers on customer problems or needs.,PurpleBear,2025-05-03,3.0,4.0,3.0,3.0,4.0,3.0
1475,Mechanical Engineering Technologists and Technicians,"Draft detail drawing or sketch for drafting room completion or to request parts fabrication by machine, sheet or wood shops.",PurpleBear,2025-05-03,4.0,1.0,1.0,2.0,2.0,2.0
22082,Mechanical Engineering Technologists and Technicians,"Interpret engineering sketches, specifications, or drawings.",PurpleBear,2025-05-05,3.0,1.0,2.0,2.0,2.0,3.0
21999,Electrical and Electronic Engineering Technologists and Technicians,"Design or modify engineering schematics for electrical transmission and distribution systems or for electrical installation in residential, commercial, or industrial buildings, using computer-aided design (CAD) software.",PurpleBear,2025-05-03,3.0,1.0,3.0,3.0,3.0,3.0
1469,Civil Engineering Technologists and Technicians,"Develop plans and estimate costs for installation of systems, utilization of facilities, or construction of structures.",PurpleBear,2025-05-03,4.0,1.0,2.0,2.0,3.0,2.0
18193,Photonics Engineers,Conduct research on new photonics technologies.,PurpleBear,2025-05-03,2.0,4.0,3.0,4.0,3.0,4.0
19612,Transportation Engineers,"Design or engineer drainage, erosion, or sedimentation control systems for transportation projects.",PurpleBear,2025-05-03,2.0,4.0,3.0,4.0,2.0,5.0
3554,Chemical Engineers,Prepare estimate of production costs and production progress reports for management.,PurpleBear,2025-05-03,3.0,2.0,3.0,2.0,3.0,3.0
21995,Electrical and Electronic Engineering Technologists and Technicians,"Provide user applications or engineering support or recommendations for new or existing equipment with regard to installation, upgrades, or enhancements.",PurpleBear,2025-05-03,3.0,4.0,3.0,3.0,5.0,3.0
16104,Database Architects,Identify and correct deviations from database development standards.,100,2025-05-03,4.0,1.0,3.0,5.0,4.0,2.0
1276,Computer Programmers,"Prepare detailed workflow charts and diagrams that describe input, output, and logical operation, and convert them into a series of instructions coded in a computer language.",100,2025-05-03,5.0,1.0,1.0,1.0,1.0,1.0
14695,Web Developers,Perform or direct Web site updates.,100,2025-05-03,4.0,1.0,2.0,3.0,3.0,2.0
1275,Computer Programmers,"Investigate whether networks, workstations, the central processing unit of the system, or peripheral equipment are responding to a program's instructions.",100,2025-05-03,5.0,1.0,3.0,3.0,1.0,1.0
1287,Computer User Support Specialists,"Maintain records of daily data communication transactions, problems and remedial actions taken, or installation activities.",100,2025-05-03,5.0,1.0,3.0,1.0,3.0,1.0
14625,Computer and Information Research Scientists,Evaluate project plans and proposals to assess feasibility issues.,100,2025-05-03,5.0,1.0,3.0,2.0,4.0,3.0
14733,Web Administrators,"Review or update Web page content or links in a timely manner, using appropriate tools.",100,2025-05-03,4.0,1.0,1.0,2.0,1.0,2.0
16194,Video Game Designers,"Review or evaluate competitive products, film, music, television, and other art forms to generate new game design ideas.",100,2025-05-03,4.0,1.0,3.0,3.0,4.0,3.0
14644,Software Quality Assurance Analysts and Testers,Create or maintain databases of known test defects.,100,2025-05-03,5.0,1.0,1.0,3.0,2.0,2.0
1285,Computer User Support Specialists,Oversee the daily performance of computer systems.,100,2025-05-03,5.0,1.0,1.0,1.0,1.0,1.0
16106,Database Architects,"Develop or maintain archived procedures, procedural codes, or queries for applications.",100,2025-05-03,5.0,1.0,1.0,3.0,1.0,1.0
1269,Computer Programmers,"Compile and write documentation of program development and subsequent revisions, inserting comments in the coded instructions so others can understand the program.",100,2025-05-03,5.0,1.0,1.0,2.0,1.0,1.0
1288,Computer User Support Specialists,"Read technical manuals, confer with users, or conduct computer diagnostics to investigate and resolve problems or to provide technical assistance and support.",100,2025-05-03,4.0,1.0,3.0,3.0,3.0,3.0
19003,Computer Network Support Specialists,Analyze and report computer network security breaches or attempted breaches.,100,2025-05-04,3.0,1.0,4.0,4.0,1.0,3.0
16126,Data Warehousing Specialists,"Develop and implement data extraction procedures from other systems, such as administration, billing, or claims.",100,2025-05-04,4.0,1.0,3.0,3.0,3.0,2.0
1318,Network and Computer Systems Administrators,"Maintain and administer computer networks and related computing environments, including computer hardware, systems software, applications software, and all configurations.",100,2025-05-04,2.0,1.0,2.0,4.0,4.0,4.0
14750,Web Administrators,"Test issues such as system integration, performance, and system security on a regular schedule or after any major program modifications.",100,2025-05-04,4.0,1.0,3.0,2.0,3.0,2.0
18974,Computer Network Architects,Estimate time and materials needed to complete projects.,100,2025-05-04,5.0,1.0,1.0,1.0,1.0,1.0
18989,Computer Network Support Specialists,"Analyze network data to determine network usage, disk space availability, or server function.",100,2025-05-04,5.0,1.0,1.0,1.0,1.0,1.0
14723,Web Developers,Monitor security system performance logs to identify problems and notify security specialists when problems occur.,100,2025-05-04,3.0,1.0,2.0,3.0,5.0,3.0
18965,Computer Network Architects,Develop and implement solutions for network problems.,100,2025-05-04,5.0,1.0,3.0,4.0,1.0,1.0
14742,Web Administrators,"Collaborate with Web developers to create and operate internal and external Web sites, or to manage projects, such as e-marketing campaigns.",100,2025-05-04,3.0,1.0,2.0,2.0,4.0,3.0
16201,Video Game Designers,"Solicit, obtain, and integrate feedback from design and technical staff into original game design.",100,2025-05-04,3.0,1.0,2.0,2.0,4.0,3.0
16119,Data Warehousing Specialists,Prepare functional or technical documentation for data warehouses.,100,2025-05-04,5.0,1.0,1.0,1.0,1.0,1.0
14640,Software Quality Assurance Analysts and Testers,"Develop testing programs that address areas such as database impacts, software scenarios, regression testing, negative testing, error or bug retests, or usability.",100,2025-05-04,5.0,1.0,1.0,2.0,1.0,1.0
1321,Network and Computer Systems Administrators,"Perform routine network startup and shutdown procedures, and maintain control records.",100,2025-05-04,5.0,1.0,1.0,1.0,1.0,1.0
18977,Computer Network Architects,"Maintain networks by performing activities such as file addition, deletion, or backup.",100,2025-05-04,5.0,1.0,1.0,1.0,1.0,1.0
14722,Web Developers,"Provide clear, detailed descriptions of Web site specifications, such as product features, activities, software, communication protocols, programming languages, and operating systems software and hardware.",100,2025-05-04,5.0,1.0,1.0,1.0,1.0,1.0
15208,Network and Computer Systems Administrators,"Implement and provide technical support for voice services and equipment, such as private branch exchange, voice mail system, and telecom system.",100,2025-05-04,4.0,1.0,2.0,3.0,2.0,2.0
16199,Video Game Designers,Balance and adjust gameplay experiences to ensure the critical and commercial success of the product.,100,2025-05-04,3.0,1.0,3.0,3.0,4.0,3.0
1273,Computer Programmers,"Write, analyze, review, and rewrite programs, using workflow chart and diagram, and applying knowledge of computer capabilities, subject matter, and symbolic logic.",100,2025-05-04,5.0,1.0,1.0,3.0,1.0,1.0
1328,Network and Computer Systems Administrators,"Gather data pertaining to customer needs, and use the information to identify, predict, interpret, and evaluate system and network requirements.",100,2025-05-05,4.0,1.0,3.0,3.0,4.0,3.0
14648,Software Quality Assurance Analysts and Testers,Document test procedures to ensure replicability and compliance with standards.,100,2025-05-05,5.0,1.0,1.0,1.0,1.0,1.0
18994,Computer Network Support Specialists,"Evaluate local area network (LAN) or wide area network (WAN) performance data to ensure sufficient availability or speed, to identify network problems, or for disaster recovery purposes.",100,2025-05-05,5.0,1.0,1.0,3.0,1.0,1.0
1329,Network and Computer Systems Administrators,Analyze equipment performance records to determine the need for repair or replacement.,100,2025-05-05,4.0,3.0,1.0,3.0,1.0,3.0
1277,Computer Programmers,Perform systems analysis and programming tasks to maintain and control the use of computer systems software as a systems programmer.,100,2025-05-05,5.0,1.0,1.0,2.0,1.0,1.0
14734,Web Administrators,"Monitor systems for intrusions or denial of service attacks, and report security breaches to appropriate personnel.",100,2025-05-05,4.0,1.0,3.0,3.0,1.0,2.0
18991,Computer Network Support Specialists,Configure security settings or access permissions for groups or individuals.,100,2025-05-05,5.0,1.0,1.0,1.0,1.0,1.0
1267,Computer Programmers,Correct errors by making appropriate changes and rechecking the program to ensure that the desired results are produced.,100,2025-05-05,3.0,1.0,1.0,3.0,1.0,3.0
14639,Software Quality Assurance Analysts and Testers,Test system modifications to prepare for implementation.,100,2025-05-05,4.0,1.0,2.0,2.0,2.0,2.0
14694,Web Developers,"Design, build, or maintain Web sites, using authoring or scripting languages, content creation tools, management tools, and digital media.",100,2025-05-05,5.0,1.0,1.0,2.0,1.0,1.0
14707,Web Developers,Write supporting code for Web applications or Web sites.,100,2025-05-05,5.0,1.0,1.0,2.0,1.0,2.0
14740,Web Administrators,"Implement updates, upgrades, and patches in a timely manner to limit loss of service.",100,2025-05-05,5.0,1.0,2.0,2.0,1.0,1.0
14649,Software Quality Assurance Analysts and Testers,"Develop or specify standards, methods, or procedures to determine product quality or release readiness.",100,2025-05-05,4.0,1.0,2.0,2.0,2.0,3.0
19007,Computer Network Support Specialists,Document help desk requests and resolutions.,100,2025-05-05,5.0,1.0,1.0,1.0,1.0,1.0
14698,Web Developers,Back up files from Web sites to local directories for instant recovery in case of problems.,100,2025-05-05,5.0,1.0,1.0,1.0,1.0,1.0
3641,Environmental Engineering Technologists and Technicians,Maintain project logbook records or computer program files.,PurpleBear,2025-05-05,4.0,2.0,2.0,2.0,2.0,2.0
20861,"Energy Engineers, Except Wind and Solar",Prepare energy-related project reports or related documentation.,PurpleBear,2025-05-05,4.0,2.0,2.0,2.0,3.0,2.0
16320,Transportation Engineers,"Check construction plans, design calculations, or cost estimations to ensure completeness, accuracy, or conformity to engineering standards or practices.",PurpleBear,2025-05-05,4.0,1.0,2.0,2.0,2.0,2.0
18198,Photonics Engineers,Determine applications of photonics appropriate to meet product objectives or features.,PurpleBear,2025-05-05,3.0,3.0,2.0,3.0,3.0,3.0
19949,Fuel Cell Engineers,"Manage fuel cell battery hybrid system architecture, including sizing of components, such as fuel cells, energy storage units, or electric drives.",PurpleBear,2025-05-05,2.0,3.0,2.0,3.0,3.0,4.0
21056,Photonics Engineers,"Document photonics system or component design processes, including objectives, issues, or outcomes.",PurpleBear,2025-05-05,4.0,2.0,2.0,2.0,3.0,2.0
20743,Electro-Mechanical and Mechatronics Technologists and Technicians,Prepare written documentation of electromechanical test results.,PurpleBear,2025-05-05,4.0,3.0,2.0,2.0,3.0,2.0
16537,Nanosystems Engineers,"Prepare reports, deliver presentations, or participate in program review activities to communicate engineering results or recommendations.",PurpleBear,2025-05-05,4.0,3.0,2.0,3.0,3.0,2.0
21861,"Health and Safety Engineers, Except Mining Safety Engineers and Inspectors",Conduct research to evaluate safety levels for products.,PurpleBear,2025-05-05,3.0,3.0,4.0,3.0,3.0,3.0
16417,Fuel Cell Engineers,"Characterize component or fuel cell performances by generating operating maps, defining operating conditions, identifying design refinements, or executing durability assessments.",PurpleBear,2025-05-05,2.0,4.0,3.0,3.0,1.0,4.0
1485,Mechanical Engineering Technologists and Technicians,Calculate required capacities for equipment of proposed system to obtain specified performance and submit data to engineering personnel for approval.,PurpleBear,2025-05-05,3.0,1.0,2.0,2.0,2.0,3.0
1408,Industrial Engineers,"Complete production reports, purchase orders, and material, tool, and equipment lists.",PurpleBear,2025-05-05,3.0,3.0,2.0,2.0,4.0,4.0
23948,Mechatronics Engineers,"Determine the feasibility, costs, or performance benefits of new mechatronic equipment.",PurpleBear,2025-05-05,2.0,4.0,3.0,3.0,3.0,4.0
21927,Architectural and Civil Drafters,"Correlate, interpret, and modify data obtained from topographical surveys, well logs, and geophysical prospecting reports.",PurpleBear,2025-05-05,3.0,1.0,3.0,3.0,1.0,3.0
8961,Statisticians,"Design research projects that apply valid scientific techniques, and use information obtained from baselines or historical data to structure uncompromised and efficient analyses.",PurpleBear,2025-05-05,4.0,1.0,3.0,3.0,1.0,3.0
16513,Robotics Engineers,Make system device lists or event timing charts.,PurpleBear,2025-05-05,2.0,3.0,3.0,3.0,1.0,4.0
16546,Nanosystems Engineers,"Conduct research related to a range of nanotechnology topics, such as packaging, heat transfer, fluorescence detection, nanoparticle dispersion, hybrid systems, liquid systems, nanocomposites, nanofabrication, optoelectronics, or nanolithography.",PurpleBear,2025-05-05,4.0,1.0,2.0,3.0,3.0,3.0
16310,Transportation Engineers,Prepare final project layout drawings that include details such as stress calculations.,PurpleBear,2025-05-05,3.0,1.0,4.0,3.0,2.0,3.0
1339,Aerospace Engineers,"Formulate mathematical models or other methods of computer analysis to develop, evaluate, or modify design, according to customer engineering requirements.",PurpleBear,2025-05-05,2.0,1.0,5.0,5.0,3.0,5.0
21938,Architectural and Civil Drafters,"Calculate weights, volumes, and stress factors and their implications for technical aspects of designs.",PurpleBear,2025-05-05,4.0,1.0,4.0,3.0,1.0,3.0
21871,"Health and Safety Engineers, Except Mining Safety Engineers and Inspectors",Participate in preparation of product usage and precautionary label instructions.,PurpleBear,2025-05-05,3.0,1.0,4.0,3.0,3.0,4.0
98,Training and Development Specialists,"Monitor, evaluate, or record training activities or program effectiveness.",150_b,2025-05-06,3.0,3.0,5.0,5.0,5.0,3.0
18853,Human Resources Specialists,Analyze employment-related data and prepare required reports.,150_b,2025-05-06,4.0,2.0,2.0,2.0,3.0,4.0
18907,Fundraisers,Create or update donor databases.,150_b,2025-05-06,4.0,2.0,3.0,4.0,4.0,3.0
15898,Logistics Analysts,Maintain databases of logistics information.,150_b,2025-05-06,4.0,2.0,3.0,4.0,2.0,4.0
15885,Logistics Analysts,Determine packaging requirements.,150_b,2025-05-06,2.0,1.0,4.0,5.0,3.0,3.0
15895,Logistics Analysts,Prepare reports on logistics performance measures.,150_b,2025-05-06,4.0,2.0,4.0,4.0,2.0,4.0
15883,Logistics Analysts,Enter logistics-related data into databases.,150_b,2025-05-06,2.0,4.0,1.0,3.0,2.0,2.0
18911,Fundraisers,"Develop or implement fundraising activities, such as annual giving campaigns or direct mail programs.",150_b,2025-05-06,2.0,2.0,4.0,4.0,4.0,3.0
101,Training and Development Specialists,"Evaluate training materials prepared by instructors, such as outlines, text, or handouts.",150_b,2025-05-06,5.0,2.0,1.0,2.0,2.0,5.0
15903,Logistics Analysts,"Interpret data on logistics elements, such as availability, maintainability, reliability, supply chain management, strategic sourcing or distribution, supplier management, or transportation.",150_b,2025-05-06,2.0,2.0,3.0,4.0,2.0,2.0
15889,Logistics Analysts,"Communicate with or monitor service providers, such as ocean carriers, air freight forwarders, global consolidators, customs brokers, or trucking companies.",150_b,2025-05-06,4.0,5.0,2.0,4.0,5.0,4.0
15902,Logistics Analysts,"Compute reporting metrics, such as on-time delivery rates, order fulfillment rates, or inventory turns.",150_b,2025-05-06,5.0,1.0,2.0,3.0,1.0,5.0
20474,Training and Development Specialists,"Design, plan, organize, or direct orientation and training programs for employees or customers.",150_b,2025-05-06,4.0,1.0,1.0,2.0,2.0,4.0
18924,Fundraisers,"Write speeches, press releases, or other promotional materials to increase awareness of the causes, missions, or goals of organizations seeking funds.",150_b,2025-05-06,4.0,1.0,1.0,4.0,3.0,4.0
87,Cost Estimators,Prepare cost and expenditure statements and other necessary documentation at regular intervals for the duration of the project.,150_b,2025-05-06,4.0,1.0,2.0,4.0,2.0,3.0
18857,Human Resources Specialists,Contact job applicants to inform them of the status of their applications.,150_b,2025-05-06,5.0,1.0,1.0,1.0,5.0,5.0
18855,Human Resources Specialists,Conduct reference or background checks on job applicants.,150_b,2025-05-06,4.0,2.0,2.0,3.0,4.0,4.0
20011,Logistics Analysts,"Route or reroute drivers in real time with remote route navigation software, satellite linkup systems, or global positioning systems (GPS) to improve operational efficiencies.",150_b,2025-05-06,5.0,1.0,1.0,2.0,1.0,5.0
18908,Fundraisers,"Design or produce materials such as posters, Web sites, or newsletters to promote, market, or advertise fundraising events.",150_b,2025-05-06,4.0,1.0,3.0,4.0,3.0,4.0
18918,Fundraisers,"Monitor budgets, expense reports, or other financial data for fundraising organizations.",150_b,2025-05-06,4.0,1.0,2.0,4.0,2.0,4.0
21097,Human Resources Specialists,Administer employee benefit plans.,150_b,2025-05-06,2.0,2.0,1.0,1.0,2.0,4.0
15905,Logistics Analysts,"Analyze logistics data, using methods such as data mining, data modeling, or cost or benefit analysis.",150_b,2025-05-06,3.0,1.0,1.0,3.0,2.0,3.0
18912,Fundraisers,Develop strategies to encourage new or increased contributions.,150_b,2025-05-06,3.0,2.0,4.0,4.0,3.0,3.0
19559,Training and Development Specialists,"Evaluate modes of training delivery, such as in-person or virtual, to optimize training effectiveness, training costs, or environmental impacts.",150_b,2025-05-06,3.0,2.0,2.0,3.0,1.0,3.0
15899,Logistics Analysts,Maintain logistics records in accordance with corporate policies.,150_b,2025-05-06,4.0,2.0,2.0,2.0,2.0,4.0
18876,Human Resources Specialists,"Review and evaluate applicant qualifications or eligibility for specified licensing, according to established guidelines and designated licensing codes.",150_b,2025-05-06,5.0,1.0,1.0,1.0,2.0,5.0
18919,Fundraisers,Monitor progress of fundraising drives.,150_b,2025-05-06,4.0,2.0,2.0,3.0,2.0,4.0
15894,Logistics Analysts,"Provide ongoing analyses in areas such as transportation costs, parts procurement, back orders, or delivery processes.",150_b,2025-05-06,4.0,1.0,4.0,5.0,3.0,4.0
18866,Human Resources Specialists,"Prepare or maintain employment records related to events, such as hiring, termination, leaves, transfers, or promotions, using human resources management system software.",150_b,2025-05-06,2.0,2.0,1.0,1.0,1.0,3.0
18931,Fundraisers,Write and send letters of thanks to donors.,150_b,2025-05-06,2.0,4.0,1.0,2.0,1.0,2.0
102,Training and Development Specialists,Develop alternative training methods if expected improvements are not seen.,150_b,2025-05-06,2.0,1.0,4.0,5.0,3.0,2.0
15904,Logistics Analysts,"Apply analytic methods or tools to understand, predict, or control logistics operations or processes.",150_b,2025-05-06,2.0,1.0,4.0,4.0,1.0,2.0
18865,Human Resources Specialists,"Perform searches for qualified job candidates, using sources such as computer databases, networking, Internet recruiting resources, media advertisements, job fairs, recruiting firms, or employee referrals.",150_b,2025-05-06,2.0,2.0,3.0,2.0,4.0,2.0
20475,Training and Development Specialists,"Obtain, organize, or develop training procedure manuals, guides, or course materials, such as handouts or visual materials.",150_b,2025-05-06,4.0,2.0,4.0,4.0,2.0,4.0
20476,Training and Development Specialists,Monitor training costs and prepare budget reports to justify expenditures.,150_b,2025-05-06,2.0,2.0,3.0,4.0,2.0,3.0
18859,Human Resources Specialists,Hire employees and process hiring-related paperwork.,150_b,2025-05-06,4.0,2.0,1.0,1.0,4.0,2.0
18868,Human Resources Specialists,Review employment applications and job orders to match applicants with job requirements.,150_b,2025-05-06,4.0,2.0,3.0,3.0,2.0,4.0
20009,Logistics Analysts,"Remotely monitor the flow of vehicles or inventory, using Web-based logistics information systems to track vehicles or containers.",150_b,2025-05-06,4.0,1.0,3.0,4.0,1.0,4.0
18926,Fundraisers,"Conduct research to identify the goals, net worth, charitable donation history, or other data related to potential donors, potential investors, or general donor markets.",150_b,2025-05-06,3.0,2.0,4.0,4.0,2.0,3.0
21720,Geographic Information Systems Technologists and Technicians,"Enter data into Geographic Information Systems (GIS) databases, using techniques such as coordinate geometry, keyboard entry of tabular data, manual digitizing of maps, scanning or automatic conversion to vectors, or conversion of other sources of digital data.",150,2025-05-06,3.0,4.0,5.0,4.0,2.0,4.0
16274,Clinical Data Managers,"Track the flow of work forms, including in-house data flow or electronic forms transfer.",150,2025-05-06,3.0,4.0,5.0,4.0,3.0,4.0
20483,"Architects, Except Landscape and Naval",Develop final construction plans that include aesthetic representations of the structure or details for its construction.,150,2025-05-06,2.0,4.0,5.0,4.0,3.0,4.0
17712,Bioinformatics Technicians,Design or implement web-based tools for querying large-scale biological databases.,150,2025-05-06,3.0,4.0,3.0,5.0,4.0,4.0
16252,Biostatisticians,Prepare tables and graphs to present clinical data or results.,150,2025-05-06,2.0,2.0,3.0,5.0,3.0,2.0
21723,Geographic Information Systems Technologists and Technicians,Design or coordinate the development of integrated Geographic Information Systems (GIS) spatial or non-spatial databases.,150,2025-05-06,2.0,3.0,4.0,5.0,4.0,4.0
16219,Document Management Specialists,Monitor regulatory activity to maintain compliance with records and document management laws.,150,2025-05-06,2.0,2.0,1.0,1.0,5.0,5.0
16280,Clinical Data Managers,"Generate data queries, based on validation checks or errors and omissions identified during data entry, to resolve identified problems.",150,2025-05-06,3.0,2.0,1.0,2.0,4.0,3.0
14667,Computer Systems Engineers/Architects,"Provide advice on project costs, design concepts, or design changes.",150,2025-05-06,3.0,2.0,4.0,5.0,5.0,4.0
17715,Bioinformatics Technicians,"Extend existing software programs, web-based interactive tools, or database queries as sequence management and analysis needs evolve.",150,2025-05-06,2.0,4.0,3.0,5.0,3.0,4.0
16146,Business Intelligence Analysts,"Collect business intelligence data from available industry reports, public information, field reports, or purchased sources.",150,2025-05-06,4.0,2.0,3.0,3.0,2.0,3.0
8961,Statisticians,"Design research projects that apply valid scientific techniques, and use information obtained from baselines or historical data to structure uncompromised and efficient analyses.",150,2025-05-06,3.0,2.0,3.0,4.0,2.0,3.0
16270,Clinical Data Managers,Develop technical specifications for data management programming and communicate needs to information technology staff.,150,2025-05-06,3.0,2.0,2.0,4.0,5.0,3.0
14645,Software Quality Assurance Analysts and Testers,Plan test schedules or strategies in accordance with project scope or delivery dates.,350_b,2025-05-07,3.0,1.0,2.0,3.0,5.0,3.0
14732,Web Administrators,"Determine sources of Web page or server problems, and take action to correct such problems.",350_b,2025-05-07,4.0,1.0,2.0,4.0,2.0,2.0
14745,Web Administrators,Develop Web site performance metrics.,350_b,2025-05-07,4.0,1.0,2.0,4.0,2.0,2.0
14717,Web Developers,Establish appropriate server directory trees.,350_b,2025-05-07,4.0,1.0,2.0,4.0,1.0,2.0
14658,Software Quality Assurance Analysts and Testers,"Identify program deviance from standards, and suggest modifications to ensure compliance.",350_b,2025-05-07,3.0,1.0,3.0,4.0,3.0,4.0
14714,Web Developers,Develop or implement procedures for ongoing Web site revision.,350_b,2025-05-07,2.0,1.0,2.0,3.0,4.0,4.0
14650,Software Quality Assurance Analysts and Testers,Update automated test scripts to ensure currency.,350_b,2025-05-07,4.0,1.0,1.0,2.0,2.0,2.0
14700,Web Developers,"Evaluate code to ensure that it is valid, is properly structured, meets industry standards, and is compatible with browsers, devices, or operating systems.",350_b,2025-05-07,4.0,1.0,1.0,4.0,1.0,1.0
16202,Video Game Designers,Provide feedback to production staff regarding technical game qualities or adherence to original design.,350_b,2025-05-07,2.0,1.0,2.0,5.0,4.0,5.0
16209,Video Game Designers,"Develop and maintain design level documentation, including mechanics, guidelines, and mission outlines.",350_b,2025-05-07,1.0,1.0,1.0,5.0,2.0,5.0
14686,Computer Systems Engineers/Architects,"Research, test, or verify proper functioning of software patches and fixes.",350_b,2025-05-07,4.0,1.0,1.0,5.0,1.0,1.0
16152,Information Technology Project Managers,"Submit project deliverables, ensuring adherence to quality standards.",350_b,2025-05-07,2.0,2.0,3.0,3.0,4.0,4.0
16212,Video Game Designers,"Create and manage documentation, production schedules, prototyping goals, and communication plans in collaboration with production staff.",350_b,2025-05-07,1.0,1.0,3.0,4.0,5.0,5.0
14744,Web Administrators,"Gather, analyze, or document user feedback to locate or resolve sources of problems.",350_b,2025-05-07,3.0,2.0,3.0,4.0,3.0,3.0
14687,Computer Systems Engineers/Architects,"Communicate project information through presentations, technical reports, or white papers.",350_b,2025-05-07,4.0,1.0,1.0,3.0,2.0,2.0
21728,Geographic Information Systems Technologists and Technicians,Interpret aerial or ortho photographs.,350_b,2025-05-07,4.0,1.0,2.0,5.0,1.0,2.0
14655,Software Quality Assurance Analysts and Testers,"Conduct software compatibility tests with programs, hardware, operating systems, or network environments.",350_b,2025-05-07,5.0,1.0,1.0,4.0,2.0,1.0
14758,Web Administrators,"Correct testing-identified problems, or recommend actions for their resolution.",350_b,2025-05-07,4.0,1.0,2.0,4.0,2.0,2.0
8957,Statisticians,"Prepare data for processing by organizing information, checking for inaccuracies, and adjusting and weighting the raw data.",350_b,2025-05-07,4.0,1.0,2.0,5.0,1.0,2.0
14713,Web Developers,"Respond to user email inquiries, or set up automated systems to send responses.",350_b,2025-05-07,5.0,1.0,1.0,2.0,1.0,1.0
14749,Web Administrators,"Track, compile, and analyze Web site usage data.",350_b,2025-05-07,5.0,1.0,1.0,2.0,1.0,1.0
14647,Software Quality Assurance Analysts and Testers,"Review software documentation to ensure technical accuracy, compliance, or completeness, or to mitigate risks.",350_b,2025-05-07,5.0,1.0,2.0,4.0,1.0,1.0
16167,Information Technology Project Managers,"Assign duties, responsibilities, and spans of authority to project personnel.",350_b,2025-05-07,2.0,1.0,3.0,2.0,3.0,4.0
16230,Document Management Specialists,Consult with end users regarding problems in accessing electronic content.,350_b,2025-05-07,3.0,2.0,3.0,3.0,5.0,4.0
1339,Aerospace Engineers,"Formulate mathematical models or other methods of computer analysis to develop, evaluate, or modify design, according to customer engineering requirements.",350_b,2025-05-07,2.0,1.0,4.0,5.0,2.0,5.0
14719,Web Developers,Recommend and implement performance improvements.,350_b,2025-05-07,5.0,1.0,2.0,5.0,1.0,2.0
16157,Information Technology Project Managers,Monitor or track project milestones and deliverables.,350_b,2025-05-07,3.0,1.0,3.0,2.0,5.0,4.0
14671,Computer Systems Engineers/Architects,"Evaluate current or emerging technologies to consider factors such as cost, portability, compatibility, or usability.",350_b,2025-05-07,4.0,1.0,2.0,3.0,2.0,2.0
16203,Video Game Designers,Prepare two-dimensional concept layouts or three-dimensional mock-ups.,350_b,2025-05-07,5.0,1.0,1.0,5.0,2.0,2.0
16200,Video Game Designers,Write or supervise the writing of game text and dialogue.,350_b,2025-05-07,5.0,1.0,1.0,2.0,2.0,1.0
16170,Information Technology Project Managers,"Develop or update project plans for information technology projects including information such as project objectives, technologies, systems, information specifications, schedules, funding, and staffing.",350_b,2025-05-07,2.0,1.0,3.0,3.0,4.0,4.0
7370,Mathematicians,Perform computations and apply methods of numerical analysis to data.,350_b,2025-05-07,5.0,1.0,1.0,5.0,1.0,1.0
16221,Document Management Specialists,"Search electronic sources, such as databases or repositories, or manual sources for information.",350_b,2025-05-07,5.0,1.0,2.0,3.0,1.0,2.0
14708,Web Developers,Communicate with network personnel or Web site hosting agencies to address hardware or software issues affecting Web sites.,350_b,2025-05-07,4.0,1.0,2.0,5.0,3.0,3.0
14670,Computer Systems Engineers/Architects,Collaborate with engineers or software developers to select appropriate design solutions or ensure the compatibility of system components.,350_b,2025-05-07,3.0,1.0,2.0,3.0,4.0,3.0
14664,Software Quality Assurance Analysts and Testers,Conduct historical analyses of test results.,350_b,2025-05-07,4.0,1.0,1.0,4.0,1.0,2.0
21715,Geographic Information Systems Technologists and Technicians,"Produce data layers, maps, tables, or reports, using spatial analysis procedures or Geographic Information Systems (GIS) technology, equipment, or systems.",350_b,2025-05-07,5.0,1.0,1.0,5.0,1.0,1.0
16211,Video Game Designers,Create gameplay prototypes for presentation to creative and technical staff and management.,350_b,2025-05-07,2.0,1.0,1.0,5.0,3.0,5.0
16217,Video Game Designers,"Create core game features, including storylines, role-play mechanics, and character biographies for a new video game or game franchise.",350_b,2025-05-07,2.0,1.0,1.0,4.0,1.0,5.0
14762,Web Administrators,Set up or maintain monitoring tools on Web servers or Web sites.,350_b,2025-05-07,4.0,2.0,2.0,5.0,1.0,2.0
16198,Video Game Designers,Provide feedback to designers and other colleagues regarding game design features.,350_b,2025-05-07,3.0,1.0,1.0,3.0,3.0,4.0
14643,Software Quality Assurance Analysts and Testers,Monitor bug resolution efforts and track successes.,350_b,2025-05-07,4.0,1.0,2.0,3.0,3.0,2.0
7372,Mathematicians,"Assemble sets of assumptions, and explore the consequences of each set.",350_b,2025-05-07,4.0,1.0,3.0,5.0,1.0,3.0
16214,Video Game Designers,Conduct regular design reviews throughout the game development process.,350_b,2025-05-07,3.0,1.0,1.0,2.0,2.0,4.0
21721,Geographic Information Systems Technologists and Technicians,"Review existing or incoming data for currency, accuracy, usefulness, quality, or completeness of documentation.",350_b,2025-05-07,5.0,1.0,1.0,4.0,1.0,1.0
16168,Information Technology Project Managers,"Prepare project status reports by collecting, analyzing, and summarizing information and trends.",350_b,2025-05-07,5.0,1.0,1.0,3.0,2.0,1.0
14731,Web Administrators,Back up or modify applications and related data to provide for disaster recovery.,350_b,2025-05-07,4.0,1.0,2.0,5.0,1.0,2.0
14672,Computer Systems Engineers/Architects,Provide technical guidance or support for the development or troubleshooting of systems.,350_b,2025-05-07,4.0,1.0,2.0,4.0,3.0,3.0
21726,Geographic Information Systems Technologists and Technicians,"Provide technical support to users or clients regarding the maintenance, development, or operation of Geographic Information Systems (GIS) databases, equipment, or applications.",350_b,2025-05-07,3.0,2.0,1.0,3.0,3.0,3.0
14710,Web Developers,"Perform Web site tests according to planned schedules, or after any Web site or product revision.",350_b,2025-05-07,5.0,1.0,1.0,4.0,2.0,2.0
130,"Architects, Except Landscape and Naval","Prepare information regarding design, structure specifications, materials, color, equipment, estimated costs, or construction time.",150,2025-05-08,3.0,2.0,2.0,5.0,4.0,3.0
16159,Information Technology Project Managers,"Initiate, review, or approve modifications to project plans.",150,2025-05-08,4.0,1.0,3.0,1.0,3.0,4.0
16262,Biostatisticians,Review clinical or other medical research protocols and recommend appropriate statistical analyses.,150,2025-05-08,4.0,3.0,5.0,5.0,3.0,2.0
7368,Mathematicians,Develop computational methods for solving problems that occur in areas of science and engineering or that come from applications in business or industry.,150,2025-05-08,4.0,2.0,4.0,4.0,3.0,2.0
16182,Search Marketing Strategists,Participate in the development or implementation of online marketing strategy.,200_a,2025-05-08,4.0,1.0,2.0,3.0,3.0,2.0
16140,Business Intelligence Analysts,Manage timely flow of business intelligence information to users.,150,2025-05-08,3.0,2.0,4.0,3.0,3.0,2.0
21516,Accountants and Auditors,Review accounts for discrepancies and reconcile differences.,200_a,2025-05-08,2.0,1.0,4.0,4.0,4.0,5.0
16193,Search Marketing Strategists,"Collaborate with Web, multimedia, or art design staffs to create multimedia Web sites or other internet content that conforms to brand and company visual format.",200_a,2025-05-08,2.0,1.0,2.0,2.0,4.0,5.0
3975,Technical Writers,"Arrange for typing, duplication, and distribution of material.",400,2025-05-11,1.0,3.0,2.0,3.0,4.0,4.0
16807,Molecular and Cellular Biologists,Maintain accurate laboratory records and data.,250,2025-05-11,5.0,1.0,1.0,2.0,1.0,1.0
15735,Online Merchants,"Calculate revenue, sales, and expenses, using financial accounting or spreadsheet software.",200_a,2025-05-08,5.0,1.0,1.0,2.0,1.0,2.0
20326,Search Marketing Strategists,Identify appropriate Key Performance Indicators (KPIs) and report key metrics from digital campaigns.,200_a,2025-05-08,4.0,1.0,1.0,2.0,2.0,3.0
21514,Accountants and Auditors,"Prepare, examine, or analyze accounting records, financial statements, or other financial reports to assess accuracy, completeness, and conformance to reporting and procedural standards.",200_a,2025-05-08,3.0,1.0,1.0,1.0,3.0,2.0
16186,Search Marketing Strategists,"Conduct market research analysis to identify search query trends, real-time search and news media activity, popular social media topics, electronic commerce trends, market opportunities, or competitor performance.",200_a,2025-05-08,4.0,1.0,1.0,1.0,1.0,2.0
15728,Online Merchants,"Correspond with online customers via electronic mail, telephone, or other electronic messaging to address questions or complaints about products, policies, or shipping methods.",200_a,2025-05-08,3.0,1.0,2.0,2.0,5.0,2.0
15703,Online Merchants,"Upload digital media, such as photos, video, or scanned images to online storefront, auction sites, or other shopping Web sites.",200_a,2025-05-08,2.0,4.0,1.0,1.0,2.0,5.0
15980,Sustainability Specialists,"Monitor or track sustainability indicators, such as energy usage, natural resource usage, waste generation, and recycling.",200_a,2025-05-08,4.0,1.0,1.0,1.0,1.0,2.0
20321,Search Marketing Strategists,Create content strategies for digital media.,200_a,2025-05-08,3.0,1.0,1.0,1.0,1.0,2.0
21511,Accountants and Auditors,"Examine and evaluate financial and information systems, recommending controls to ensure system reliability and data integrity.",200_a,2025-05-08,2.0,3.0,3.0,3.0,4.0,5.0
21519,Accountants and Auditors,"Analyze business operations, trends, costs, revenues, financial commitments, and obligations to project future revenues and expenses or to provide advice.",200_a,2025-05-08,4.0,1.0,1.0,4.0,2.0,2.0
21549,Appraisers and Assessors of Real Estate,"Compute final estimation of property values, taking into account such factors as depreciation, replacement costs, value comparisons of similar properties, and income potential.",200_a,2025-05-08,2.0,4.0,2.0,2.0,1.0,4.0
95,Training and Development Specialists,"Schedule classes based on availability of classrooms, equipment, or instructors.",200_a,2025-05-08,2.0,3.0,1.0,1.0,4.0,4.0
15704,Online Merchants,Order or purchase merchandise to maintain optimal inventory levels.,200_a,2025-05-08,3.0,1.0,2.0,2.0,3.0,3.0
15976,Sustainability Specialists,Develop reports or presentations to communicate the effectiveness of sustainability initiatives.,200_a,2025-05-08,3.0,1.0,1.0,1.0,2.0,2.0
15734,Online Merchants,"Compose descriptions of merchandise for posting to online storefront, auction sites, or other shopping Web sites.",200_a,2025-05-08,4.0,1.0,1.0,2.0,1.0,2.0
15969,Sustainability Specialists,"Research or review regulatory, technical, or market issues related to sustainability.",200_a,2025-05-08,2.0,1.0,1.0,4.0,1.0,3.0
15730,Online Merchants,"Calculate purchase subtotals, taxes, and shipping costs for submission to customers.",200_a,2025-05-08,5.0,1.0,1.0,1.0,1.0,1.0
16283,Clinical Data Managers,Analyze clinical data using appropriate statistical tools.,150,2025-05-08,3.0,3.0,5.0,4.0,4.0,3.0
21719,Geographic Information Systems Technologists and Technicians,"Perform computer programming, data analysis, or software development for Geographic Information Systems (GIS) applications, including the maintenance of existing systems or research and development for future enhancements.",150,2025-05-08,4.0,3.0,2.0,5.0,2.0,4.0
20327,Search Marketing Strategists,"Improve search-related activities through ongoing analysis, experimentation, or optimization tests, using A/B or multivariate methods.",200_a,2025-05-08,4.0,1.0,1.0,3.0,1.0,2.0
15711,Online Merchants,Create or maintain database of customer accounts.,200_a,2025-05-08,4.0,1.0,2.0,3.0,1.0,1.0
16190,Search Marketing Strategists,Optimize Web site exposure by analyzing search engine patterns to direct online placement of keywords or other content.,200_a,2025-05-08,4.0,1.0,1.0,2.0,1.0,2.0
15717,Online Merchants,"Promote products in online communities through weblog or discussion-forum postings, e-mail marketing programs, or online advertising.",200_a,2025-05-08,2.0,1.0,1.0,2.0,3.0,4.0
20328,Search Marketing Strategists,Manage tracking and reporting of search-related activities and provide analyses to marketing executives.,200_a,2025-05-08,4.0,1.0,1.0,2.0,1.0,2.0
15979,Sustainability Specialists,"Assess or propose sustainability initiatives, considering factors such as cost effectiveness, technical feasibility, and acceptance.",200_a,2025-05-08,1.0,1.0,3.0,4.0,1.0,3.0
15709,Online Merchants,Deliver e-mail confirmation of completed transactions and shipment.,200_a,2025-05-08,5.0,1.0,1.0,1.0,1.0,1.0
20330,Search Marketing Strategists,Optimize shopping cart experience or Web site conversion rates against Key Performance Indicators (KPIs).,200_a,2025-05-08,4.0,1.0,1.0,2.0,1.0,2.0
15710,Online Merchants,"Create, manage, or automate orders or invoices, using order management or invoicing software.",200_a,2025-05-08,5.0,1.0,1.0,1.0,1.0,1.0
15732,Online Merchants,"Prepare or organize online storefront marketing material, including product descriptions or subject lines, optimizing content to search engine criteria.",200_a,2025-05-08,3.0,1.0,1.0,2.0,1.0,3.0
15973,Sustainability Specialists,Provide technical or administrative support for sustainability programs or issues.,200_a,2025-05-08,2.0,1.0,2.0,4.0,3.0,5.0
16179,Search Marketing Strategists,Propose online or multiple-sales-channel campaigns to marketing executives.,200_a,2025-05-08,3.0,1.0,1.0,3.0,1.0,3.0
21520,Accountants and Auditors,Report to management regarding the finances of establishment.,200_a,2025-05-08,3.0,1.0,1.0,3.0,1.0,2.0
15975,Sustainability Specialists,Create or maintain plans or other documents related to sustainability projects.,200_a,2025-05-08,2.0,1.0,1.0,4.0,1.0,5.0
20325,Search Marketing Strategists,Execute or manage social media campaigns to inform search marketing tactics.,200_a,2025-05-08,4.0,1.0,1.0,2.0,1.0,3.0
15707,Online Merchants,Determine and set product prices.,200_a,2025-05-08,4.0,1.0,1.0,3.0,1.0,2.0
15731,Online Merchants,"Receive and process payments from customers, using electronic transaction services.",200_a,2025-05-08,5.0,1.0,1.0,2.0,1.0,1.0
16150,Business Intelligence Analysts,"Generate standard or custom reports summarizing business, financial, or economic data for review by executives, managers, clients, and other stakeholders.",150,2025-05-08,3.0,3.0,2.0,4.0,3.0,3.0
21515,Accountants and Auditors,Prepare adjusting journal entries.,200_a,2025-05-08,4.0,1.0,1.0,2.0,2.0,2.0
20319,Search Marketing Strategists,Combine secondary data sources with keyword research to more accurately profile and satisfy user intent.,200_a,2025-05-08,4.0,1.0,1.0,2.0,1.0,2.0
20318,Search Marketing Strategists,Assist in setting up or optimizing analytics tools for tracking visitors' behaviors.,200_a,2025-05-08,4.0,1.0,1.0,2.0,1.0,2.0
17716,Bioinformatics Technicians,Maintain awareness of new and emerging computational methods and technologies.,150,2025-05-08,2.0,5.0,1.0,5.0,4.0,5.0
15714,Online Merchants,Cancel orders based on customer requests or inventory or delivery problems.,200_a,2025-05-08,2.0,1.0,2.0,1.0,5.0,3.0
16188,Search Marketing Strategists,"Communicate and collaborate with merchants, Webmasters, bloggers, or online editors to strategically place hyperlinks.",200_a,2025-05-08,1.0,1.0,1.0,2.0,4.0,5.0
20329,Search Marketing Strategists,"Optimize digital assets, such as text, graphics, or multimedia assets, for search engine optimization (SEO) or for display and usability on internet-connected devices.",200_a,2025-05-08,3.0,1.0,1.0,2.0,1.0,3.0
21522,Accountants and Auditors,"Evaluate taxpayer finances to determine tax liability, using knowledge of interest and discount rates, annuities, valuation of stocks and bonds, and amortization valuation of depletable assets.",200_a,2025-05-08,3.0,1.0,1.0,5.0,1.0,4.0
15968,Sustainability Specialists,Review and revise sustainability proposals or policies.,200_a,2025-05-08,2.0,1.0,2.0,4.0,4.0,4.0
15721,Online Merchants,"Investigate products or markets to determine areas for opportunity or viability for merchandising specific products, using online or offline sources.",200_a,2025-05-08,2.0,3.0,1.0,2.0,1.0,4.0
16192,Search Marketing Strategists,"Collect and analyze Web metrics, such as visits, time on site, page views per visit, transaction volume and revenue, traffic mix, click-through rates, conversion rates, cost per acquisition, or cost per click.",200_a,2025-05-08,5.0,1.0,1.0,2.0,1.0,1.0
16171,Information Technology Project Managers,Develop and manage work breakdown structure (WBS) of information technology projects.,150,2025-05-08,2.0,3.0,5.0,4.0,5.0,4.0
93,Training and Development Specialists,"Keep up with developments in area of expertise by reading current journals, books, or magazine articles.",200_a,2025-05-08,3.0,1.0,1.0,3.0,1.0,3.0
15978,Sustainability Specialists,Collect information about waste stream management or green building practices to inform decision makers.,200_a,2025-05-08,2.0,1.0,1.0,3.0,3.0,4.0
16191,Search Marketing Strategists,"Conduct online marketing initiatives, such as paid ad placement, affiliate programs, sponsorship programs, email promotions, or viral marketing campaigns on social media Web sites.",200_a,2025-05-08,3.0,1.0,1.0,2.0,1.0,3.0
16249,Biostatisticians,Write program code to analyze data with statistical analysis software.,150,2025-05-08,4.0,1.0,2.0,5.0,1.0,4.0
8956,Statisticians,Analyze and interpret statistical data to identify significant differences in relationships among sources of information.,150,2025-05-08,5.0,2.0,1.0,4.0,2.0,5.0
16143,Business Intelligence Analysts,"Disseminate information regarding tools, reports, or metadata enhancements.",150,2025-05-08,2.0,4.0,2.0,4.0,5.0,5.0
8954,Statisticians,"Process large amounts of data for statistical modeling and graphic analysis, using computers.",150,2025-05-08,4.0,1.0,2.0,5.0,1.0,3.0
20486,"Architects, Except Landscape and Naval",Plan layouts of structural architectural projects.,150,2025-05-08,3.0,4.0,2.0,5.0,2.0,2.0
16277,Clinical Data Managers,"Prepare data analysis listings and activity, performance, or progress reports.",150,2025-05-08,4.0,2.0,1.0,3.0,1.0,5.0
14673,Computer Systems Engineers/Architects,"Identify system data, hardware, or software components required to meet user needs.",150,2025-05-08,3.0,3.0,3.0,4.0,3.0,3.0
136,"Architects, Except Landscape and Naval",Integrate engineering elements into unified architectural designs.,150,2025-05-08,2.0,3.0,4.0,5.0,2.0,3.0
21725,Geographic Information Systems Technologists and Technicians,Select cartographic elements needed for effective presentation of information.,150,2025-05-08,3.0,3.0,4.0,5.0,2.0,4.0
17707,Bioinformatics Technicians,"Enter or retrieve information from structural databases, protein sequence motif databases, mutation databases, genomic databases or gene expression databases.",150,2025-05-08,2.0,2.0,5.0,5.0,2.0,4.0
8955,Statisticians,"Identify relationships and trends in data, as well as any factors that could affect the results of research.",150,2025-05-08,4.0,1.0,2.0,3.0,3.0,2.0
17721,Bioinformatics Technicians,Conduct quality analyses of data inputs and resulting analyses or predictions.,150,2025-05-08,4.0,1.0,4.0,4.0,2.0,5.0
14675,Computer Systems Engineers/Architects,Monitor system operation to detect potential problems.,150,2025-05-08,3.0,1.0,4.0,5.0,1.0,3.0
14683,Computer Systems Engineers/Architects,Design and conduct hardware or software tests.,150,2025-05-08,2.0,2.0,2.0,5.0,2.0,4.0
16136,Business Intelligence Analysts,"Identify or monitor current and potential customers, using business intelligence tools.",150,2025-05-08,4.0,1.0,2.0,3.0,1.0,2.0
14763,Web Administrators,Develop testing routines and procedures.,150,2025-05-08,2.0,1.0,2.0,4.0,1.0,4.0
17708,Bioinformatics Technicians,"Monitor database performance and perform any necessary maintenance, upgrades, or repairs.",150,2025-05-09,2.0,2.0,3.0,4.0,2.0,5.0
16284,Clinical Data Managers,"Process clinical data, including receipt, entry, verification, or filing of information.",150,2025-05-09,3.0,1.0,1.0,3.0,1.0,4.0
134,"Architects, Except Landscape and Naval",Prepare contract documents for building contractors.,150,2025-05-09,4.0,1.0,2.0,2.0,4.0,2.0
17709,Bioinformatics Technicians,"Analyze or manipulate bioinformatics data using software packages, statistical applications, or data mining techniques.",150,2025-05-09,5.0,1.0,2.0,3.0,1.0,2.0
16135,Business Intelligence Analysts,"Maintain library of model documents, templates, or other reusable knowledge assets.",150,2025-05-09,5.0,1.0,1.0,3.0,1.0,2.0
20479,"Architects, Except Landscape and Naval","Prepare scale drawings or architectural designs, using computer-aided design or other tools.",150,2025-05-09,4.0,2.0,2.0,4.0,2.0,2.0
16236,Document Management Specialists,Operate data capture technology to import digitized documents into document management system.,150,2025-05-09,4.0,4.0,1.0,2.0,1.0,3.0
16279,Clinical Data Managers,Monitor work productivity or quality to ensure compliance with standard operating procedures.,150,2025-05-09,4.0,2.0,2.0,2.0,2.0,2.0
16125,Data Warehousing Specialists,"Implement business rules via stored procedures, middleware, or other technologies.",300_b,2025-05-09,3.0,1.0,2.0,3.0,1.0,3.0
11371,"Production, Planning, and Expediting Clerks","Compile information, such as production rates and progress, materials inventories, materials used, or customer information, so that status reports can be completed.",600_b,2025-05-09,4.0,1.0,1.0,2.0,3.0,2.0
20282,"Secretaries and Administrative Assistants, Except Legal, Medical, and Executive","Set up and manage paper or electronic filing systems, recording information, updating paperwork, or maintaining documents, such as attendance records, correspondence, or other material.",600_b,2025-05-09,4.0,1.0,1.0,1.0,4.0,1.0
11378,"Production, Planning, and Expediting Clerks","Provide documentation and information to account for delays, difficulties, or changes to cost estimates.",600_b,2025-05-09,1.0,1.0,1.0,1.0,2.0,2.0
2806,"Secretaries and Administrative Assistants, Except Legal, Medical, and Executive","Provide services to customers, such as order placement or account information.",600_b,2025-05-09,3.0,1.0,1.0,1.0,2.0,1.0
11374,"Production, Planning, and Expediting Clerks","Maintain files, such as maintenance records, bills of lading, or cost reports.",600_b,2025-05-09,4.0,2.0,2.0,2.0,1.0,1.0
11367,"Production, Planning, and Expediting Clerks","Record production data, including volume produced, consumption of raw materials, or quality control measures.",600_b,2025-05-09,4.0,1.0,1.0,3.0,2.0,1.0
11363,"Production, Planning, and Expediting Clerks","Review documents, such as production schedules, work orders, or staffing tables, to determine personnel or materials requirements or material priorities.",600_b,2025-05-09,2.0,3.0,3.0,1.0,4.0,4.0
783,Medical Secretaries and Administrative Assistants,"Transmit correspondence or medical records by mail, e-mail, or fax.",600_b,2025-05-09,2.0,1.0,1.0,4.0,3.0,4.0
2794,"Secretaries and Administrative Assistants, Except Legal, Medical, and Executive","Open, read, route, and distribute incoming mail or other materials and answer routine letters.",600_b,2025-05-09,5.0,1.0,1.0,2.0,1.0,1.0
2801,"Secretaries and Administrative Assistants, Except Legal, Medical, and Executive","Schedule and confirm appointments for clients, customers, or supervisors.",600_b,2025-05-09,4.0,1.0,1.0,1.0,3.0,1.0
18780,Legal Secretaries and Administrative Assistants,Prepare and distribute invoices to bill clients or pay account expenses.,600_b,2025-05-09,5.0,1.0,1.0,1.0,1.0,1.0
2805,"Secretaries and Administrative Assistants, Except Legal, Medical, and Executive","Conduct searches to find needed information, using such sources as the Internet.",600_b,2025-05-09,2.0,1.0,4.0,4.0,1.0,3.0
789,Medical Secretaries and Administrative Assistants,"Prepare correspondence or assist physicians or medical scientists with preparation of reports, speeches, articles, or conference proceedings.",600_b,2025-05-09,3.0,1.0,3.0,3.0,1.0,3.0
782,Medical Secretaries and Administrative Assistants,"Operate office equipment, such as voice mail messaging systems, and use word processing, spreadsheet, or other software applications to prepare reports, invoices, financial statements, letters, case histories, or medical records.",600_b,2025-05-09,2.0,3.0,1.0,3.0,1.0,4.0
20438,Medical Secretaries and Administrative Assistants,"Schedule tests or procedures for patients, such as lab work or x-rays, based on physician orders.",600_b,2025-05-09,1.0,1.0,1.0,3.0,3.0,4.0
2800,"Secretaries and Administrative Assistants, Except Legal, Medical, and Executive",Maintain scheduling and event calendars.,600_b,2025-05-09,4.0,1.0,1.0,1.0,4.0,1.0
11370,"Production, Planning, and Expediting Clerks",Distribute production schedules or work orders to departments.,600_b,2025-05-09,2.0,1.0,2.0,1.0,3.0,4.0
775,Medical Secretaries and Administrative Assistants,"Schedule and confirm patient diagnostic appointments, surgeries, or medical consultations.",600_b,2025-05-09,2.0,1.0,1.0,4.0,4.0,3.0
11373,"Production, Planning, and Expediting Clerks",Contact suppliers to verify shipment details.,600_b,2025-05-09,4.0,1.0,1.0,1.0,4.0,3.0
776,Medical Secretaries and Administrative Assistants,"Compile and record medical charts, reports, or correspondence, using typewriter or personal computer.",600_b,2025-05-09,2.0,1.0,3.0,3.0,3.0,4.0
11377,"Production, Planning, and Expediting Clerks","Compile and prepare documentation related to production sequences, transportation, personnel schedules, or purchase, maintenance, or repair orders.",600_b,2025-05-09,2.0,1.0,1.0,3.0,3.0,3.0
2795,"Secretaries and Administrative Assistants, Except Legal, Medical, and Executive",Complete forms in accordance with company procedures.,600_b,2025-05-09,2.0,1.0,3.0,2.0,5.0,4.0
787,Medical Secretaries and Administrative Assistants,"Perform bookkeeping duties, such as credits or collections, preparing and sending financial statements or bills, and keeping financial records.",600_b,2025-05-09,4.0,1.0,1.0,4.0,1.0,2.0
774,Legal Secretaries and Administrative Assistants,"Complete various forms, such as accident reports, trial and courtroom requests, and applications for clients.",600_b,2025-05-09,2.0,2.0,2.0,1.0,3.0,3.0
21079,Legal Secretaries and Administrative Assistants,Make travel arrangements for attorneys.,600_b,2025-05-09,4.0,1.0,2.0,1.0,1.0,1.0
20280,"Secretaries and Administrative Assistants, Except Legal, Medical, and Executive","Use computers for various applications, such as database management or word processing.",600_b,2025-05-09,2.0,2.0,1.0,2.0,3.0,2.0
786,Medical Secretaries and Administrative Assistants,Transcribe recorded messages or practitioners' diagnoses or recommendations into patients' medical records.,600_b,2025-05-09,1.0,2.0,2.0,3.0,1.0,4.0
2809,"Secretaries and Administrative Assistants, Except Legal, Medical, and Executive",Establish work procedures or schedules and keep track of the daily work of clerical staff.,600_b,2025-05-09,1.0,1.0,4.0,5.0,4.0,5.0
2733,"Dispatchers, Except Police, Fire, and Ambulance","Advise personnel about traffic problems, such as construction areas, accidents, congestion, weather conditions, or other hazards.",600_b,2025-05-09,1.0,1.0,1.0,3.0,3.0,4.0
778,Medical Secretaries and Administrative Assistants,"Receive and route messages or documents, such as laboratory results, to appropriate staff.",600_b,2025-05-09,4.0,1.0,4.0,4.0,1.0,1.0
11368,"Production, Planning, and Expediting Clerks",Requisition and maintain inventories of materials or supplies necessary to meet production demands.,600_b,2025-05-09,2.0,1.0,1.0,4.0,4.0,3.0
2793,"Secretaries and Administrative Assistants, Except Legal, Medical, and Executive",Locate and attach appropriate files to incoming correspondence requiring replies.,600_b,2025-05-09,2.0,2.0,2.0,4.0,4.0,4.0
11375,"Production, Planning, and Expediting Clerks","Plan production commitments or timetables for business units, specific programs, or jobs, using sales forecasts.",600_b,2025-05-09,2.0,1.0,4.0,5.0,2.0,5.0
11369,"Production, Planning, and Expediting Clerks","Calculate figures, such as required amounts of labor or materials, manufacturing costs, or wages, using pricing schedules, adding machines, calculators, or computers.",600_b,2025-05-09,3.0,2.0,3.0,2.0,4.0,3.0
773,Legal Secretaries and Administrative Assistants,Submit articles and information from searches to attorneys for review and approval for use.,600_b,2025-05-09,1.0,1.0,4.0,4.0,4.0,4.0
20284,"Secretaries and Administrative Assistants, Except Legal, Medical, and Executive","Compose, type, and distribute meeting notes, routine correspondence, or reports, such as presentations or expense, statistical, or monthly reports.",600_b,2025-05-09,1.0,2.0,3.0,3.0,3.0,4.0
20168,Treasurers and Controllers,"Monitor financial activities and details, such as cash flow and reserve levels, to ensure that all legal and regulatory requirements are met.",50_a,2025-05-10,5.0,1.0,4.0,3.0,1.0,2.0
20286,"Secretaries and Administrative Assistants, Except Legal, Medical, and Executive","Collect and deposit money into accounts, disburse funds from cash accounts to pay bills or invoices, keep records of collections and disbursements, and ensure accounts are balanced.",600_b,2025-05-09,4.0,1.0,1.0,1.0,1.0,1.0
766,Legal Secretaries and Administrative Assistants,Schedule and make appointments.,600_b,2025-05-09,4.0,1.0,1.0,4.0,1.0,1.0
771,Legal Secretaries and Administrative Assistants,Draft and type office memos.,600_b,2025-05-09,4.0,2.0,1.0,1.0,1.0,1.0
784,Medical Secretaries and Administrative Assistants,"Perform various clerical or administrative functions, such as ordering and maintaining an inventory of supplies.",600_b,2025-05-09,1.0,1.0,4.0,4.0,3.0,4.0
20285,"Secretaries and Administrative Assistants, Except Legal, Medical, and Executive","Perform payroll functions, such as maintaining timekeeping information and processing and submitting payroll.",600_b,2025-05-09,1.0,1.0,3.0,3.0,3.0,2.0
781,Medical Secretaries and Administrative Assistants,"Maintain medical records, technical library, or correspondence files.",600_b,2025-05-09,1.0,1.0,3.0,3.0,3.0,5.0
2813,"Secretaries and Administrative Assistants, Except Legal, Medical, and Executive","Operate electronic mail systems and coordinate the flow of information, internally or with other organizations.",600_b,2025-05-09,5.0,1.0,1.0,1.0,3.0,1.0
2797,"Secretaries and Administrative Assistants, Except Legal, Medical, and Executive","Review work done by others to check for correct spelling and grammar, ensure that company format policies are followed, and recommend revisions.",600_b,2025-05-09,4.0,1.0,1.0,3.0,2.0,2.0
21078,Legal Secretaries and Administrative Assistants,"Prepare, proofread, or process legal documents, such as summonses, subpoenas, complaints, appeals, motions, or pretrial agreements.",600_b,2025-05-09,1.0,1.0,2.0,2.0,3.0,5.0
788,Medical Secretaries and Administrative Assistants,Complete insurance or other claim forms.,600_b,2025-05-09,3.0,1.0,1.0,3.0,3.0,2.0
20281,"Secretaries and Administrative Assistants, Except Legal, Medical, and Executive","Create, maintain, and enter information into databases.",600_b,2025-05-09,1.0,1.0,2.0,4.0,1.0,4.0
11376,"Production, Planning, and Expediting Clerks","Establish and prepare product construction directions and locations and information on required tools, materials, equipment, numbers of workers needed, and cost projections.",600_b,2025-05-09,1.0,1.0,1.0,2.0,2.0,3.0
768,Legal Secretaries and Administrative Assistants,"Organize and maintain law libraries, documents, and case files.",600_b,2025-05-09,2.0,1.0,2.0,2.0,3.0,2.0
18032,Regulatory Affairs Managers,Monitor emerging trends regarding industry regulations to determine potential impacts on organizational processes.,100_a,2025-05-09,2.0,4.0,3.0,4.0,4.0,4.0
15598,Clinical Research Coordinators,Order drugs or devices necessary for study completion.,100_a,2025-05-09,2.0,4.0,3.0,4.0,4.0,4.0
15614,Clinical Research Coordinators,"Maintain required records of study activity including case report forms, drug dispensation records, or regulatory forms.",100_a,2025-05-09,2.0,4.0,3.0,4.0,4.0,4.0
15595,Clinical Research Coordinators,"Prepare study-related documentation, such as protocol worksheets, procedural manuals, adverse event reports, institutional review board documents, or progress reports.",100_a,2025-05-09,2.0,4.0,3.0,4.0,4.0,4.0
15592,Clinical Research Coordinators,Track enrollment status of subjects and document dropout information such as dropout causes and subject contact efforts.,100_a,2025-05-09,3.0,2.0,2.0,3.0,1.0,2.0
1151,"Purchasing Agents, Except Wholesale, Retail, and Farm Products","Maintain and review computerized or manual records of purchased items, costs, deliveries, product performance, and inventories.",100_a,2025-05-09,2.0,1.0,2.0,3.0,1.0,2.0
20846,Cost Estimators,Collect historical cost data to estimate costs for current or future products.,100_a,2025-05-09,3.0,2.0,3.0,4.0,1.0,2.0
18048,Regulatory Affairs Specialists,"Coordinate, prepare, or review regulatory submissions for domestic or international projects.",100_a,2025-05-09,1.0,3.0,4.0,4.0,4.0,4.0
52,Medical and Health Services Managers,"Establish work schedules and assignments for staff, according to workload, space, and equipment availability.",100_a,2025-05-09,3.0,2.0,2.0,3.0,3.0,3.0
18045,Regulatory Affairs Specialists,"Communicate with regulatory agencies regarding pre-submission strategies, potential regulatory pathways, compliance test requirements, or clarification and follow-up of submissions under review.",100_a,2025-05-09,2.0,2.0,2.0,4.0,3.0,3.0
15609,Clinical Research Coordinators,"Code, evaluate, or interpret collected study data.",100_a,2025-05-09,2.0,1.0,2.0,3.0,1.0,2.0
1157,"Purchasing Agents, Except Wholesale, Retail, and Farm Products","Write and review product specifications, maintaining a working technical knowledge of the goods or services to be purchased.",100_a,2025-05-09,2.0,3.0,4.0,4.0,4.0,4.0
61,Medical and Health Services Managers,Review and analyze facility activities and data to aid planning and cash and risk management and to improve service utilization.,100_a,2025-05-09,2.0,1.0,3.0,4.0,2.0,2.0
18058,Regulatory Affairs Specialists,"Maintain current knowledge base of existing and emerging regulations, standards, or guidance documents.",100_a,2025-05-09,2.0,2.0,3.0,4.0,3.0,3.0
15612,Clinical Research Coordinators,"Schedule subjects for appointments, procedures, or inpatient stays as required by study protocols.",100_a,2025-05-09,1.0,2.0,1.0,2.0,2.0,2.0
15583,Clinical Research Coordinators,"Review scientific literature, participate in continuing education activities, or attend conferences and seminars to maintain current knowledge of clinical studies affairs and issues.",100_a,2025-05-09,1.0,3.0,2.0,5.0,4.0,4.0
18030,Regulatory Affairs Managers,"Maintain current knowledge of relevant regulations, including proposed and final rules.",100_a,2025-05-09,1.0,3.0,4.0,4.0,2.0,4.0
18037,Regulatory Affairs Managers,"Review all regulatory agency submission materials to ensure timeliness, accuracy, comprehensiveness, or compliance with regulatory standards.",100_a,2025-05-10,2.0,1.0,3.0,4.0,1.0,3.0
15584,Clinical Research Coordinators,Register protocol patients with appropriate statistical centers as required.,100_a,2025-05-10,4.0,2.0,3.0,2.0,2.0,2.0
985,Human Resources Managers,"Provide current and prospective employees with information about policies, job duties, working conditions, wages, opportunities for promotion, and employee benefits.",50_a,2025-05-10,5.0,1.0,2.0,2.0,2.0,1.0
3226,Advertising and Promotions Managers,"Inspect layouts and advertising copy, and edit scripts, audio, video, and other promotional material for adherence to specifications.",50_a,2025-05-10,5.0,1.0,2.0,2.0,1.0,1.0
1033,Purchasing Managers,Prepare bid awards requiring board approval.,50_a,2025-05-10,5.0,1.0,1.0,1.0,1.0,1.0
55,Medical and Health Services Managers,"Maintain awareness of advances in medicine, computerized diagnostic and treatment equipment, data processing technology, government regulations, health insurance changes, and financing options.",50_a,2025-05-10,5.0,1.0,3.0,2.0,1.0,2.0
15430,Quality Control Systems Managers,Monitor performance of quality control systems to ensure effectiveness and efficiency.,50_a,2025-05-10,5.0,1.0,2.0,1.0,1.0,2.0
1026,Purchasing Managers,Analyze market and delivery systems to assess present and future material availability.,50_a,2025-05-10,5.0,1.0,2.0,2.0,2.0,2.0
8861,Treasurers and Controllers,"Receive, record, and authorize requests for disbursements in accordance with company policies and procedures.",50_a,2025-05-10,4.0,1.0,3.0,2.0,4.0,3.0
15428,Quality Control Systems Managers,Analyze quality control test results and provide feedback and interpretation to production management or staff.,50_a,2025-05-10,5.0,1.0,2.0,2.0,2.0,2.0
15423,Quality Control Systems Managers,"Document testing procedures, methodologies, or criteria.",50_a,2025-05-10,5.0,1.0,2.0,3.0,2.0,2.0
15697,Supply Chain Managers,Analyze information about supplier performance or procurement program success.,50_a,2025-05-10,5.0,1.0,2.0,2.0,1.0,1.0
15696,Supply Chain Managers,"Analyze inventories to determine how to increase inventory turns, reduce waste, or optimize customer service.",50_a,2025-05-10,5.0,1.0,2.0,2.0,2.0,2.0
15461,Biofuels Production Managers,"Adjust temperature, pressure, vacuum, level, flow rate, or transfer of biofuels to maintain processes at required levels.",50_a,2025-05-10,4.0,2.0,1.0,3.0,1.0,2.0
1025,Purchasing Managers,Review purchase order claims and contracts for conformance to company policy.,50_a,2025-05-10,5.0,1.0,2.0,2.0,2.0,1.0
51,Medical and Health Services Managers,"Conduct and administer fiscal operations, including accounting, planning budgets, authorizing expenditures, establishing rates for services, and coordinating financial reporting.",50_a,2025-05-10,4.0,1.0,3.0,3.0,3.0,3.0
15680,Supply Chain Managers,Select transportation routes to maximize economy by combining shipments or consolidating warehousing and distribution.,50_a,2025-05-10,5.0,1.0,3.0,2.0,2.0,1.0
20943,Supply Chain Managers,"Manage activities related to strategic or tactical purchasing, material requirements planning, controlling inventory, warehousing, or receiving.",50_a,2025-05-10,4.0,2.0,3.0,2.0,2.0,4.0
993,Human Resources Managers,"Maintain records and compile statistical reports concerning personnel-related data such as hires, transfers, performance appraisals, and absenteeism rates.",50_a,2025-05-10,5.0,1.0,2.0,2.0,2.0,1.0
15415,Quality Control Systems Managers,Review and update standard operating procedures or quality assurance manuals.,50_a,2025-05-10,5.0,1.0,1.0,1.0,2.0,1.0
982,Human Resources Managers,"Administer compensation, benefits, and performance management systems, and safety and recreation programs.",50_a,2025-05-10,5.0,1.0,3.0,2.0,3.0,2.0
15459,Biofuels Production Managers,"Conduct cost, material, and efficiency studies for biofuels production plants or operations.",50_a,2025-05-10,4.0,1.0,2.0,4.0,1.0,3.0
15416,Quality Control Systems Managers,"Produce reports regarding nonconformance of products or processes, daily production quality, root cause analyses, or quality trends.",50_a,2025-05-10,4.0,1.0,2.0,2.0,2.0,2.0
1035,Purchasing Managers,Administer online purchasing systems.,50_a,2025-05-10,5.0,1.0,4.0,2.0,1.0,2.0
8865,Treasurers and Controllers,"Coordinate and direct the financial planning, budgeting, procurement, or investment activities of all or part of an organization.",50_a,2025-05-10,4.0,1.0,2.0,2.0,3.0,3.0
49,Medical and Health Services Managers,"Develop and maintain computerized record management systems to store and process data, such as personnel activities and information, and to produce reports.",50_a,2025-05-10,5.0,1.0,2.0,4.0,1.0,2.0
21317,Financial Managers,"Examine, evaluate, or process loan applications.",50_a,2025-05-10,5.0,1.0,2.0,2.0,2.0,2.0
8867,Treasurers and Controllers,"Analyze the financial details of past, present, and expected operations to identify development opportunities and areas where improvement is needed.",50_a,2025-05-10,5.0,1.0,1.0,3.0,1.0,2.0
21448,Compliance Officers,"Advise licensees or other individuals or groups concerning licensing, permit, or passport regulations.",100_a,2025-05-10,4.0,1.0,2.0,4.0,2.0,2.0
18038,Regulatory Affairs Managers,Review materials such as marketing literature or user manuals to ensure that regulatory agency requirements are met.,100_a,2025-05-10,3.0,2.0,2.0,4.0,3.0,2.0
1144,"Purchasing Agents, Except Wholesale, Retail, and Farm Products","Research and evaluate suppliers, based on price, quality, selection, service, support, availability, reliability, production and distribution capabilities, and the supplier's reputation and history.",100_a,2025-05-10,3.0,2.0,2.0,3.0,2.0,3.0
18055,Regulatory Affairs Specialists,Determine the types of regulatory submissions or internal documentation that are required in situations such as proposed device changes or labeling changes.,100_a,2025-05-10,2.0,2.0,2.0,4.0,3.0,3.0
21457,Compliance Officers,Prepare correspondence to inform concerned parties of licensing decisions or appeals processes.,100_a,2025-05-10,4.0,1.0,1.0,2.0,1.0,2.0
1145,"Purchasing Agents, Except Wholesale, Retail, and Farm Products","Analyze price proposals, financial reports, and other data and information to determine reasonable prices.",100_a,2025-05-10,4.0,1.0,1.0,3.0,1.0,2.0
15594,Clinical Research Coordinators,Record adverse event and side effect data and confer with investigators regarding the reporting of events to oversight agencies.,100_a,2025-05-10,3.0,2.0,3.0,4.0,3.0,3.0
1153,"Purchasing Agents, Except Wholesale, Retail, and Farm Products",Study sales records and inventory levels of current stock to develop strategic purchasing programs that facilitate employee access to supplies.,100_a,2025-05-10,4.0,1.0,1.0,2.0,2.0,2.0
1292,Computer User Support Specialists,"Prepare evaluations of software or hardware, and recommend improvements or upgrades.",300_b,2025-05-10,3.0,1.0,2.0,3.0,2.0,2.0
1290,Computer User Support Specialists,"Develop training materials and procedures, or train users in the proper use of hardware or software.",300_b,2025-05-10,2.0,4.0,3.0,3.0,4.0,5.0
14652,Software Quality Assurance Analysts and Testers,"Install, maintain, or use software testing programs.",300_b,2025-05-10,3.0,1.0,4.0,4.0,2.0,3.0
1272,Computer Programmers,"Perform or direct revision, repair, or expansion of existing programs to increase operating efficiency or adapt to new requirements.",300_b,2025-05-10,3.0,2.0,3.0,3.0,3.0,3.0
1146,"Purchasing Agents, Except Wholesale, Retail, and Farm Products",Monitor and follow applicable laws and regulations.,100_a,2025-05-10,4.0,1.0,2.0,4.0,2.0,2.0
80,Cost Estimators,"Analyze blueprints and other documentation to prepare time, cost, materials, and labor estimates.",100_a,2025-05-10,4.0,1.0,2.0,3.0,2.0,2.0
15608,Clinical Research Coordinators,"Collaborate with investigators to prepare presentations or reports of clinical study procedures, results, and conclusions.",100_a,2025-05-10,3.0,1.0,2.0,4.0,2.0,3.0
84,Cost Estimators,"Prepare estimates used by management for purposes such as planning, organizing, and scheduling work.",100_a,2025-05-10,3.0,1.0,2.0,3.0,2.0,3.0
21447,Compliance Officers,"Evaluate applications, records, or documents to gather information about eligibility or liability issues.",100_a,2025-05-10,2.0,3.0,4.0,4.0,4.0,4.0
18049,Regulatory Affairs Specialists,Interpret regulatory rules or rule changes and ensure that they are communicated through corporate policies and procedures.,100_a,2025-05-10,2.0,3.0,2.0,4.0,3.0,3.0
1152,"Purchasing Agents, Except Wholesale, Retail, and Farm Products","Review catalogs, industry periodicals, directories, trade journals, and Internet sites and consult with other department personnel to locate necessary goods and services.",100_a,2025-05-10,3.0,1.0,2.0,3.0,2.0,2.0
15607,Clinical Research Coordinators,Communicate with laboratories or investigators regarding laboratory findings.,100_a,2025-05-10,2.0,4.0,2.0,4.0,3.0,4.0
18022,Regulatory Affairs Managers,"Direct the preparation and submission of regulatory agency applications, reports, or correspondence.",100_a,2025-05-10,3.0,2.0,2.0,4.0,2.0,3.0
18053,Regulatory Affairs Specialists,Compile and maintain regulatory documentation databases or systems.,100_a,2025-05-10,4.0,1.0,2.0,3.0,1.0,2.0
15593,Clinical Research Coordinators,"Review proposed study protocols to evaluate factors such as sample collection processes, data management plans, or potential subject risks.",100_a,2025-05-10,2.0,1.0,3.0,4.0,1.0,3.0
57,Medical and Health Services Managers,"Prepare activity reports to inform management of the status and implementation plans of programs, services, and quality initiatives.",100_a,2025-05-10,2.0,2.0,3.0,3.0,2.0,3.0
1148,"Purchasing Agents, Except Wholesale, Retail, and Farm Products","Monitor shipments to ensure that goods come in on time, and resolve problems related to undelivered goods.",100_a,2025-05-10,4.0,1.0,2.0,1.0,1.0,2.0
21449,Compliance Officers,"Prepare reports of activities, evaluations, recommendations, or decisions.",100_a,2025-05-10,3.0,2.0,3.0,4.0,2.0,3.0
15590,Clinical Research Coordinators,Contact industry representatives to ensure equipment and software specifications necessary for successful study completion.,100_a,2025-05-10,2.0,3.0,2.0,4.0,3.0,3.0
21094,Regulatory Affairs Specialists,"Identify relevant guidance documents, international standards, or consensus standards.",100_a,2025-05-10,2.0,1.0,2.0,4.0,1.0,2.0
15600,Clinical Research Coordinators,Maintain contact with sponsors to schedule and coordinate site visits or to answer questions about issues such as incomplete data.,100_a,2025-05-10,2.0,4.0,2.0,4.0,4.0,4.0
21450,Compliance Officers,Report law or regulation violations to appropriate boards or agencies.,100_a,2025-05-10,1.0,4.0,3.0,4.0,4.0,4.0
1143,"Purchasing Agents, Except Wholesale, Retail, and Farm Products","Prepare purchase orders, solicit bid proposals, and review requisitions for goods and services.",100_a,2025-05-10,2.0,3.0,2.0,4.0,2.0,3.0
16788,Bioinformatics Scientists,Create or modify web-based bioinformatics tools.,250,2025-05-10,4.0,2.0,2.0,3.0,2.0,3.0
7548,Survey Researchers,"Review, classify, and record survey data in preparation for computer analysis.",250,2025-05-10,2.0,3.0,3.0,3.0,3.0,3.0
18295,Precision Agriculture Technicians,Document and maintain records of precision agriculture information.,250,2025-05-10,3.0,3.0,3.0,4.0,2.0,4.0
7549,Survey Researchers,Conduct research to gather information about survey topics.,250,2025-05-10,3.0,2.0,4.0,4.0,4.0,3.0
20525,Urban and Regional Planners,Investigate property availability for purposes of development.,250,2025-05-10,2.0,4.0,4.0,3.0,4.0,4.0
16808,Molecular and Cellular Biologists,Instruct undergraduate and graduate students within the areas of cellular or molecular biology.,250,2025-05-10,3.0,4.0,2.0,4.0,4.0,2.0
16814,Molecular and Cellular Biologists,Compile and analyze molecular or cellular experimental data and adjust experimental designs as necessary.,250,2025-05-10,2.0,4.0,4.0,4.0,1.0,4.0
7547,Survey Researchers,"Analyze data from surveys, old records, or case studies, using statistical software.",250,2025-05-10,4.0,1.0,2.0,3.0,2.0,2.0
16790,Bioinformatics Scientists,Create novel computational approaches and analytical tools as required by research goals.,250,2025-05-10,2.0,1.0,4.0,5.0,4.0,4.0
7555,Survey Researchers,"Determine and specify details of survey projects, including sources of information, procedures to be used, and the design of survey instruments and materials.",250,2025-05-10,2.0,1.0,3.0,4.0,4.0,4.0
20976,Transportation Planners,"Interpret data from traffic modeling software, geographic information systems, or associated databases.",250,2025-05-10,2.0,2.0,4.0,4.0,3.0,3.0
18296,Precision Agriculture Technicians,"Draw or read maps, such as soil, contour, or plat maps.",250,2025-05-10,3.0,1.0,3.0,4.0,2.0,2.0
18256,Remote Sensing Scientists and Technologists,"Analyze data acquired from aircraft, satellites, or ground-based platforms, using statistical analysis software, image analysis software, or Geographic Information Systems (GIS).",250,2025-05-10,4.0,1.0,4.0,4.0,2.0,2.0
232,Urban and Regional Planners,Review and evaluate environmental impact reports pertaining to private or public planning projects or programs.,250,2025-05-11,3.0,1.0,3.0,4.0,2.0,3.0
12963,Social Science Research Assistants,Design and create special programs for tasks such as statistical analysis and data entry and cleaning.,250,2025-05-11,3.0,1.0,3.0,4.0,3.0,3.0
12955,Social Science Research Assistants,"Perform descriptive and multivariate statistical analyses of data, using computer software.",250,2025-05-11,4.0,1.0,3.0,4.0,1.0,2.0
16791,Bioinformatics Scientists,"Compile data for use in activities, such as gene expression profiling, genome annotation, or structural bioinformatics.",250,2025-05-11,4.0,1.0,3.0,4.0,1.0,2.0
229,Urban and Regional Planners,"Keep informed about economic or legal issues involved in zoning codes, building codes, or environmental regulations.",250,2025-05-11,4.0,1.0,3.0,3.0,4.0,2.0
16952,Transportation Planners,"Recommend transportation system improvements or projects, based on economic, population, land-use, or traffic projections.",250,2025-05-11,2.0,1.0,5.0,4.0,4.0,4.0
23905,Molecular and Cellular Biologists,"Prepare or review reports, manuscripts, or meeting presentations.",250,2025-05-11,4.0,1.0,2.0,2.0,2.0,2.0
7554,Survey Researchers,"Produce documentation of the questionnaire development process, data collection methods, sampling designs, and decisions related to sample statistical weighting.",250,2025-05-11,3.0,1.0,4.0,4.0,3.0,3.0
18261,Remote Sensing Scientists and Technologists,Process aerial or satellite imagery to create products such as land cover maps.,250,2025-05-11,3.0,1.0,3.0,4.0,1.0,3.0
1764,Public Relations Specialists,Respond to requests for information from the media or designate an appropriate spokesperson or information source.,400,2025-05-11,2.0,1.0,4.0,2.0,4.0,4.0
1776,Editors,"Prepare, rewrite and edit copy to improve readability, or supervise others who do this work.",400,2025-05-11,2.0,1.0,4.0,3.0,4.0,4.0
3937,Broadcast Announcers and Radio Disc Jockeys,Record commercials for later broadcast.,400,2025-05-11,1.0,1.0,1.0,3.0,4.0,5.0
3905,Media Technical Directors/Managers,"Set up and execute video transitions and special effects, such as fades, dissolves, cuts, keys, and supers, using computers to manipulate pictures as necessary.",400,2025-05-11,1.0,3.0,2.0,4.0,4.0,4.0
20243,Technical Writers,Develop or maintain online help documentation.,400,2025-05-11,3.0,1.0,4.0,5.0,4.0,3.0
3894,Media Technical Directors/Managers,"Direct technical aspects of newscasts and other productions, checking and switching between video sources and taking responsibility for the on-air product, including camera shots and graphics.",400,2025-05-11,1.0,3.0,4.0,4.0,5.0,4.0
3967,Technical Writers,Maintain records and files of work and revisions.,400,2025-05-11,2.0,4.0,5.0,5.0,4.0,4.0
7559,Survey Researchers,Write training manuals to be used by survey interviewers.,250,2025-05-11,3.0,1.0,4.0,4.0,2.0,2.0
22636,"News Analysts, Reporters, and Journalists",Review and evaluate notes taken about news events to isolate pertinent facts and details.,400,2025-05-11,2.0,1.0,4.0,3.0,5.0,3.0
22623,"News Analysts, Reporters, and Journalists","Write commentaries, columns, or scripts, using computers.",400,2025-05-11,1.0,1.0,3.0,4.0,5.0,3.0
3928,Broadcast Announcers and Radio Disc Jockeys,Study background information to prepare for programs or interviews.,400,2025-05-11,1.0,1.0,2.0,4.0,4.0,4.0
1769,Public Relations Specialists,"Study the objectives, promotional policies, or needs of organizations to develop public relations strategies that will influence public opinion or promote ideas, products, or services.",400,2025-05-11,1.0,1.0,4.0,4.0,4.0,4.0
22650,"News Analysts, Reporters, and Journalists","Write online blog entries that address news developments or offer additional information, opinions, or commentary on news events.",400,2025-05-11,1.0,1.0,4.0,2.0,4.0,4.0
22631,"News Analysts, Reporters, and Journalists","Select material most pertinent to presentation, and organize this material into appropriate formats.",400,2025-05-11,1.0,1.0,4.0,4.0,5.0,4.0
1777,Editors,"Read copy or proof to detect and correct errors in spelling, punctuation, and syntax.",400,2025-05-11,2.0,1.0,3.0,4.0,4.0,4.0
3966,Technical Writers,"Organize material and complete writing assignment according to set standards regarding order, clarity, conciseness, style, and terminology.",400,2025-05-11,1.0,1.0,4.0,4.0,5.0,4.0
1787,Editors,"Monitor news-gathering operations to ensure utilization of all news sources, such as press releases, telephone contacts, radio, television, wire services, and other reporters.",400,2025-05-11,1.0,1.0,3.0,3.0,4.0,4.0
3968,Technical Writers,"Edit, standardize, or make changes to material prepared by other writers or establishment personnel.",400,2025-05-11,2.0,1.0,3.0,3.0,4.0,3.0
22628,"News Analysts, Reporters, and Journalists",Research a story's background information to provide complete and accurate information.,400,2025-05-11,2.0,1.0,3.0,3.0,4.0,2.0
22648,"News Analysts, Reporters, and Journalists","Develop ideas or material for columns or commentaries by analyzing and interpreting news, current issues, or personal experiences.",400,2025-05-11,3.0,1.0,3.0,3.0,1.0,2.0
3936,Broadcast Announcers and Radio Disc Jockeys,"Keep daily program logs to provide information on all elements aired during broadcast, such as musical selections and station promotions.",400,2025-05-11,4.0,1.0,1.0,3.0,1.0,2.0
3900,Media Technical Directors/Managers,Schedule use of studio and editing facilities for producers and engineering and maintenance staff.,400,2025-05-11,1.0,1.0,2.0,1.0,4.0,4.0
1781,Editors,Review and approve proofs submitted by composing room prior to publication production.,400,2025-05-11,2.0,1.0,3.0,4.0,4.0,5.0
3971,Technical Writers,"Select photographs, drawings, sketches, diagrams, and charts to illustrate material.",400,2025-05-11,3.0,1.0,4.0,3.0,3.0,2.0
20888,Broadcast Announcers and Radio Disc Jockeys,Develop story lines for broadcasts.,400,2025-05-11,2.0,1.0,5.0,4.0,4.0,5.0
22640,"News Analysts, Reporters, and Journalists","Determine a published or broadcasted story's emphasis, length, and format, organizing material accordingly.",400,2025-05-11,3.0,1.0,3.0,4.0,2.0,4.0
3976,Technical Writers,Assist in laying out material for publication.,400,2025-05-11,3.0,1.0,1.0,4.0,3.0,2.0
20890,Broadcast Announcers and Radio Disc Jockeys,Maintain organization of the music library.,400,2025-05-11,4.0,1.0,3.0,2.0,2.0,4.0
23951,Public Relations Specialists,Post and update content on the company's Web site and social media outlets.,400,2025-05-11,5.0,1.0,1.0,1.0,1.0,1.0
20887,Broadcast Announcers and Radio Disc Jockeys,"Identify stations, and introduce or close shows, ad-libbing or using memorized or read scripts.",400,2025-05-11,1.0,3.0,1.0,4.0,3.0,5.0
1782,Editors,"Develop story or content ideas, considering reader or audience appeal.",400,2025-05-11,2.0,1.0,4.0,4.0,4.0,4.0
22649,"News Analysts, Reporters, and Journalists","Communicate with readers, viewers, advertisers, or the general public via mail, email, or telephone.",400,2025-05-11,3.0,1.0,2.0,4.0,5.0,2.0
1779,Editors,"Plan the contents of publications according to the publication's style, editorial policy, and publishing requirements.",400,2025-05-11,3.0,1.0,4.0,4.0,3.0,1.0
18260,Remote Sensing Scientists and Technologists,Organize and maintain geospatial data and associated documentation.,250,2025-05-11,4.0,1.0,2.0,1.0,1.0,2.0
22642,"News Analysts, Reporters, and Journalists","Check reference materials, such as books, news files, or public records, to obtain relevant facts.",400,2025-05-11,3.0,2.0,1.0,2.0,1.0,1.0
22635,"News Analysts, Reporters, and Journalists",Revise work to meet editorial approval or to fit time or space requirements.,400,2025-05-11,2.0,1.0,4.0,3.0,5.0,4.0
1780,Editors,"Verify facts, dates, and statistics, using standard reference sources.",400,2025-05-11,4.0,1.0,2.0,4.0,3.0,2.0
1786,Editors,"Read, evaluate and edit manuscripts or other materials submitted for publication, and confer with authors regarding changes in content, style or organization, or publication.",400,2025-05-11,2.0,1.0,3.0,3.0,5.0,4.0
20554,Public Relations Specialists,Write press releases or other media communications to promote clients.,400,2025-05-11,4.0,1.0,4.0,2.0,4.0,3.0
1783,Editors,"Oversee publication production, including artwork, layout, computer typesetting, and printing, ensuring adherence to deadlines and budget requirements.",400,2025-05-11,1.0,1.0,3.0,3.0,5.0,4.0
3934,Broadcast Announcers and Radio Disc Jockeys,Operate control consoles.,400,2025-05-11,1.0,1.0,1.0,4.0,3.0,5.0
22626,"News Analysts, Reporters, and Journalists",Analyze and interpret news and information received from various sources to broadcast the information.,400,2025-05-11,4.0,1.0,3.0,4.0,2.0,2.0
1785,Editors,"Assign topics, events and stories to individual writers or reporters for coverage.",400,2025-05-11,2.0,1.0,4.0,4.0,4.0,3.0
1790,Editors,Make manuscript acceptance or revision recommendations to the publisher.,400,2025-05-11,4.0,1.0,2.0,4.0,3.0,4.0
22641,"News Analysts, Reporters, and Journalists","Transmit news stories or reporting information from remote locations, using equipment such as satellite phones, telephones, fax machines, or modems.",400,2025-05-11,1.0,3.0,1.0,2.0,3.0,5.0
20557,Public Relations Specialists,"Prepare or edit organizational publications, such as employee newsletters or stockholders' reports, for internal or external audiences.",400,2025-05-11,4.0,1.0,2.0,1.0,2.0,4.0
3925,Broadcast Announcers and Radio Disc Jockeys,Read news flashes to inform audiences of important events.,400,2025-05-11,3.0,1.0,3.0,4.0,4.0,1.0
22638,"News Analysts, Reporters, and Journalists","Review written, audio, or video copy, and correct errors in content, grammar, or punctuation, following prescribed editorial style and formatting guidelines.",400,2025-05-11,5.0,1.0,3.0,2.0,2.0,1.0
1778,Editors,"Allocate print space for story text, photos, and illustrations according to space parameters and copy significance, using knowledge of layout principles.",400,2025-05-11,3.0,1.0,2.0,4.0,2.0,3.0
22625,"News Analysts, Reporters, and Journalists","Examine news items of local, national, and international significance to determine topics to address, or obtain assignments from editorial staff members.",400,2025-05-11,3.0,1.0,4.0,4.0,5.0,4.0
1791,Editors,"Select local, state, national, and international news items received from wire services, based on assessment of items' significance and interest value.",400,2025-05-11,3.0,1.0,3.0,5.0,4.0,3.0
7557,Survey Researchers,Direct updates and changes in survey implementation and methods.,250,2025-05-11,2.0,1.0,3.0,4.0,4.0,4.0
15895,Logistics Analysts,Prepare reports on logistics performance measures.,150_a,2025-05-11,3.0,1.0,3.0,2.0,4.0,3.0
20475,Training and Development Specialists,"Obtain, organize, or develop training procedure manuals, guides, or course materials, such as handouts or visual materials.",150_a,2025-05-11,4.0,2.0,2.0,3.0,1.0,2.0
15902,Logistics Analysts,"Compute reporting metrics, such as on-time delivery rates, order fulfillment rates, or inventory turns.",150_a,2025-05-11,4.0,1.0,3.0,2.0,2.0,3.0
1313,Database Administrators,"Write and code logical and physical database descriptions and specify identifiers of database to management system, or direct others in coding descriptions.",300_b,2025-05-11,4.0,1.0,2.0,2.0,1.0,2.0
15894,Logistics Analysts,"Provide ongoing analyses in areas such as transportation costs, parts procurement, back orders, or delivery processes.",150_a,2025-05-11,1.0,1.0,2.0,4.0,3.0,2.0
18908,Fundraisers,"Design or produce materials such as posters, Web sites, or newsletters to promote, market, or advertise fundraising events.",150_a,2025-05-11,4.0,1.0,1.0,2.0,2.0,4.0
18911,Fundraisers,"Develop or implement fundraising activities, such as annual giving campaigns or direct mail programs.",150_a,2025-05-11,3.0,1.0,1.0,1.0,4.0,2.0
18876,Human Resources Specialists,"Review and evaluate applicant qualifications or eligibility for specified licensing, according to established guidelines and designated licensing codes.",150_a,2025-05-11,2.0,1.0,3.0,4.0,4.0,3.0
15898,Logistics Analysts,Maintain databases of logistics information.,150_a,2025-05-11,4.0,1.0,1.0,4.0,2.0,3.0
18932,Fundraisers,Write reports or prepare presentations to communicate fundraising program data.,150_a,2025-05-11,2.0,1.0,1.0,4.0,4.0,2.0
18860,Human Resources Specialists,"Inform job applicants of details such as duties and responsibilities, compensation, benefits, schedules, working conditions, or promotion opportunities.",150_a,2025-05-11,2.0,1.0,1.0,3.0,5.0,1.0
19001,Computer Network Support Specialists,"Test computer software or hardware, using standard diagnostic testing equipment and procedures.",300_b,2025-05-11,4.0,2.0,1.0,1.0,1.0,2.0
101,Training and Development Specialists,"Evaluate training materials prepared by instructors, such as outlines, text, or handouts.",150_a,2025-05-11,3.0,1.0,2.0,4.0,5.0,1.0
87,Cost Estimators,Prepare cost and expenditure statements and other necessary documentation at regular intervals for the duration of the project.,150_a,2025-05-11,2.0,1.0,1.0,3.0,2.0,4.0
15897,Logistics Analysts,"Monitor inventory transactions at warehouse facilities to assess receiving, storage, shipping, or inventory integrity.",150_a,2025-05-11,2.0,3.0,2.0,4.0,2.0,4.0
15889,Logistics Analysts,"Communicate with or monitor service providers, such as ocean carriers, air freight forwarders, global consolidators, customs brokers, or trucking companies.",150_a,2025-05-11,1.0,1.0,2.0,4.0,5.0,4.0
20009,Logistics Analysts,"Remotely monitor the flow of vehicles or inventory, using Web-based logistics information systems to track vehicles or containers.",150_a,2025-05-11,2.0,1.0,1.0,4.0,2.0,2.0
14636,Computer and Information Research Scientists,"Approve, prepare, monitor, and adjust operational budgets.",300_b,2025-05-11,5.0,1.0,2.0,1.0,1.0,1.0
98,Training and Development Specialists,"Monitor, evaluate, or record training activities or program effectiveness.",150_a,2025-05-11,3.0,1.0,1.0,3.0,4.0,1.0
18926,Fundraisers,"Conduct research to identify the goals, net worth, charitable donation history, or other data related to potential donors, potential investors, or general donor markets.",150_a,2025-05-11,2.0,1.0,2.0,4.0,2.0,2.0
1279,Computer Programmers,"Assign, coordinate, and review work and activities of programming personnel.",300_b,2025-05-11,2.0,1.0,2.0,2.0,3.0,3.0
14626,Computer and Information Research Scientists,"Apply theoretical expertise and innovation to create or apply new technology, such as adapting principles for applying computers to new uses.",300_b,2025-05-11,2.0,2.0,1.0,3.0,3.0,5.0
18100,Health Informatics Specialists,"Develop strategies, policies or procedures for introducing, evaluating, or modifying information technology applied to nursing practice, administration, education, or research.",300_b,2025-05-11,2.0,3.0,2.0,3.0,4.0,4.0
16108,Database Architects,"Develop data models for applications, metadata tables, views or related database structures.",300_b,2025-05-11,5.0,1.0,1.0,1.0,1.0,1.0
16128,Data Warehousing Specialists,Design and implement warehouse database structures.,300_b,2025-05-11,5.0,1.0,2.0,1.0,1.0,1.0
18868,Human Resources Specialists,Review employment applications and job orders to match applicants with job requirements.,150_a,2025-05-11,5.0,1.0,2.0,2.0,1.0,1.0
15885,Logistics Analysts,Determine packaging requirements.,150_a,2025-05-11,4.0,1.0,1.0,3.0,2.0,1.0
18912,Fundraisers,Develop strategies to encourage new or increased contributions.,150_a,2025-05-11,1.0,1.0,3.0,4.0,5.0,2.0
14638,Software Quality Assurance Analysts and Testers,"Design test plans, scenarios, scripts, or procedures.",300_b,2025-05-11,3.0,1.0,3.0,3.0,2.0,3.0
18924,Fundraisers,"Write speeches, press releases, or other promotional materials to increase awareness of the causes, missions, or goals of organizations seeking funds.",150_a,2025-05-11,3.0,1.0,3.0,3.0,4.0,2.0
15905,Logistics Analysts,"Analyze logistics data, using methods such as data mining, data modeling, or cost or benefit analysis.",150_a,2025-05-11,3.0,1.0,1.0,4.0,2.0,2.0
19011,Computer Network Support Specialists,Research hardware or software products to meet technical networking or security needs.,300_b,2025-05-11,3.0,2.0,2.0,3.0,3.0,3.0
18859,Human Resources Specialists,Hire employees and process hiring-related paperwork.,150_a,2025-05-11,3.0,1.0,1.0,3.0,5.0,2.0
18857,Human Resources Specialists,Contact job applicants to inform them of the status of their applications.,150_a,2025-05-11,2.0,1.0,1.0,2.0,5.0,2.0
20474,Training and Development Specialists,"Design, plan, organize, or direct orientation and training programs for employees or customers.",150_a,2025-05-11,3.0,1.0,2.0,1.0,3.0,3.0
16121,Data Warehousing Specialists,"Verify the structure, accuracy, or quality of warehouse data.",300_b,2025-05-11,4.0,1.0,2.0,2.0,1.0,2.0
15904,Logistics Analysts,"Apply analytic methods or tools to understand, predict, or control logistics operations or processes.",150_a,2025-05-11,4.0,1.0,2.0,4.0,2.0,2.0
15883,Logistics Analysts,Enter logistics-related data into databases.,150_a,2025-05-11,4.0,1.0,3.0,1.0,1.0,1.0
19009,Computer Network Support Specialists,"Monitor industry Web sites or publications for information about patches, releases, viruses, or potential problem identification.",300_b,2025-05-11,4.0,1.0,2.0,2.0,2.0,2.0
20476,Training and Development Specialists,Monitor training costs and prepare budget reports to justify expenditures.,150_a,2025-05-11,3.0,1.0,1.0,4.0,2.0,1.0
15206,Network and Computer Systems Administrators,"Configure, monitor, and maintain email applications or virus protection software.",300_b,2025-05-11,5.0,1.0,1.0,1.0,1.0,1.0
16130,Data Warehousing Specialists,"Create plans, test files, and scripts for data warehouse testing, ranging from unit to integration testing.",300_b,2025-05-11,4.0,1.0,2.0,2.0,1.0,2.0
1323,Network and Computer Systems Administrators,"Recommend changes to improve systems and network configurations, and determine hardware or software requirements related to such changes.",300_b,2025-05-11,3.0,1.0,2.0,2.0,3.0,3.0
16124,Data Warehousing Specialists,"Map data between source systems, data warehouses, and data marts.",300_b,2025-05-11,5.0,1.0,2.0,1.0,1.0,1.0
1283,Computer User Support Specialists,Enter commands and observe system functioning to verify correct operations and detect errors.,300_b,2025-05-11,5.0,1.0,1.0,1.0,1.0,1.0
1300,Database Administrators,"Test programs or databases, correct errors, and make necessary modifications.",300_b,2025-05-11,5.0,1.0,1.0,1.0,1.0,1.0
1319,Network and Computer Systems Administrators,"Plan, coordinate, and implement network security measures to protect data, software, and hardware.",300_b,2025-05-11,4.0,1.0,3.0,1.0,1.0,2.0
20979,Transportation Planners,Prepare necessary documents to obtain planned project approvals or permits.,250,2025-05-11,4.0,1.0,3.0,3.0,2.0,3.0
22112,Surveying and Mapping Technicians,Compare survey computations with applicable standards to determine adequacy of data.,250,2025-05-11,3.0,1.0,4.0,4.0,2.0,3.0
22113,Surveying and Mapping Technicians,"Analyze aerial photographs to detect and interpret significant military, industrial, resource, or topographical data.",250,2025-05-11,3.0,1.0,3.0,4.0,1.0,3.0
16809,Molecular and Cellular Biologists,Evaluate new technologies to enhance or complement current research.,250,2025-05-11,2.0,1.0,4.0,5.0,3.0,5.0
225,Urban and Regional Planners,"Create, prepare, or requisition graphic or narrative reports on land use data, including land area maps overlaid with geographic variables, such as population density.",250,2025-05-11,3.0,1.0,4.0,4.0,2.0,3.0
16943,Transportation Planners,Prepare reports or recommendations on transportation planning.,250,2025-05-11,4.0,1.0,4.0,4.0,3.0,2.0
15893,Logistics Analysts,Recommend improvements to existing or planned logistics processes.,150_a,2025-05-11,4.0,1.0,1.0,3.0,1.0,2.0
22114,Surveying and Mapping Technicians,"Research and combine existing property information to describe property boundaries in relation to adjacent properties, taking into account parcel splits, combinations, or land boundary adjustments.",250,2025-05-11,2.0,1.0,5.0,5.0,2.0,5.0
20011,Logistics Analysts,"Route or reroute drivers in real time with remote route navigation software, satellite linkup systems, or global positioning systems (GPS) to improve operational efficiencies.",150_a,2025-05-11,4.0,1.0,2.0,3.0,1.0,2.0
18853,Human Resources Specialists,Analyze employment-related data and prepare required reports.,150_a,2025-05-11,3.0,1.0,2.0,3.0,1.0,2.0
16786,Bioinformatics Scientists,Develop new software applications or customize existing applications to meet specific scientific project needs.,250,2025-05-11,4.0,1.0,3.0,4.0,3.0,3.0
18866,Human Resources Specialists,"Prepare or maintain employment records related to events, such as hiring, termination, leaves, transfers, or promotions, using human resources management system software.",150_a,2025-05-11,4.0,1.0,3.0,2.0,1.0,2.0
18931,Fundraisers,Write and send letters of thanks to donors.,150_a,2025-05-11,5.0,1.0,1.0,2.0,1.0,1.0
5322,Information Security Analysts,"Document computer security and emergency measures policies, procedures, and tests.",300_b,2025-05-11,3.0,1.0,3.0,3.0,2.0,3.0
5319,Information Security Analysts,Monitor use of data files and regulate access to safeguard information in computer files.,300_b,2025-05-11,3.0,1.0,2.0,3.0,2.0,4.0
1301,Database Administrators,"Plan, coordinate, and implement security measures to safeguard information in computer files against accidental or unauthorized damage, modification or disclosure.",300_b,2025-05-11,2.0,1.0,3.0,4.0,2.0,4.0
18095,Health Informatics Specialists,"Analyze computer and information technologies to determine applicability to nursing practice, education, administration, and research.",300_b,2025-05-11,3.0,1.0,2.0,4.0,2.0,3.0
18992,Computer Network Support Specialists,Configure wide area network (WAN) or local area network (LAN) routers or related equipment.,300_b,2025-05-11,2.0,2.0,3.0,4.0,1.0,4.0
16111,Database Architects,"Demonstrate database technical functionality, such as performance, security and reliability.",300_b,2025-05-11,2.0,1.0,3.0,4.0,2.0,4.0
14653,Software Quality Assurance Analysts and Testers,Provide feedback and recommendations to developers on software usability and functionality.,300_b,2025-05-11,3.0,1.0,4.0,4.0,3.0,3.0
19002,Computer Network Support Specialists,Troubleshoot network or connectivity problems for users or user groups.,300_b,2025-05-11,3.0,2.0,4.0,4.0,2.0,4.0
22115,Surveying and Mapping Technicians,"Calculate latitudes, longitudes, angles, areas, or other information for mapmaking, using survey field notes or reference tables.",250,2025-05-11,4.0,1.0,2.0,4.0,2.0,2.0
14642,Software Quality Assurance Analysts and Testers,"Identify, analyze, and document problems with program function, output, online screen, or content.",300_b,2025-05-11,2.0,1.0,3.0,3.0,3.0,3.0
16132,Data Warehousing Specialists,"Develop data warehouse process models, including sourcing, loading, transformation, and extraction.",300_b,2025-05-11,3.0,1.0,3.0,4.0,1.0,4.0
5314,Information Security Analysts,"Develop plans to safeguard computer files against accidental or unauthorized modification, destruction, or disclosure and to meet emergency data processing needs.",300_b,2025-05-11,3.0,1.0,4.0,4.0,1.0,4.0
19777,Urban and Regional Planners,Evaluate proposals for infrastructure projects or other development for environmental impact or sustainability.,250,2025-05-11,3.0,1.0,3.0,4.0,2.0,3.0
11377,"Production, Planning, and Expediting Clerks","Compile and prepare documentation related to production sequences, transportation, personnel schedules, or purchase, maintenance, or repair orders.",600_a,2025-05-11,2.0,2.0,4.0,4.0,2.0,4.0
11371,"Production, Planning, and Expediting Clerks","Compile information, such as production rates and progress, materials inventories, materials used, or customer information, so that status reports can be completed.",600_a,2025-05-11,2.0,1.0,2.0,3.0,2.0,3.0
5503,Geographers,"Create and modify maps, graphs, or diagrams, using geographical information software and related equipment, and principles of cartography, such as coordinate systems, longitude, latitude, elevation, topography, and map scales.",250,2025-05-11,4.0,1.0,3.0,4.0,2.0,3.0
11367,"Production, Planning, and Expediting Clerks","Record production data, including volume produced, consumption of raw materials, or quality control measures.",600_a,2025-05-11,2.0,3.0,3.0,2.0,3.0,3.0
789,Medical Secretaries and Administrative Assistants,"Prepare correspondence or assist physicians or medical scientists with preparation of reports, speeches, articles, or conference proceedings.",600_a,2025-05-11,3.0,2.0,2.0,2.0,3.0,3.0
11373,"Production, Planning, and Expediting Clerks",Contact suppliers to verify shipment details.,600_a,2025-05-11,2.0,1.0,2.0,2.0,4.0,2.0
18293,Precision Agriculture Technicians,"Analyze remote sensing imagery to identify relationships between soil quality, crop canopy densities, light reflectance, and weather history.",250,2025-05-11,3.0,1.0,4.0,4.0,2.0,3.0
784,Medical Secretaries and Administrative Assistants,"Perform various clerical or administrative functions, such as ordering and maintaining an inventory of supplies.",600_a,2025-05-11,2.0,2.0,3.0,3.0,2.0,3.0
21107,Survey Researchers,Write proposals to win new projects.,250,2025-05-11,2.0,1.0,4.0,5.0,2.0,5.0
5505,Geographers,"Develop, operate, and maintain geographical information computer systems, including hardware, software, plotters, digitizers, printers, and video cameras.",250,2025-05-11,2.0,4.0,3.0,4.0,2.0,5.0
16783,Bioinformatics Scientists,Instruct others in the selection and use of bioinformatics tools.,250,2025-05-11,3.0,1.0,2.0,4.0,4.0,3.0
220,Urban and Regional Planners,"Design, promote, or administer government plans or policies affecting land use, zoning, public utilities, community facilities, housing, or transportation.",250,2025-05-11,3.0,1.0,5.0,4.0,3.0,4.0
18918,Fundraisers,"Monitor budgets, expense reports, or other financial data for fundraising organizations.",150_a,2025-05-11,3.0,3.0,2.0,3.0,3.0,3.0
15903,Logistics Analysts,"Interpret data on logistics elements, such as availability, maintainability, reliability, supply chain management, strategic sourcing or distribution, supplier management, or transportation.",150_a,2025-05-11,3.0,1.0,2.0,4.0,2.0,3.0
18869,Human Resources Specialists,"Schedule or administer skill, intelligence, psychological, or drug tests for current or prospective employees.",150_a,2025-05-11,3.0,3.0,1.0,2.0,3.0,3.0
15899,Logistics Analysts,Maintain logistics records in accordance with corporate policies.,150_a,2025-05-11,4.0,2.0,1.0,2.0,2.0,2.0
19559,Training and Development Specialists,"Evaluate modes of training delivery, such as in-person or virtual, to optimize training effectiveness, training costs, or environmental impacts.",150_a,2025-05-11,2.0,3.0,1.0,3.0,3.0,3.0
20854,"Energy Engineers, Except Wind and Solar",Identify and recommend energy savings strategies to achieve more energy-efficient operation.,jiaxin,2025-05-14,3.0,1.0,2.0,4.0,2.0,3.0
15886,Logistics Analysts,Develop or maintain freight rate databases for use by supply chain departments to determine the most economical modes of transportation.,150_a,2025-05-11,3.0,2.0,2.0,3.0,2.0,3.0
15890,Logistics Analysts,Track product flow from origin to final delivery.,150_a,2025-05-11,2.0,4.0,2.0,3.0,4.0,4.0
21097,Human Resources Specialists,Administer employee benefit plans.,150_a,2025-05-11,2.0,1.0,3.0,4.0,2.0,3.0
18865,Human Resources Specialists,"Perform searches for qualified job candidates, using sources such as computer databases, networking, Internet recruiting resources, media advertisements, job fairs, recruiting firms, or employee referrals.",150_a,2025-05-11,4.0,2.0,1.0,2.0,2.0,2.0
102,Training and Development Specialists,Develop alternative training methods if expected improvements are not seen.,150_a,2025-05-11,4.0,1.0,1.0,3.0,2.0,2.0
18855,Human Resources Specialists,Conduct reference or background checks on job applicants.,150_a,2025-05-11,3.0,2.0,3.0,2.0,2.0,3.0
18907,Fundraisers,Create or update donor databases.,150_a,2025-05-11,4.0,2.0,1.0,1.0,1.0,2.0
18919,Fundraisers,Monitor progress of fundraising drives.,150_a,2025-05-11,4.0,2.0,1.0,1.0,2.0,2.0
106,Training and Development Specialists,Devise programs to develop executive potential among employees in lower-level positions.,150_a,2025-05-11,2.0,2.0,1.0,4.0,2.0,3.0
774,Legal Secretaries and Administrative Assistants,"Complete various forms, such as accident reports, trial and courtroom requests, and applications for clients.",600_a,2025-05-11,3.0,2.0,2.0,2.0,4.0,2.0
11363,"Production, Planning, and Expediting Clerks","Review documents, such as production schedules, work orders, or staffing tables, to determine personnel or materials requirements or material priorities.",600_a,2025-05-11,2.0,1.0,3.0,3.0,2.0,4.0
20285,"Secretaries and Administrative Assistants, Except Legal, Medical, and Executive","Perform payroll functions, such as maintaining timekeeping information and processing and submitting payroll.",600_a,2025-05-11,2.0,2.0,2.0,3.0,2.0,3.0
21079,Legal Secretaries and Administrative Assistants,Make travel arrangements for attorneys.,600_a,2025-05-11,2.0,1.0,2.0,2.0,2.0,4.0
2806,"Secretaries and Administrative Assistants, Except Legal, Medical, and Executive","Provide services to customers, such as order placement or account information.",600_a,2025-05-11,2.0,1.0,2.0,2.0,4.0,3.0
788,Medical Secretaries and Administrative Assistants,Complete insurance or other claim forms.,600_a,2025-05-11,4.0,1.0,2.0,2.0,4.0,2.0
2795,"Secretaries and Administrative Assistants, Except Legal, Medical, and Executive",Complete forms in accordance with company procedures.,600_a,2025-05-11,2.0,2.0,3.0,3.0,3.0,4.0
2794,"Secretaries and Administrative Assistants, Except Legal, Medical, and Executive","Open, read, route, and distribute incoming mail or other materials and answer routine letters.",600_a,2025-05-11,2.0,3.0,2.0,2.0,3.0,4.0
787,Medical Secretaries and Administrative Assistants,"Perform bookkeeping duties, such as credits or collections, preparing and sending financial statements or bills, and keeping financial records.",600_a,2025-05-11,2.0,2.0,2.0,3.0,2.0,3.0
776,Medical Secretaries and Administrative Assistants,"Compile and record medical charts, reports, or correspondence, using typewriter or personal computer.",600_a,2025-05-11,4.0,1.0,2.0,2.0,2.0,2.0
20284,"Secretaries and Administrative Assistants, Except Legal, Medical, and Executive","Compose, type, and distribute meeting notes, routine correspondence, or reports, such as presentations or expense, statistical, or monthly reports.",600_a,2025-05-11,3.0,2.0,2.0,2.0,3.0,3.0
773,Legal Secretaries and Administrative Assistants,Submit articles and information from searches to attorneys for review and approval for use.,600_a,2025-05-11,3.0,1.0,2.0,2.0,3.0,3.0
2800,"Secretaries and Administrative Assistants, Except Legal, Medical, and Executive",Maintain scheduling and event calendars.,600_a,2025-05-11,3.0,1.0,2.0,2.0,4.0,3.0
11375,"Production, Planning, and Expediting Clerks","Plan production commitments or timetables for business units, specific programs, or jobs, using sales forecasts.",600_a,2025-05-11,2.0,1.0,3.0,2.0,3.0,3.0
11378,"Production, Planning, and Expediting Clerks","Provide documentation and information to account for delays, difficulties, or changes to cost estimates.",600_a,2025-05-11,3.0,2.0,4.0,3.0,2.0,3.0
2801,"Secretaries and Administrative Assistants, Except Legal, Medical, and Executive","Schedule and confirm appointments for clients, customers, or supervisors.",600_a,2025-05-11,2.0,1.0,3.0,1.0,3.0,3.0
18780,Legal Secretaries and Administrative Assistants,Prepare and distribute invoices to bill clients or pay account expenses.,600_a,2025-05-11,3.0,1.0,2.0,2.0,2.0,2.0
768,Legal Secretaries and Administrative Assistants,"Organize and maintain law libraries, documents, and case files.",600_a,2025-05-11,2.0,3.0,1.0,3.0,2.0,3.0
11368,"Production, Planning, and Expediting Clerks",Requisition and maintain inventories of materials or supplies necessary to meet production demands.,600_a,2025-05-11,2.0,2.0,2.0,2.0,2.0,3.0
783,Medical Secretaries and Administrative Assistants,"Transmit correspondence or medical records by mail, e-mail, or fax.",600_a,2025-05-11,3.0,2.0,1.0,1.0,2.0,2.0
2733,"Dispatchers, Except Police, Fire, and Ambulance","Advise personnel about traffic problems, such as construction areas, accidents, congestion, weather conditions, or other hazards.",600_a,2025-05-11,2.0,1.0,4.0,4.0,4.0,3.0
20280,"Secretaries and Administrative Assistants, Except Legal, Medical, and Executive","Use computers for various applications, such as database management or word processing.",600_a,2025-05-11,3.0,1.0,2.0,2.0,1.0,3.0
20286,"Secretaries and Administrative Assistants, Except Legal, Medical, and Executive","Collect and deposit money into accounts, disburse funds from cash accounts to pay bills or invoices, keep records of collections and disbursements, and ensure accounts are balanced.",600_a,2025-05-11,3.0,1.0,1.0,1.0,2.0,4.0
786,Medical Secretaries and Administrative Assistants,Transcribe recorded messages or practitioners' diagnoses or recommendations into patients' medical records.,600_a,2025-05-11,4.0,1.0,2.0,2.0,3.0,2.0
20281,"Secretaries and Administrative Assistants, Except Legal, Medical, and Executive","Create, maintain, and enter information into databases.",600_a,2025-05-11,4.0,1.0,1.0,1.0,2.0,2.0
11370,"Production, Planning, and Expediting Clerks",Distribute production schedules or work orders to departments.,600_a,2025-05-11,4.0,1.0,1.0,1.0,2.0,2.0
775,Medical Secretaries and Administrative Assistants,"Schedule and confirm patient diagnostic appointments, surgeries, or medical consultations.",600_a,2025-05-11,2.0,1.0,2.0,1.0,1.0,2.0
20282,"Secretaries and Administrative Assistants, Except Legal, Medical, and Executive","Set up and manage paper or electronic filing systems, recording information, updating paperwork, or maintaining documents, such as attendance records, correspondence, or other material.",600_a,2025-05-11,3.0,2.0,2.0,1.0,3.0,2.0
2793,"Secretaries and Administrative Assistants, Except Legal, Medical, and Executive",Locate and attach appropriate files to incoming correspondence requiring replies.,600_a,2025-05-11,3.0,2.0,2.0,1.0,1.0,2.0
11369,"Production, Planning, and Expediting Clerks","Calculate figures, such as required amounts of labor or materials, manufacturing costs, or wages, using pricing schedules, adding machines, calculators, or computers.",600_a,2025-05-11,2.0,1.0,4.0,2.0,2.0,3.0
2797,"Secretaries and Administrative Assistants, Except Legal, Medical, and Executive","Review work done by others to check for correct spelling and grammar, ensure that company format policies are followed, and recommend revisions.",600_a,2025-05-11,4.0,1.0,2.0,2.0,1.0,2.0
23334,Insurance Claims and Policy Processing Clerks,"Compose business correspondence for supervisors, managers, and professionals.",yijia2,2025-05-15,4.0,1.0,1.0,3.0,2.0,2.0
11376,"Production, Planning, and Expediting Clerks","Establish and prepare product construction directions and locations and information on required tools, materials, equipment, numbers of workers needed, and cost projections.",600_a,2025-05-11,3.0,1.0,4.0,4.0,2.0,4.0
778,Medical Secretaries and Administrative Assistants,"Receive and route messages or documents, such as laboratory results, to appropriate staff.",600_a,2025-05-11,3.0,1.0,1.0,2.0,1.0,2.0
782,Medical Secretaries and Administrative Assistants,"Operate office equipment, such as voice mail messaging systems, and use word processing, spreadsheet, or other software applications to prepare reports, invoices, financial statements, letters, case histories, or medical records.",600_a,2025-05-11,3.0,1.0,1.0,3.0,2.0,3.0
2809,"Secretaries and Administrative Assistants, Except Legal, Medical, and Executive",Establish work procedures or schedules and keep track of the daily work of clerical staff.,600_a,2025-05-11,3.0,1.0,2.0,2.0,2.0,3.0
766,Legal Secretaries and Administrative Assistants,Schedule and make appointments.,600_a,2025-05-11,2.0,2.0,3.0,2.0,3.0,3.0
781,Medical Secretaries and Administrative Assistants,"Maintain medical records, technical library, or correspondence files.",600_a,2025-05-11,3.0,2.0,1.0,2.0,1.0,2.0
20438,Medical Secretaries and Administrative Assistants,"Schedule tests or procedures for patients, such as lab work or x-rays, based on physician orders.",600_a,2025-05-11,4.0,1.0,1.0,1.0,2.0,2.0
771,Legal Secretaries and Administrative Assistants,Draft and type office memos.,600_a,2025-05-11,3.0,1.0,2.0,2.0,2.0,2.0
2805,"Secretaries and Administrative Assistants, Except Legal, Medical, and Executive","Conduct searches to find needed information, using such sources as the Internet.",600_a,2025-05-11,3.0,1.0,2.0,2.0,1.0,2.0
11374,"Production, Planning, and Expediting Clerks","Maintain files, such as maintenance records, bills of lading, or cost reports.",600_a,2025-05-11,3.0,1.0,2.0,2.0,1.0,2.0
21078,Legal Secretaries and Administrative Assistants,"Prepare, proofread, or process legal documents, such as summonses, subpoenas, complaints, appeals, motions, or pretrial agreements.",600_a,2025-05-11,3.0,1.0,2.0,2.0,1.0,3.0
23271,"Court, Municipal, and License Clerks",Issue public notification of all official activities or meetings.,yijia,2025-05-13,5.0,1.0,1.0,1.0,2.0,1.0
23275,"Court, Municipal, and License Clerks","Prepare and issue orders of the court, such as probation orders, release documentation, sentencing information, or summonses.",yijia,2025-05-13,4.0,1.0,2.0,1.0,1.0,2.0
19648,"Energy Engineers, Except Wind and Solar",Write or install energy management routines for building automation systems.,yijia,2025-05-13,3.0,1.0,2.0,4.0,1.0,2.0
23271,"Court, Municipal, and License Clerks",Issue public notification of all official activities or meetings.,jiaxin,2025-05-13,2.0,1.0,2.0,2.0,3.0,3.0
23275,"Court, Municipal, and License Clerks","Prepare and issue orders of the court, such as probation orders, release documentation, sentencing information, or summonses.",jiaxin,2025-05-13,2.0,2.0,3.0,3.0,2.0,4.0
19648,"Energy Engineers, Except Wind and Solar",Write or install energy management routines for building automation systems.,jiaxin,2025-05-13,2.0,2.0,4.0,4.0,1.0,4.0
20877,Lawyers,"Prepare, draft, and review legal documents, such as wills, deeds, patent applications, mortgages, leases, and contracts.",jiaxin,2025-05-14,3.0,1.0,2.0,3.0,2.0,2.0
7276,Management Analysts,Gather and organize information on problems or procedures.,jiaxin,2025-05-14,4.0,1.0,2.0,2.0,2.0,2.0
9741,"Eligibility Interviewers, Government Programs","Prepare applications and forms for applicants for such purposes as school enrollment, employment, and medical services.",jiaxin,2025-05-14,4.0,1.0,1.0,2.0,1.0,2.0
18156,"Energy Engineers, Except Wind and Solar",Monitor and analyze energy consumption.,jiaxin,2025-05-14,3.0,1.0,3.0,4.0,1.0,4.0
23272,"Court, Municipal, and License Clerks",Record and maintain all vital and fiscal records and accounts.,jiaxin,2025-05-14,3.0,1.0,2.0,2.0,1.0,3.0
23283,"Court, Municipal, and License Clerks","Perform general office duties, such as taking or transcribing dictation, typing or proofreading correspondence, distributing or filing official forms, or scheduling appointments.",jiaxin,2025-05-14,3.0,2.0,2.0,2.0,2.0,3.0
23290,"Court, Municipal, and License Clerks",Instruct parties about timing of court appearances.,jiaxin,2025-05-14,4.0,1.0,1.0,1.0,2.0,2.0
7285,Management Analysts,"Plan study of work problems and procedures, such as organizational change, communications, information flow, integrated production methods, inventory control, or cost analysis.",jiaxin,2025-05-14,3.0,1.0,2.0,3.0,1.0,3.0
7363,Tax Preparers,Furnish taxpayers with sufficient information and advice to ensure correct tax form completion.,jiaxin,2025-05-14,3.0,1.0,2.0,4.0,3.0,3.0
15884,Logistics Analysts,Develop or maintain payment systems to ensure accuracy of vendor payments.,jiaxin,2025-05-14,2.0,1.0,2.0,3.0,2.0,3.0
23269,"Court, Municipal, and License Clerks",Record and edit the minutes of meetings and distribute to appropriate officials or staff members.,jiaxin,2025-05-14,4.0,1.0,1.0,1.0,1.0,2.0
15887,Logistics Analysts,Contact potential vendors to determine material availability.,jiaxin,2025-05-14,4.0,1.0,2.0,2.0,3.0,2.0
23270,"Court, Municipal, and License Clerks","Question applicants to obtain required information, such as name, address, or age, and record data on prescribed forms.",jiaxin,2025-05-14,3.0,1.0,2.0,2.0,3.0,2.0
3775,Lawyers,"Analyze the probable outcomes of cases, using knowledge of legal precedents.",jiaxin,2025-05-14,4.0,1.0,3.0,4.0,1.0,3.0
3783,Lawyers,"Study Constitution, statutes, decisions, regulations, and ordinances of quasi-judicial bodies to determine ramifications for cases.",jiaxin,2025-05-14,4.0,1.0,2.0,4.0,1.0,3.0
9739,"Eligibility Interviewers, Government Programs","Keep records of assigned cases, and prepare required reports.",jiaxin,2025-05-14,4.0,2.0,2.0,2.0,1.0,2.0
23288,"Court, Municipal, and License Clerks","Answer inquiries from the general public regarding judicial procedures, court appearances, trial dates, adjournments, outstanding warrants, summonses, subpoenas, witness fees, or payment of fines.",jiaxin,2025-05-14,3.0,1.0,2.0,2.0,3.0,4.0
18157,"Energy Engineers, Except Wind and Solar",Promote awareness or use of alternative or renewable energy sources.,jiaxin,2025-05-14,3.0,2.0,2.0,3.0,4.0,4.0
23278,"Court, Municipal, and License Clerks","Record case dispositions, court orders, or arrangements made for payment of court fees.",jiaxin,2025-05-14,5.0,1.0,1.0,2.0,1.0,1.0
20861,"Energy Engineers, Except Wind and Solar",Prepare energy-related project reports or related documentation.,jiaxin,2025-05-14,4.0,1.0,1.0,2.0,1.0,2.0
9736,"Eligibility Interviewers, Government Programs","Compile, record, and evaluate personal and financial data to verify completeness and accuracy, and to determine eligibility status.",jiaxin,2025-05-14,3.0,1.0,2.0,4.0,1.0,4.0
23281,"Court, Municipal, and License Clerks",Prepare documents recording the outcomes of court proceedings.,jiaxin,2025-05-14,4.0,1.0,1.0,1.0,1.0,1.0
7282,Management Analysts,"Document findings of study and prepare recommendations for implementation of new systems, procedures, or organizational changes.",jiaxin,2025-05-14,3.0,1.0,1.0,3.0,1.0,3.0
23274,"Court, Municipal, and License Clerks",Prepare meeting agendas or packets of related information.,jiaxin,2025-05-14,4.0,1.0,1.0,1.0,2.0,1.0
9735,"Eligibility Interviewers, Government Programs","Initiate procedures to grant, modify, deny, or terminate assistance, or refer applicants to other agencies for assistance.",jiaxin,2025-05-14,4.0,1.0,2.0,1.0,2.0,2.0
23273,"Court, Municipal, and License Clerks","Answer questions or provide advice to the public regarding licensing policies, procedures, or regulations.",jiaxin,2025-05-14,2.0,1.0,2.0,3.0,3.0,4.0
7277,Management Analysts,Analyze data gathered and develop solutions or alternative methods of proceeding.,jiaxin,2025-05-14,4.0,1.0,2.0,1.0,1.0,2.0
20858,"Energy Engineers, Except Wind and Solar",Verify energy bills and meter readings.,jiaxin,2025-05-14,3.0,2.0,2.0,2.0,1.0,3.0
20877,Lawyers,"Prepare, draft, and review legal documents, such as wills, deeds, patent applications, mortgages, leases, and contracts.",yijia,2025-05-14,4.0,1.0,2.0,2.0,1.0,2.0
7276,Management Analysts,Gather and organize information on problems or procedures.,yijia,2025-05-14,5.0,1.0,1.0,2.0,1.0,1.0
9741,"Eligibility Interviewers, Government Programs","Prepare applications and forms for applicants for such purposes as school enrollment, employment, and medical services.",yijia,2025-05-14,5.0,1.0,1.0,1.0,1.0,1.0
18156,"Energy Engineers, Except Wind and Solar",Monitor and analyze energy consumption.,yijia,2025-05-14,3.0,1.0,2.0,4.0,1.0,3.0
23272,"Court, Municipal, and License Clerks",Record and maintain all vital and fiscal records and accounts.,yijia,2025-05-14,5.0,1.0,1.0,1.0,1.0,1.0
23283,"Court, Municipal, and License Clerks","Perform general office duties, such as taking or transcribing dictation, typing or proofreading correspondence, distributing or filing official forms, or scheduling appointments.",yijia,2025-05-14,4.0,1.0,1.0,1.0,2.0,2.0
23290,"Court, Municipal, and License Clerks",Instruct parties about timing of court appearances.,yijia,2025-05-14,5.0,1.0,1.0,1.0,2.0,1.0
7285,Management Analysts,"Plan study of work problems and procedures, such as organizational change, communications, information flow, integrated production methods, inventory control, or cost analysis.",yijia,2025-05-14,4.0,1.0,1.0,3.0,1.0,2.0
7363,Tax Preparers,Furnish taxpayers with sufficient information and advice to ensure correct tax form completion.,yijia,2025-05-14,4.0,1.0,1.0,2.0,1.0,2.0
15884,Logistics Analysts,Develop or maintain payment systems to ensure accuracy of vendor payments.,yijia,2025-05-14,3.0,1.0,3.0,2.0,1.0,3.0
23269,"Court, Municipal, and License Clerks",Record and edit the minutes of meetings and distribute to appropriate officials or staff members.,yijia,2025-05-14,5.0,1.0,1.0,1.0,1.0,1.0
15887,Logistics Analysts,Contact potential vendors to determine material availability.,yijia,2025-05-14,4.0,1.0,1.0,2.0,3.0,2.0
23270,"Court, Municipal, and License Clerks","Question applicants to obtain required information, such as name, address, or age, and record data on prescribed forms.",yijia,2025-05-14,5.0,1.0,1.0,1.0,2.0,1.0
3775,Lawyers,"Analyze the probable outcomes of cases, using knowledge of legal precedents.",yijia,2025-05-14,4.0,1.0,1.0,3.0,1.0,2.0
3783,Lawyers,"Study Constitution, statutes, decisions, regulations, and ordinances of quasi-judicial bodies to determine ramifications for cases.",yijia,2025-05-14,4.0,1.0,1.0,3.0,1.0,2.0
9739,"Eligibility Interviewers, Government Programs","Keep records of assigned cases, and prepare required reports.",yijia,2025-05-14,4.0,1.0,2.0,2.0,2.0,2.0
23288,"Court, Municipal, and License Clerks","Answer inquiries from the general public regarding judicial procedures, court appearances, trial dates, adjournments, outstanding warrants, summonses, subpoenas, witness fees, or payment of fines.",yijia,2025-05-14,4.0,1.0,1.0,2.0,3.0,2.0
18157,"Energy Engineers, Except Wind and Solar",Promote awareness or use of alternative or renewable energy sources.,yijia,2025-05-14,2.0,1.0,1.0,4.0,4.0,3.0
23278,"Court, Municipal, and License Clerks","Record case dispositions, court orders, or arrangements made for payment of court fees.",yijia,2025-05-14,3.0,1.0,3.0,1.0,2.0,2.0
20861,"Energy Engineers, Except Wind and Solar",Prepare energy-related project reports or related documentation.,yijia,2025-05-14,4.0,1.0,1.0,3.0,1.0,2.0
9736,"Eligibility Interviewers, Government Programs","Compile, record, and evaluate personal and financial data to verify completeness and accuracy, and to determine eligibility status.",yijia,2025-05-14,4.0,1.0,2.0,2.0,1.0,2.0
23281,"Court, Municipal, and License Clerks",Prepare documents recording the outcomes of court proceedings.,yijia,2025-05-14,5.0,1.0,1.0,2.0,1.0,1.0
20854,"Energy Engineers, Except Wind and Solar",Identify and recommend energy savings strategies to achieve more energy-efficient operation.,yijia,2025-05-14,2.0,1.0,2.0,4.0,1.0,4.0
7282,Management Analysts,"Document findings of study and prepare recommendations for implementation of new systems, procedures, or organizational changes.",yijia,2025-05-14,5.0,1.0,1.0,3.0,1.0,2.0
23274,"Court, Municipal, and License Clerks",Prepare meeting agendas or packets of related information.,yijia,2025-05-14,5.0,1.0,1.0,1.0,2.0,1.0
9735,"Eligibility Interviewers, Government Programs","Initiate procedures to grant, modify, deny, or terminate assistance, or refer applicants to other agencies for assistance.",yijia,2025-05-14,3.0,1.0,4.0,3.0,2.0,3.0
23273,"Court, Municipal, and License Clerks","Answer questions or provide advice to the public regarding licensing policies, procedures, or regulations.",yijia,2025-05-14,5.0,1.0,1.0,2.0,1.0,1.0
7277,Management Analysts,Analyze data gathered and develop solutions or alternative methods of proceeding.,yijia,2025-05-14,4.0,1.0,1.0,3.0,1.0,2.0
20858,"Energy Engineers, Except Wind and Solar",Verify energy bills and meter readings.,yijia,2025-05-14,4.0,1.0,3.0,1.0,1.0,2.0
2825,Desktop Publishers,Study layout or other design instructions to determine work to be done and sequence of operations.,yijia2,2025-05-15,4.0,1.0,2.0,2.0,1.0,2.0
21319,Financial Managers,Oversee the flow of cash or financial instruments.,yijia2,2025-05-15,3.0,1.0,3.0,1.0,1.0,2.0
2824,Desktop Publishers,"Prepare sample layouts for approval, using computer software.",yijia2,2025-05-15,2.0,1.0,1.0,2.0,1.0,4.0
2496,"Bookkeeping, Accounting, and Auditing Clerks",Reconcile or note and report discrepancies found in records.,yijia2,2025-05-15,5.0,1.0,1.0,1.0,1.0,1.0
21567,Appraisers and Assessors of Real Estate,Verify legal descriptions of properties by comparing them to county records.,yijia2,2025-05-15,5.0,1.0,1.0,1.0,1.0,1.0
2584,Customer Service Representatives,"Complete contract forms, prepare change of address records, or issue service discontinuance orders, using computers.",yijia2,2025-05-15,4.0,1.0,1.0,1.0,1.0,2.0
980,Computer and Information Systems Managers,Prepare and review operational reports or project progress reports.,yijia2,2025-05-15,3.0,1.0,3.0,3.0,3.0,3.0
2487,"Bookkeeping, Accounting, and Auditing Clerks","Operate computers programmed with accounting software to record, store, and analyze information.",yijia2,2025-05-15,4.0,1.0,1.0,1.0,1.0,2.0
971,Computer and Information Systems Managers,"Develop computer information resources, providing for data security and control, strategic computing, and disaster recovery.",yijia2,2025-05-15,2.0,2.0,3.0,4.0,1.0,3.0
21320,Financial Managers,"Prepare financial or regulatory reports required by laws, regulations, or boards of directors.",yijia2,2025-05-15,4.0,1.0,1.0,3.0,1.0,2.0
21314,Financial Managers,Prepare operational or risk reports for management analysis.,yijia2,2025-05-15,4.0,1.0,1.0,3.0,1.0,2.0
3234,Advertising and Promotions Managers,"Read trade journals and professional literature to stay informed on trends, innovations, and changes that affect media planning.",yijia2,2025-05-15,2.0,1.0,1.0,3.0,1.0,4.0
5163,Proofreaders and Copy Markers,"Route proofs with marked corrections to authors, editors, typists, or typesetters for correction or reprinting.",yijia2,2025-05-15,5.0,1.0,1.0,1.0,1.0,1.0
23325,Insurance Claims and Policy Processing Clerks,"Examine letters from policyholders or agents, original insurance applications, and other company documents to determine if changes are needed and effects of changes.",yijia2,2025-05-15,3.0,1.0,3.0,2.0,3.0,2.0
21315,Financial Managers,Evaluate data pertaining to costs to plan budgets.,yijia2,2025-05-15,4.0,1.0,2.0,2.0,1.0,2.0
970,Computer and Information Systems Managers,Stay abreast of advances in technology.,yijia2,2025-05-15,2.0,1.0,1.0,3.0,1.0,4.0
966,Computer and Information Systems Managers,"Manage backup, security and user help systems.",yijia2,2025-05-15,3.0,1.0,1.0,3.0,2.0,3.0
5158,Proofreaders and Copy Markers,"Correct or record omissions, errors, or inconsistencies found.",yijia2,2025-05-15,5.0,1.0,1.0,1.0,1.0,1.0
21329,Financial Managers,Review reports of securities transactions or price lists to analyze market conditions.,yijia2,2025-05-15,4.0,1.0,1.0,3.0,1.0,2.0
978,Computer and Information Systems Managers,Review project plans to plan and coordinate project activity.,yijia2,2025-05-15,2.0,1.0,3.0,3.0,4.0,4.0
4628,Telemarketers,Schedule appointments for sales representatives to meet with prospective customers or for customers to attend sales presentations.,yijia2,2025-05-15,3.0,1.0,1.0,1.0,5.0,2.0
2497,"Bookkeeping, Accounting, and Auditing Clerks","Perform financial calculations, such as amounts due, interest charges, balances, discounts, equity, and principal.",yijia2,2025-05-15,5.0,1.0,1.0,1.0,1.0,2.0
2516,Payroll and Timekeeping Clerks,"Compute wages and deductions, and enter data into computers.",yijia2,2025-05-15,5.0,1.0,1.0,1.0,1.0,1.0
3233,Advertising and Promotions Managers,Monitor and analyze sales promotion results to determine cost effectiveness of promotion campaigns.,yijia2,2025-05-15,4.0,1.0,1.0,3.0,1.0,2.0
21326,Financial Managers,Review collection reports to determine the status of collections and the amounts of outstanding balances.,yijia2,2025-05-15,5.0,1.0,2.0,1.0,1.0,1.0
21321,Financial Managers,Develop or analyze information to assess the current or future financial status of firms.,yijia2,2025-05-15,4.0,1.0,2.0,3.0,1.0,2.0
8870,Treasurers and Controllers,Evaluate needs for procurement of funds and investment of surpluses and make appropriate recommendations.,yijia2,2025-05-15,3.0,1.0,4.0,4.0,1.0,3.0
23324,Insurance Claims and Policy Processing Clerks,"Compare information from application to criteria for policy reinstatement, and approve reinstatement when criteria are met.",yijia2,2025-05-15,4.0,1.0,2.0,1.0,1.0,2.0
3243,Advertising and Promotions Managers,Contact organizations to explain services and facilities offered.,yijia2,2025-05-15,2.0,1.0,1.0,3.0,4.0,4.0
4620,Telemarketers,"Explain products or services and prices, and answer questions from customers.",yijia3,2025-05-15,3.0,1.0,1.0,1.0,4.0,2.0
18940,Credit Counselors,"Maintain or update records of client account activity, including financial transactions, counseling session notes, correspondence, document images, or client inquiries.",yijia3,2025-05-15,5.0,1.0,1.0,1.0,1.0,1.0
15598,Clinical Research Coordinators,Order drugs or devices necessary for study completion.,yijia3,2025-05-15,4.0,1.0,2.0,1.0,1.0,2.0
2591,Customer Service Representatives,"Recommend improvements in products, packaging, shipping, service, or billing methods and procedures to prevent future problems.",yijia3,2025-05-15,4.0,1.0,1.0,3.0,1.0,2.0
2589,Customer Service Representatives,Compare disputed merchandise with original requisitions and information from invoices and prepare invoices for returned goods.,yijia3,2025-05-15,4.0,1.0,1.0,1.0,1.0,2.0
739,Travel Agents,"Compute cost of travel and accommodations, using calculator, computer, carrier tariff books, and hotel rate books, or quote package tour's costs.",yijia3,2025-05-15,5.0,1.0,1.0,1.0,1.0,1.0
14681,Computer Systems Engineers/Architects,"Define and analyze objectives, scope, issues, or organizational impact of information systems.",yijia3,2025-05-15,2.0,1.0,3.0,4.0,3.0,3.0
16265,Biostatisticians,"Analyze clinical or survey data, using statistical approaches such as longitudinal analysis, mixed-effect modeling, logistic regression analyses, and model-building techniques.",yijia3,2025-05-15,4.0,1.0,1.0,4.0,1.0,2.0
11246,"Sales Representatives, Wholesale and Manufacturing, Technical and Scientific Products",Prepare sales presentations or proposals to explain product specifications or applications.,yijia3,2025-05-15,2.0,1.0,1.0,4.0,1.0,4.0
20488,"Architects, Except Landscape and Naval","Create three-dimensional or interactive representations of designs, using computer-assisted design software.",yijia3,2025-05-15,2.0,1.0,1.0,4.0,1.0,4.0
19053,Judicial Law Clerks,Review dockets of pending litigation to ensure adequate progress.,yijia3,2025-05-15,5.0,1.0,1.0,1.0,1.0,1.0
14633,Computer and Information Research Scientists,Design computers and the software that runs them.,yijia3,2025-05-15,3.0,1.0,2.0,5.0,1.0,3.0
17231,Radiologists,Participate in quality improvement activities including discussions of areas where risk of error is high.,yijia3,2025-05-15,2.0,1.0,2.0,5.0,3.0,3.0
18857,Human Resources Specialists,Contact job applicants to inform them of the status of their applications.,yijia3,2025-05-15,5.0,1.0,1.0,1.0,1.0,2.0
20184,Personal Financial Advisors,"Manage client portfolios, keeping client plans up-to-date.",yijia3,2025-05-15,5.0,1.0,1.0,1.0,1.0,2.0
16135,Business Intelligence Analysts,"Maintain library of model documents, templates, or other reusable knowledge assets.",yijia3,2025-05-15,4.0,1.0,1.0,2.0,1.0,2.0
737,Travel Agents,Collect payment for transportation and accommodations from customer.,yijia3,2025-05-15,5.0,1.0,1.0,1.0,1.0,2.0
2517,Payroll and Timekeeping Clerks,"Compile employee time, production, and payroll data from time sheets and other records.",yijia3,2025-05-15,4.0,1.0,1.0,1.0,1.0,2.0
743,Travel Agents,"Print or request transportation carrier tickets, using computer printer system or system link to travel carrier.",yijia3,2025-05-15,4.0,1.0,1.0,1.0,1.0,2.0
11245,"Sales Representatives, Wholesale and Manufacturing, Technical and Scientific Products","Collaborate with colleagues to exchange information, such as selling strategies or marketing information.",yijia3,2025-05-15,2.0,1.0,1.0,3.0,4.0,3.0
2587,Customer Service Representatives,Review insurance policy terms to determine whether a particular loss is covered by insurance.,yijia3,2025-05-15,5.0,1.0,1.0,2.0,1.0,1.0
11261,"Sales Representatives, Wholesale and Manufacturing, Technical and Scientific Products","Compute customer's installation or production costs and estimate savings from new services, products, or equipment.",yijia3,2025-05-15,3.0,1.0,2.0,3.0,2.0,2.0
740,Travel Agents,"Book transportation and hotel reservations, using computer or telephone.",yijia3,2025-05-15,5.0,1.0,1.0,1.0,1.0,1.0
4622,Telemarketers,"Record names, addresses, purchases, and reactions of prospects contacted.",yijia3,2025-05-15,5.0,1.0,1.0,1.0,2.0,2.0
7359,Tax Preparers,Prepare or assist in preparing simple to complex tax returns for individuals or small businesses.,yijia3,2025-05-15,4.0,1.0,1.0,3.0,1.0,2.0
3480,Computer Systems Analysts,"Read manuals, periodicals, and technical reports to learn how to develop programs that meet staff and user requirements.",yijia3,2025-05-15,4.0,1.0,1.0,3.0,1.0,2.0
20908,Proofreaders and Copy Markers,"Archive documents, conduct research, and read copy, using the internet and various computer programs.",yijia3,2025-05-15,4.0,1.0,1.0,3.0,1.0,2.0
20900,Travel Agents,"Record and maintain information on clients, vendors, and travel packages.",yijia3,2025-05-15,5.0,1.0,1.0,1.0,1.0,1.0
4621,Telemarketers,"Obtain customer information such as name, address, and payment method, and enter orders into computers.",yijia3,2025-05-15,4.0,1.0,1.0,1.0,3.0,2.0
23333,Insurance Claims and Policy Processing Clerks,"Obtain computer printout of policy cancellations, or retrieve cancellation cards from file.",yijia3,2025-05-15,4.0,2.0,1.0,1.0,1.0,2.0
11237,"Sales Representatives, Wholesale and Manufacturing, Technical and Scientific Products","Answer customers' questions about products, prices, availability, or credit terms.",yijia3,2025-05-15,4.0,1.0,1.0,2.0,3.0,2.0
4623,Telemarketers,Adjust sales scripts to better target the needs and interests of specific individuals.,yijia3,2025-05-15,4.0,1.0,1.0,3.0,3.0,2.0
19826,"Sales Representatives, Wholesale and Manufacturing, Technical and Scientific Products",Present information to customers about the energy efficiency or environmental impact of scientific or technical products.,yijia3,2025-05-15,4.0,1.0,1.0,3.0,3.0,2.0
7320,Financial Examiners,"Review balance sheets, operating income and expense accounts, and loan documentation to confirm institution assets and liabilities.",yijia3,2025-05-15,5.0,1.0,1.0,1.0,1.0,1.0
16262,Biostatisticians,Review clinical or other medical research protocols and recommend appropriate statistical analyses.,yijia3,2025-05-15,4.0,1.0,1.0,3.0,1.0,2.0
11249,"Sales Representatives, Wholesale and Manufacturing, Technical and Scientific Products","Inform customers of estimated delivery schedules, service contracts, warranties, or other information pertaining to purchased products.",yijia3,2025-05-15,5.0,1.0,1.0,1.0,1.0,1.0
12306,Power Distributors and Dispatchers,"Track conditions that could affect power needs, such as changes in the weather, and adjust equipment to meet any anticipated changes.",yijia,2025-05-22,2.0,3.0,4.0,4.0,3.0,5.0
